[0.292s] DEBUG:colcon:Command line arguments: ['/usr/bin/colcon', 'build']
[0.292s] DEBUG:colcon:Parsed command line arguments: Namespace(log_base=None, log_level=None, verb_name='build', build_base='build', install_base='install', merge_install=False, symlink_install=False, test_result_base=None, continue_on_error=False, executor='parallel', parallel_workers=8, event_handlers=None, ignore_user_meta=False, metas=['./colcon.meta'], base_paths=['.'], packages_ignore=None, packages_ignore_regex=None, paths=None, packages_up_to=None, packages_up_to_regex=None, packages_above=None, packages_above_and_dependencies=None, packages_above_depth=None, packages_select_by_dep=None, packages_skip_by_dep=None, packages_skip_up_to=None, packages_select_build_failed=False, packages_skip_build_finished=False, packages_select_test_failures=False, packages_skip_test_passed=False, packages_select=None, packages_skip=None, packages_select_regex=None, packages_skip_regex=None, packages_start=None, packages_end=None, allow_overriding=[], cmake_args=None, cmake_target=None, cmake_target_skip_unavailable=False, cmake_clean_cache=False, cmake_clean_first=False, cmake_force_configure=False, ament_cmake_args=None, catkin_cmake_args=None, catkin_skip_building_tests=False, mixin_files=None, mixin=None, verb_parser=<colcon_mixin.mixin.mixin_argument.MixinArgumentDecorator object at 0x7f4429a70f40>, verb_extension=<colcon_core.verb.build.BuildVerb object at 0x7f4429b76890>, main=<bound method BuildVerb.main of <colcon_core.verb.build.BuildVerb object at 0x7f4429b76890>>, mixin_verb=('build',))
[0.740s] Level 1:colcon.colcon_core.package_discovery:discover_packages(colcon_meta) check parameters
[0.740s] Level 1:colcon.colcon_core.package_discovery:discover_packages(recursive) check parameters
[0.740s] Level 1:colcon.colcon_core.package_discovery:discover_packages(ignore) check parameters
[0.740s] Level 1:colcon.colcon_core.package_discovery:discover_packages(path) check parameters
[0.740s] Level 1:colcon.colcon_core.package_discovery:discover_packages(colcon_meta) discover
[0.740s] Level 1:colcon.colcon_core.package_discovery:discover_packages(recursive) discover
[0.740s] INFO:colcon.colcon_core.package_discovery:Crawling recursively for packages in '/home/d-vinn/ros2_study/src/ros-turtle-control/ros-turtle-control'
[0.740s] Level 1:colcon.colcon_core.package_identification:_identify(.) by extensions ['ignore', 'ignore_ament_install']
[0.740s] Level 1:colcon.colcon_core.package_identification:_identify(.) by extension 'ignore'
[0.740s] Level 1:colcon.colcon_core.package_identification:_identify(.) by extension 'ignore_ament_install'
[0.740s] Level 1:colcon.colcon_core.package_identification:_identify(.) by extensions ['colcon_pkg']
[0.740s] Level 1:colcon.colcon_core.package_identification:_identify(.) by extension 'colcon_pkg'
[0.740s] Level 1:colcon.colcon_core.package_identification:_identify(.) by extensions ['colcon_meta']
[0.740s] Level 1:colcon.colcon_core.package_identification:_identify(.) by extension 'colcon_meta'
[0.740s] Level 1:colcon.colcon_core.package_identification:_identify(.) by extensions ['ros']
[0.740s] Level 1:colcon.colcon_core.package_identification:_identify(.) by extension 'ros'
[0.790s] Level 1:colcon.colcon_core.package_identification:_identify(.) by extensions ['cmake', 'python']
[0.790s] Level 1:colcon.colcon_core.package_identification:_identify(.) by extension 'cmake'
[0.790s] Level 1:colcon.colcon_core.package_identification:_identify(.) by extension 'python'
[0.790s] Level 1:colcon.colcon_core.package_identification:_identify(.) by extensions ['python_setup_py']
[0.790s] Level 1:colcon.colcon_core.package_identification:_identify(.) by extension 'python_setup_py'
[0.790s] Level 1:colcon.colcon_core.package_identification:_identify(build) by extensions ['ignore', 'ignore_ament_install']
[0.790s] Level 1:colcon.colcon_core.package_identification:_identify(build) by extension 'ignore'
[0.790s] Level 1:colcon.colcon_core.package_identification:_identify(build) ignored
[0.790s] Level 1:colcon.colcon_core.package_identification:_identify(gui) by extensions ['ignore', 'ignore_ament_install']
[0.790s] Level 1:colcon.colcon_core.package_identification:_identify(gui) by extension 'ignore'
[0.790s] Level 1:colcon.colcon_core.package_identification:_identify(gui) by extension 'ignore_ament_install'
[0.790s] Level 1:colcon.colcon_core.package_identification:_identify(gui) by extensions ['colcon_pkg']
[0.790s] Level 1:colcon.colcon_core.package_identification:_identify(gui) by extension 'colcon_pkg'
[0.790s] Level 1:colcon.colcon_core.package_identification:_identify(gui) by extensions ['colcon_meta']
[0.790s] Level 1:colcon.colcon_core.package_identification:_identify(gui) by extension 'colcon_meta'
[0.790s] Level 1:colcon.colcon_core.package_identification:_identify(gui) by extensions ['ros']
[0.790s] Level 1:colcon.colcon_core.package_identification:_identify(gui) by extension 'ros'
[0.790s] Level 1:colcon.colcon_core.package_identification:_identify(gui) by extensions ['cmake', 'python']
[0.790s] Level 1:colcon.colcon_core.package_identification:_identify(gui) by extension 'cmake'
[0.790s] Level 1:colcon.colcon_core.package_identification:_identify(gui) by extension 'python'
[0.790s] Level 1:colcon.colcon_core.package_identification:_identify(gui) by extensions ['python_setup_py']
[0.790s] Level 1:colcon.colcon_core.package_identification:_identify(gui) by extension 'python_setup_py'
[0.791s] Level 1:colcon.colcon_core.package_identification:_identify(gui/__pycache__) by extensions ['ignore', 'ignore_ament_install']
[0.791s] Level 1:colcon.colcon_core.package_identification:_identify(gui/__pycache__) by extension 'ignore'
[0.791s] Level 1:colcon.colcon_core.package_identification:_identify(gui/__pycache__) by extension 'ignore_ament_install'
[0.791s] Level 1:colcon.colcon_core.package_identification:_identify(gui/__pycache__) by extensions ['colcon_pkg']
[0.791s] Level 1:colcon.colcon_core.package_identification:_identify(gui/__pycache__) by extension 'colcon_pkg'
[0.791s] Level 1:colcon.colcon_core.package_identification:_identify(gui/__pycache__) by extensions ['colcon_meta']
[0.791s] Level 1:colcon.colcon_core.package_identification:_identify(gui/__pycache__) by extension 'colcon_meta'
[0.791s] Level 1:colcon.colcon_core.package_identification:_identify(gui/__pycache__) by extensions ['ros']
[0.791s] Level 1:colcon.colcon_core.package_identification:_identify(gui/__pycache__) by extension 'ros'
[0.791s] Level 1:colcon.colcon_core.package_identification:_identify(gui/__pycache__) by extensions ['cmake', 'python']
[0.791s] Level 1:colcon.colcon_core.package_identification:_identify(gui/__pycache__) by extension 'cmake'
[0.791s] Level 1:colcon.colcon_core.package_identification:_identify(gui/__pycache__) by extension 'python'
[0.791s] Level 1:colcon.colcon_core.package_identification:_identify(gui/__pycache__) by extensions ['python_setup_py']
[0.791s] Level 1:colcon.colcon_core.package_identification:_identify(gui/__pycache__) by extension 'python_setup_py'
[0.791s] Level 1:colcon.colcon_core.package_identification:_identify(install) by extensions ['ignore', 'ignore_ament_install']
[0.791s] Level 1:colcon.colcon_core.package_identification:_identify(install) by extension 'ignore'
[0.791s] Level 1:colcon.colcon_core.package_identification:_identify(install) ignored
[0.791s] Level 1:colcon.colcon_core.package_identification:_identify(log) by extensions ['ignore', 'ignore_ament_install']
[0.791s] Level 1:colcon.colcon_core.package_identification:_identify(log) by extension 'ignore'
[0.791s] Level 1:colcon.colcon_core.package_identification:_identify(log) ignored
[0.791s] Level 1:colcon.colcon_core.package_identification:_identify(ros_pkg) by extensions ['ignore', 'ignore_ament_install']
[0.791s] Level 1:colcon.colcon_core.package_identification:_identify(ros_pkg) by extension 'ignore'
[0.792s] Level 1:colcon.colcon_core.package_identification:_identify(ros_pkg) by extension 'ignore_ament_install'
[0.792s] Level 1:colcon.colcon_core.package_identification:_identify(ros_pkg) by extensions ['colcon_pkg']
[0.792s] Level 1:colcon.colcon_core.package_identification:_identify(ros_pkg) by extension 'colcon_pkg'
[0.792s] Level 1:colcon.colcon_core.package_identification:_identify(ros_pkg) by extensions ['colcon_meta']
[0.792s] Level 1:colcon.colcon_core.package_identification:_identify(ros_pkg) by extension 'colcon_meta'
[0.792s] Level 1:colcon.colcon_core.package_identification:_identify(ros_pkg) by extensions ['ros']
[0.792s] Level 1:colcon.colcon_core.package_identification:_identify(ros_pkg) by extension 'ros'
[0.795s] DEBUG:colcon.colcon_core.package_identification:Package 'ros_pkg' with type 'ros.ament_cmake' and name 'ros_pkg'
[0.795s] Level 1:colcon.colcon_core.package_identification:_identify(rospyvenv) by extensions ['ignore', 'ignore_ament_install']
[0.796s] Level 1:colcon.colcon_core.package_identification:_identify(rospyvenv) by extension 'ignore'
[0.796s] Level 1:colcon.colcon_core.package_identification:_identify(rospyvenv) by extension 'ignore_ament_install'
[0.796s] Level 1:colcon.colcon_core.package_identification:_identify(rospyvenv) by extensions ['colcon_pkg']
[0.796s] Level 1:colcon.colcon_core.package_identification:_identify(rospyvenv) by extension 'colcon_pkg'
[0.796s] Level 1:colcon.colcon_core.package_identification:_identify(rospyvenv) by extensions ['colcon_meta']
[0.796s] Level 1:colcon.colcon_core.package_identification:_identify(rospyvenv) by extension 'colcon_meta'
[0.796s] Level 1:colcon.colcon_core.package_identification:_identify(rospyvenv) by extensions ['ros']
[0.796s] Level 1:colcon.colcon_core.package_identification:_identify(rospyvenv) by extension 'ros'
[0.796s] Level 1:colcon.colcon_core.package_identification:_identify(rospyvenv) by extensions ['cmake', 'python']
[0.796s] Level 1:colcon.colcon_core.package_identification:_identify(rospyvenv) by extension 'cmake'
[0.796s] Level 1:colcon.colcon_core.package_identification:_identify(rospyvenv) by extension 'python'
[0.796s] Level 1:colcon.colcon_core.package_identification:_identify(rospyvenv) by extensions ['python_setup_py']
[0.796s] Level 1:colcon.colcon_core.package_identification:_identify(rospyvenv) by extension 'python_setup_py'
[0.796s] Level 1:colcon.colcon_core.package_identification:_identify(rospyvenv/bin) by extensions ['ignore', 'ignore_ament_install']
[0.796s] Level 1:colcon.colcon_core.package_identification:_identify(rospyvenv/bin) by extension 'ignore'
[0.796s] Level 1:colcon.colcon_core.package_identification:_identify(rospyvenv/bin) by extension 'ignore_ament_install'
[0.796s] Level 1:colcon.colcon_core.package_identification:_identify(rospyvenv/bin) by extensions ['colcon_pkg']
[0.796s] Level 1:colcon.colcon_core.package_identification:_identify(rospyvenv/bin) by extension 'colcon_pkg'
[0.796s] Level 1:colcon.colcon_core.package_identification:_identify(rospyvenv/bin) by extensions ['colcon_meta']
[0.796s] Level 1:colcon.colcon_core.package_identification:_identify(rospyvenv/bin) by extension 'colcon_meta'
[0.796s] Level 1:colcon.colcon_core.package_identification:_identify(rospyvenv/bin) by extensions ['ros']
[0.796s] Level 1:colcon.colcon_core.package_identification:_identify(rospyvenv/bin) by extension 'ros'
[0.796s] Level 1:colcon.colcon_core.package_identification:_identify(rospyvenv/bin) by extensions ['cmake', 'python']
[0.796s] Level 1:colcon.colcon_core.package_identification:_identify(rospyvenv/bin) by extension 'cmake'
[0.796s] Level 1:colcon.colcon_core.package_identification:_identify(rospyvenv/bin) by extension 'python'
[0.797s] Level 1:colcon.colcon_core.package_identification:_identify(rospyvenv/bin) by extensions ['python_setup_py']
[0.797s] Level 1:colcon.colcon_core.package_identification:_identify(rospyvenv/bin) by extension 'python_setup_py'
[0.797s] Level 1:colcon.colcon_core.package_identification:_identify(rospyvenv/include) by extensions ['ignore', 'ignore_ament_install']
[0.797s] Level 1:colcon.colcon_core.package_identification:_identify(rospyvenv/include) by extension 'ignore'
[0.797s] Level 1:colcon.colcon_core.package_identification:_identify(rospyvenv/include) by extension 'ignore_ament_install'
[0.797s] Level 1:colcon.colcon_core.package_identification:_identify(rospyvenv/include) by extensions ['colcon_pkg']
[0.797s] Level 1:colcon.colcon_core.package_identification:_identify(rospyvenv/include) by extension 'colcon_pkg'
[0.797s] Level 1:colcon.colcon_core.package_identification:_identify(rospyvenv/include) by extensions ['colcon_meta']
[0.797s] Level 1:colcon.colcon_core.package_identification:_identify(rospyvenv/include) by extension 'colcon_meta'
[0.797s] Level 1:colcon.colcon_core.package_identification:_identify(rospyvenv/include) by extensions ['ros']
[0.797s] Level 1:colcon.colcon_core.package_identification:_identify(rospyvenv/include) by extension 'ros'
[0.797s] Level 1:colcon.colcon_core.package_identification:_identify(rospyvenv/include) by extensions ['cmake', 'python']
[0.798s] Level 1:colcon.colcon_core.package_identification:_identify(rospyvenv/include) by extension 'cmake'
[0.798s] Level 1:colcon.colcon_core.package_identification:_identify(rospyvenv/include) by extension 'python'
[0.798s] Level 1:colcon.colcon_core.package_identification:_identify(rospyvenv/include) by extensions ['python_setup_py']
[0.798s] Level 1:colcon.colcon_core.package_identification:_identify(rospyvenv/include) by extension 'python_setup_py'
[0.798s] Level 1:colcon.colcon_core.package_identification:_identify(rospyvenv/lib) by extensions ['ignore', 'ignore_ament_install']
[0.798s] Level 1:colcon.colcon_core.package_identification:_identify(rospyvenv/lib) by extension 'ignore'
[0.798s] Level 1:colcon.colcon_core.package_identification:_identify(rospyvenv/lib) by extension 'ignore_ament_install'
[0.798s] Level 1:colcon.colcon_core.package_identification:_identify(rospyvenv/lib) by extensions ['colcon_pkg']
[0.798s] Level 1:colcon.colcon_core.package_identification:_identify(rospyvenv/lib) by extension 'colcon_pkg'
[0.798s] Level 1:colcon.colcon_core.package_identification:_identify(rospyvenv/lib) by extensions ['colcon_meta']
[0.798s] Level 1:colcon.colcon_core.package_identification:_identify(rospyvenv/lib) by extension 'colcon_meta'
[0.798s] Level 1:colcon.colcon_core.package_identification:_identify(rospyvenv/lib) by extensions ['ros']
[0.798s] Level 1:colcon.colcon_core.package_identification:_identify(rospyvenv/lib) by extension 'ros'
[0.798s] Level 1:colcon.colcon_core.package_identification:_identify(rospyvenv/lib) by extensions ['cmake', 'python']
[0.798s] Level 1:colcon.colcon_core.package_identification:_identify(rospyvenv/lib) by extension 'cmake'
[0.799s] Level 1:colcon.colcon_core.package_identification:_identify(rospyvenv/lib) by extension 'python'
[0.799s] Level 1:colcon.colcon_core.package_identification:_identify(rospyvenv/lib) by extensions ['python_setup_py']
[0.799s] Level 1:colcon.colcon_core.package_identification:_identify(rospyvenv/lib) by extension 'python_setup_py'
[0.799s] Level 1:colcon.colcon_core.package_identification:_identify(rospyvenv/lib/python3.10) by extensions ['ignore', 'ignore_ament_install']
[0.799s] Level 1:colcon.colcon_core.package_identification:_identify(rospyvenv/lib/python3.10) by extension 'ignore'
[0.799s] Level 1:colcon.colcon_core.package_identification:_identify(rospyvenv/lib/python3.10) by extension 'ignore_ament_install'
[0.799s] Level 1:colcon.colcon_core.package_identification:_identify(rospyvenv/lib/python3.10) by extensions ['colcon_pkg']
[0.799s] Level 1:colcon.colcon_core.package_identification:_identify(rospyvenv/lib/python3.10) by extension 'colcon_pkg'
[0.799s] Level 1:colcon.colcon_core.package_identification:_identify(rospyvenv/lib/python3.10) by extensions ['colcon_meta']
[0.799s] Level 1:colcon.colcon_core.package_identification:_identify(rospyvenv/lib/python3.10) by extension 'colcon_meta'
[0.799s] Level 1:colcon.colcon_core.package_identification:_identify(rospyvenv/lib/python3.10) by extensions ['ros']
[0.799s] Level 1:colcon.colcon_core.package_identification:_identify(rospyvenv/lib/python3.10) by extension 'ros'
[0.799s] Level 1:colcon.colcon_core.package_identification:_identify(rospyvenv/lib/python3.10) by extensions ['cmake', 'python']
[0.799s] Level 1:colcon.colcon_core.package_identification:_identify(rospyvenv/lib/python3.10) by extension 'cmake'
[0.800s] Level 1:colcon.colcon_core.package_identification:_identify(rospyvenv/lib/python3.10) by extension 'python'
[0.800s] Level 1:colcon.colcon_core.package_identification:_identify(rospyvenv/lib/python3.10) by extensions ['python_setup_py']
[0.800s] Level 1:colcon.colcon_core.package_identification:_identify(rospyvenv/lib/python3.10) by extension 'python_setup_py'
[0.800s] Level 1:colcon.colcon_core.package_identification:_identify(rospyvenv/lib/python3.10/site-packages) by extensions ['ignore', 'ignore_ament_install']
[0.800s] Level 1:colcon.colcon_core.package_identification:_identify(rospyvenv/lib/python3.10/site-packages) by extension 'ignore'
[0.800s] Level 1:colcon.colcon_core.package_identification:_identify(rospyvenv/lib/python3.10/site-packages) by extension 'ignore_ament_install'
[0.800s] Level 1:colcon.colcon_core.package_identification:_identify(rospyvenv/lib/python3.10/site-packages) by extensions ['colcon_pkg']
[0.800s] Level 1:colcon.colcon_core.package_identification:_identify(rospyvenv/lib/python3.10/site-packages) by extension 'colcon_pkg'
[0.800s] Level 1:colcon.colcon_core.package_identification:_identify(rospyvenv/lib/python3.10/site-packages) by extensions ['colcon_meta']
[0.800s] Level 1:colcon.colcon_core.package_identification:_identify(rospyvenv/lib/python3.10/site-packages) by extension 'colcon_meta'
[0.800s] Level 1:colcon.colcon_core.package_identification:_identify(rospyvenv/lib/python3.10/site-packages) by extensions ['ros']
[0.800s] Level 1:colcon.colcon_core.package_identification:_identify(rospyvenv/lib/python3.10/site-packages) by extension 'ros'
[0.800s] Level 1:colcon.colcon_core.package_identification:_identify(rospyvenv/lib/python3.10/site-packages) by extensions ['cmake', 'python']
[0.800s] Level 1:colcon.colcon_core.package_identification:_identify(rospyvenv/lib/python3.10/site-packages) by extension 'cmake'
[0.800s] Level 1:colcon.colcon_core.package_identification:_identify(rospyvenv/lib/python3.10/site-packages) by extension 'python'
[0.801s] Level 1:colcon.colcon_core.package_identification:_identify(rospyvenv/lib/python3.10/site-packages) by extensions ['python_setup_py']
[0.801s] Level 1:colcon.colcon_core.package_identification:_identify(rospyvenv/lib/python3.10/site-packages) by extension 'python_setup_py'
[0.801s] Level 1:colcon.colcon_core.package_identification:_identify(rospyvenv/lib/python3.10/site-packages/PyQt5) by extensions ['ignore', 'ignore_ament_install']
[0.801s] Level 1:colcon.colcon_core.package_identification:_identify(rospyvenv/lib/python3.10/site-packages/PyQt5) by extension 'ignore'
[0.801s] Level 1:colcon.colcon_core.package_identification:_identify(rospyvenv/lib/python3.10/site-packages/PyQt5) by extension 'ignore_ament_install'
[0.801s] Level 1:colcon.colcon_core.package_identification:_identify(rospyvenv/lib/python3.10/site-packages/PyQt5) by extensions ['colcon_pkg']
[0.801s] Level 1:colcon.colcon_core.package_identification:_identify(rospyvenv/lib/python3.10/site-packages/PyQt5) by extension 'colcon_pkg'
[0.801s] Level 1:colcon.colcon_core.package_identification:_identify(rospyvenv/lib/python3.10/site-packages/PyQt5) by extensions ['colcon_meta']
[0.801s] Level 1:colcon.colcon_core.package_identification:_identify(rospyvenv/lib/python3.10/site-packages/PyQt5) by extension 'colcon_meta'
[0.801s] Level 1:colcon.colcon_core.package_identification:_identify(rospyvenv/lib/python3.10/site-packages/PyQt5) by extensions ['ros']
[0.801s] Level 1:colcon.colcon_core.package_identification:_identify(rospyvenv/lib/python3.10/site-packages/PyQt5) by extension 'ros'
[0.802s] Level 1:colcon.colcon_core.package_identification:_identify(rospyvenv/lib/python3.10/site-packages/PyQt5) by extensions ['cmake', 'python']
[0.802s] Level 1:colcon.colcon_core.package_identification:_identify(rospyvenv/lib/python3.10/site-packages/PyQt5) by extension 'cmake'
[0.802s] Level 1:colcon.colcon_core.package_identification:_identify(rospyvenv/lib/python3.10/site-packages/PyQt5) by extension 'python'
[0.802s] Level 1:colcon.colcon_core.package_identification:_identify(rospyvenv/lib/python3.10/site-packages/PyQt5) by extensions ['python_setup_py']
[0.802s] Level 1:colcon.colcon_core.package_identification:_identify(rospyvenv/lib/python3.10/site-packages/PyQt5) by extension 'python_setup_py'
[0.802s] Level 1:colcon.colcon_core.package_identification:_identify(rospyvenv/lib/python3.10/site-packages/PyQt5/Qt5) by extensions ['ignore', 'ignore_ament_install']
[0.802s] Level 1:colcon.colcon_core.package_identification:_identify(rospyvenv/lib/python3.10/site-packages/PyQt5/Qt5) by extension 'ignore'
[0.802s] Level 1:colcon.colcon_core.package_identification:_identify(rospyvenv/lib/python3.10/site-packages/PyQt5/Qt5) by extension 'ignore_ament_install'
[0.802s] Level 1:colcon.colcon_core.package_identification:_identify(rospyvenv/lib/python3.10/site-packages/PyQt5/Qt5) by extensions ['colcon_pkg']
[0.802s] Level 1:colcon.colcon_core.package_identification:_identify(rospyvenv/lib/python3.10/site-packages/PyQt5/Qt5) by extension 'colcon_pkg'
[0.803s] Level 1:colcon.colcon_core.package_identification:_identify(rospyvenv/lib/python3.10/site-packages/PyQt5/Qt5) by extensions ['colcon_meta']
[0.803s] Level 1:colcon.colcon_core.package_identification:_identify(rospyvenv/lib/python3.10/site-packages/PyQt5/Qt5) by extension 'colcon_meta'
[0.803s] Level 1:colcon.colcon_core.package_identification:_identify(rospyvenv/lib/python3.10/site-packages/PyQt5/Qt5) by extensions ['ros']
[0.803s] Level 1:colcon.colcon_core.package_identification:_identify(rospyvenv/lib/python3.10/site-packages/PyQt5/Qt5) by extension 'ros'
[0.803s] Level 1:colcon.colcon_core.package_identification:_identify(rospyvenv/lib/python3.10/site-packages/PyQt5/Qt5) by extensions ['cmake', 'python']
[0.803s] Level 1:colcon.colcon_core.package_identification:_identify(rospyvenv/lib/python3.10/site-packages/PyQt5/Qt5) by extension 'cmake'
[0.803s] Level 1:colcon.colcon_core.package_identification:_identify(rospyvenv/lib/python3.10/site-packages/PyQt5/Qt5) by extension 'python'
[0.803s] Level 1:colcon.colcon_core.package_identification:_identify(rospyvenv/lib/python3.10/site-packages/PyQt5/Qt5) by extensions ['python_setup_py']
[0.803s] Level 1:colcon.colcon_core.package_identification:_identify(rospyvenv/lib/python3.10/site-packages/PyQt5/Qt5) by extension 'python_setup_py'
[0.803s] Level 1:colcon.colcon_core.package_identification:_identify(rospyvenv/lib/python3.10/site-packages/PyQt5/Qt5/lib) by extensions ['ignore', 'ignore_ament_install']
[0.803s] Level 1:colcon.colcon_core.package_identification:_identify(rospyvenv/lib/python3.10/site-packages/PyQt5/Qt5/lib) by extension 'ignore'
[0.803s] Level 1:colcon.colcon_core.package_identification:_identify(rospyvenv/lib/python3.10/site-packages/PyQt5/Qt5/lib) by extension 'ignore_ament_install'
[0.803s] Level 1:colcon.colcon_core.package_identification:_identify(rospyvenv/lib/python3.10/site-packages/PyQt5/Qt5/lib) by extensions ['colcon_pkg']
[0.803s] Level 1:colcon.colcon_core.package_identification:_identify(rospyvenv/lib/python3.10/site-packages/PyQt5/Qt5/lib) by extension 'colcon_pkg'
[0.803s] Level 1:colcon.colcon_core.package_identification:_identify(rospyvenv/lib/python3.10/site-packages/PyQt5/Qt5/lib) by extensions ['colcon_meta']
[0.804s] Level 1:colcon.colcon_core.package_identification:_identify(rospyvenv/lib/python3.10/site-packages/PyQt5/Qt5/lib) by extension 'colcon_meta'
[0.804s] Level 1:colcon.colcon_core.package_identification:_identify(rospyvenv/lib/python3.10/site-packages/PyQt5/Qt5/lib) by extensions ['ros']
[0.804s] Level 1:colcon.colcon_core.package_identification:_identify(rospyvenv/lib/python3.10/site-packages/PyQt5/Qt5/lib) by extension 'ros'
[0.804s] Level 1:colcon.colcon_core.package_identification:_identify(rospyvenv/lib/python3.10/site-packages/PyQt5/Qt5/lib) by extensions ['cmake', 'python']
[0.804s] Level 1:colcon.colcon_core.package_identification:_identify(rospyvenv/lib/python3.10/site-packages/PyQt5/Qt5/lib) by extension 'cmake'
[0.804s] Level 1:colcon.colcon_core.package_identification:_identify(rospyvenv/lib/python3.10/site-packages/PyQt5/Qt5/lib) by extension 'python'
[0.804s] Level 1:colcon.colcon_core.package_identification:_identify(rospyvenv/lib/python3.10/site-packages/PyQt5/Qt5/lib) by extensions ['python_setup_py']
[0.804s] Level 1:colcon.colcon_core.package_identification:_identify(rospyvenv/lib/python3.10/site-packages/PyQt5/Qt5/lib) by extension 'python_setup_py'
[0.804s] Level 1:colcon.colcon_core.package_identification:_identify(rospyvenv/lib/python3.10/site-packages/PyQt5/Qt5/plugins) by extensions ['ignore', 'ignore_ament_install']
[0.804s] Level 1:colcon.colcon_core.package_identification:_identify(rospyvenv/lib/python3.10/site-packages/PyQt5/Qt5/plugins) by extension 'ignore'
[0.804s] Level 1:colcon.colcon_core.package_identification:_identify(rospyvenv/lib/python3.10/site-packages/PyQt5/Qt5/plugins) by extension 'ignore_ament_install'
[0.804s] Level 1:colcon.colcon_core.package_identification:_identify(rospyvenv/lib/python3.10/site-packages/PyQt5/Qt5/plugins) by extensions ['colcon_pkg']
[0.804s] Level 1:colcon.colcon_core.package_identification:_identify(rospyvenv/lib/python3.10/site-packages/PyQt5/Qt5/plugins) by extension 'colcon_pkg'
[0.804s] Level 1:colcon.colcon_core.package_identification:_identify(rospyvenv/lib/python3.10/site-packages/PyQt5/Qt5/plugins) by extensions ['colcon_meta']
[0.804s] Level 1:colcon.colcon_core.package_identification:_identify(rospyvenv/lib/python3.10/site-packages/PyQt5/Qt5/plugins) by extension 'colcon_meta'
[0.804s] Level 1:colcon.colcon_core.package_identification:_identify(rospyvenv/lib/python3.10/site-packages/PyQt5/Qt5/plugins) by extensions ['ros']
[0.804s] Level 1:colcon.colcon_core.package_identification:_identify(rospyvenv/lib/python3.10/site-packages/PyQt5/Qt5/plugins) by extension 'ros'
[0.805s] Level 1:colcon.colcon_core.package_identification:_identify(rospyvenv/lib/python3.10/site-packages/PyQt5/Qt5/plugins) by extensions ['cmake', 'python']
[0.805s] Level 1:colcon.colcon_core.package_identification:_identify(rospyvenv/lib/python3.10/site-packages/PyQt5/Qt5/plugins) by extension 'cmake'
[0.805s] Level 1:colcon.colcon_core.package_identification:_identify(rospyvenv/lib/python3.10/site-packages/PyQt5/Qt5/plugins) by extension 'python'
[0.805s] Level 1:colcon.colcon_core.package_identification:_identify(rospyvenv/lib/python3.10/site-packages/PyQt5/Qt5/plugins) by extensions ['python_setup_py']
[0.805s] Level 1:colcon.colcon_core.package_identification:_identify(rospyvenv/lib/python3.10/site-packages/PyQt5/Qt5/plugins) by extension 'python_setup_py'
[0.805s] Level 1:colcon.colcon_core.package_identification:_identify(rospyvenv/lib/python3.10/site-packages/PyQt5/Qt5/plugins/assetimporters) by extensions ['ignore', 'ignore_ament_install']
[0.805s] Level 1:colcon.colcon_core.package_identification:_identify(rospyvenv/lib/python3.10/site-packages/PyQt5/Qt5/plugins/assetimporters) by extension 'ignore'
[0.805s] Level 1:colcon.colcon_core.package_identification:_identify(rospyvenv/lib/python3.10/site-packages/PyQt5/Qt5/plugins/assetimporters) by extension 'ignore_ament_install'
[0.805s] Level 1:colcon.colcon_core.package_identification:_identify(rospyvenv/lib/python3.10/site-packages/PyQt5/Qt5/plugins/assetimporters) by extensions ['colcon_pkg']
[0.805s] Level 1:colcon.colcon_core.package_identification:_identify(rospyvenv/lib/python3.10/site-packages/PyQt5/Qt5/plugins/assetimporters) by extension 'colcon_pkg'
[0.805s] Level 1:colcon.colcon_core.package_identification:_identify(rospyvenv/lib/python3.10/site-packages/PyQt5/Qt5/plugins/assetimporters) by extensions ['colcon_meta']
[0.805s] Level 1:colcon.colcon_core.package_identification:_identify(rospyvenv/lib/python3.10/site-packages/PyQt5/Qt5/plugins/assetimporters) by extension 'colcon_meta'
[0.805s] Level 1:colcon.colcon_core.package_identification:_identify(rospyvenv/lib/python3.10/site-packages/PyQt5/Qt5/plugins/assetimporters) by extensions ['ros']
[0.805s] Level 1:colcon.colcon_core.package_identification:_identify(rospyvenv/lib/python3.10/site-packages/PyQt5/Qt5/plugins/assetimporters) by extension 'ros'
[0.806s] Level 1:colcon.colcon_core.package_identification:_identify(rospyvenv/lib/python3.10/site-packages/PyQt5/Qt5/plugins/assetimporters) by extensions ['cmake', 'python']
[0.806s] Level 1:colcon.colcon_core.package_identification:_identify(rospyvenv/lib/python3.10/site-packages/PyQt5/Qt5/plugins/assetimporters) by extension 'cmake'
[0.806s] Level 1:colcon.colcon_core.package_identification:_identify(rospyvenv/lib/python3.10/site-packages/PyQt5/Qt5/plugins/assetimporters) by extension 'python'
[0.806s] Level 1:colcon.colcon_core.package_identification:_identify(rospyvenv/lib/python3.10/site-packages/PyQt5/Qt5/plugins/assetimporters) by extensions ['python_setup_py']
[0.806s] Level 1:colcon.colcon_core.package_identification:_identify(rospyvenv/lib/python3.10/site-packages/PyQt5/Qt5/plugins/assetimporters) by extension 'python_setup_py'
[0.806s] Level 1:colcon.colcon_core.package_identification:_identify(rospyvenv/lib/python3.10/site-packages/PyQt5/Qt5/plugins/audio) by extensions ['ignore', 'ignore_ament_install']
[0.806s] Level 1:colcon.colcon_core.package_identification:_identify(rospyvenv/lib/python3.10/site-packages/PyQt5/Qt5/plugins/audio) by extension 'ignore'
[0.806s] Level 1:colcon.colcon_core.package_identification:_identify(rospyvenv/lib/python3.10/site-packages/PyQt5/Qt5/plugins/audio) by extension 'ignore_ament_install'
[0.806s] Level 1:colcon.colcon_core.package_identification:_identify(rospyvenv/lib/python3.10/site-packages/PyQt5/Qt5/plugins/audio) by extensions ['colcon_pkg']
[0.806s] Level 1:colcon.colcon_core.package_identification:_identify(rospyvenv/lib/python3.10/site-packages/PyQt5/Qt5/plugins/audio) by extension 'colcon_pkg'
[0.806s] Level 1:colcon.colcon_core.package_identification:_identify(rospyvenv/lib/python3.10/site-packages/PyQt5/Qt5/plugins/audio) by extensions ['colcon_meta']
[0.806s] Level 1:colcon.colcon_core.package_identification:_identify(rospyvenv/lib/python3.10/site-packages/PyQt5/Qt5/plugins/audio) by extension 'colcon_meta'
[0.806s] Level 1:colcon.colcon_core.package_identification:_identify(rospyvenv/lib/python3.10/site-packages/PyQt5/Qt5/plugins/audio) by extensions ['ros']
[0.806s] Level 1:colcon.colcon_core.package_identification:_identify(rospyvenv/lib/python3.10/site-packages/PyQt5/Qt5/plugins/audio) by extension 'ros'
[0.806s] Level 1:colcon.colcon_core.package_identification:_identify(rospyvenv/lib/python3.10/site-packages/PyQt5/Qt5/plugins/audio) by extensions ['cmake', 'python']
[0.806s] Level 1:colcon.colcon_core.package_identification:_identify(rospyvenv/lib/python3.10/site-packages/PyQt5/Qt5/plugins/audio) by extension 'cmake'
[0.807s] Level 1:colcon.colcon_core.package_identification:_identify(rospyvenv/lib/python3.10/site-packages/PyQt5/Qt5/plugins/audio) by extension 'python'
[0.807s] Level 1:colcon.colcon_core.package_identification:_identify(rospyvenv/lib/python3.10/site-packages/PyQt5/Qt5/plugins/audio) by extensions ['python_setup_py']
[0.807s] Level 1:colcon.colcon_core.package_identification:_identify(rospyvenv/lib/python3.10/site-packages/PyQt5/Qt5/plugins/audio) by extension 'python_setup_py'
[0.807s] Level 1:colcon.colcon_core.package_identification:_identify(rospyvenv/lib/python3.10/site-packages/PyQt5/Qt5/plugins/bearer) by extensions ['ignore', 'ignore_ament_install']
[0.807s] Level 1:colcon.colcon_core.package_identification:_identify(rospyvenv/lib/python3.10/site-packages/PyQt5/Qt5/plugins/bearer) by extension 'ignore'
[0.807s] Level 1:colcon.colcon_core.package_identification:_identify(rospyvenv/lib/python3.10/site-packages/PyQt5/Qt5/plugins/bearer) by extension 'ignore_ament_install'
[0.807s] Level 1:colcon.colcon_core.package_identification:_identify(rospyvenv/lib/python3.10/site-packages/PyQt5/Qt5/plugins/bearer) by extensions ['colcon_pkg']
[0.807s] Level 1:colcon.colcon_core.package_identification:_identify(rospyvenv/lib/python3.10/site-packages/PyQt5/Qt5/plugins/bearer) by extension 'colcon_pkg'
[0.807s] Level 1:colcon.colcon_core.package_identification:_identify(rospyvenv/lib/python3.10/site-packages/PyQt5/Qt5/plugins/bearer) by extensions ['colcon_meta']
[0.807s] Level 1:colcon.colcon_core.package_identification:_identify(rospyvenv/lib/python3.10/site-packages/PyQt5/Qt5/plugins/bearer) by extension 'colcon_meta'
[0.807s] Level 1:colcon.colcon_core.package_identification:_identify(rospyvenv/lib/python3.10/site-packages/PyQt5/Qt5/plugins/bearer) by extensions ['ros']
[0.807s] Level 1:colcon.colcon_core.package_identification:_identify(rospyvenv/lib/python3.10/site-packages/PyQt5/Qt5/plugins/bearer) by extension 'ros'
[0.807s] Level 1:colcon.colcon_core.package_identification:_identify(rospyvenv/lib/python3.10/site-packages/PyQt5/Qt5/plugins/bearer) by extensions ['cmake', 'python']
[0.807s] Level 1:colcon.colcon_core.package_identification:_identify(rospyvenv/lib/python3.10/site-packages/PyQt5/Qt5/plugins/bearer) by extension 'cmake'
[0.807s] Level 1:colcon.colcon_core.package_identification:_identify(rospyvenv/lib/python3.10/site-packages/PyQt5/Qt5/plugins/bearer) by extension 'python'
[0.807s] Level 1:colcon.colcon_core.package_identification:_identify(rospyvenv/lib/python3.10/site-packages/PyQt5/Qt5/plugins/bearer) by extensions ['python_setup_py']
[0.807s] Level 1:colcon.colcon_core.package_identification:_identify(rospyvenv/lib/python3.10/site-packages/PyQt5/Qt5/plugins/bearer) by extension 'python_setup_py'
[0.808s] Level 1:colcon.colcon_core.package_identification:_identify(rospyvenv/lib/python3.10/site-packages/PyQt5/Qt5/plugins/generic) by extensions ['ignore', 'ignore_ament_install']
[0.808s] Level 1:colcon.colcon_core.package_identification:_identify(rospyvenv/lib/python3.10/site-packages/PyQt5/Qt5/plugins/generic) by extension 'ignore'
[0.808s] Level 1:colcon.colcon_core.package_identification:_identify(rospyvenv/lib/python3.10/site-packages/PyQt5/Qt5/plugins/generic) by extension 'ignore_ament_install'
[0.808s] Level 1:colcon.colcon_core.package_identification:_identify(rospyvenv/lib/python3.10/site-packages/PyQt5/Qt5/plugins/generic) by extensions ['colcon_pkg']
[0.808s] Level 1:colcon.colcon_core.package_identification:_identify(rospyvenv/lib/python3.10/site-packages/PyQt5/Qt5/plugins/generic) by extension 'colcon_pkg'
[0.808s] Level 1:colcon.colcon_core.package_identification:_identify(rospyvenv/lib/python3.10/site-packages/PyQt5/Qt5/plugins/generic) by extensions ['colcon_meta']
[0.808s] Level 1:colcon.colcon_core.package_identification:_identify(rospyvenv/lib/python3.10/site-packages/PyQt5/Qt5/plugins/generic) by extension 'colcon_meta'
[0.808s] Level 1:colcon.colcon_core.package_identification:_identify(rospyvenv/lib/python3.10/site-packages/PyQt5/Qt5/plugins/generic) by extensions ['ros']
[0.808s] Level 1:colcon.colcon_core.package_identification:_identify(rospyvenv/lib/python3.10/site-packages/PyQt5/Qt5/plugins/generic) by extension 'ros'
[0.808s] Level 1:colcon.colcon_core.package_identification:_identify(rospyvenv/lib/python3.10/site-packages/PyQt5/Qt5/plugins/generic) by extensions ['cmake', 'python']
[0.808s] Level 1:colcon.colcon_core.package_identification:_identify(rospyvenv/lib/python3.10/site-packages/PyQt5/Qt5/plugins/generic) by extension 'cmake'
[0.808s] Level 1:colcon.colcon_core.package_identification:_identify(rospyvenv/lib/python3.10/site-packages/PyQt5/Qt5/plugins/generic) by extension 'python'
[0.808s] Level 1:colcon.colcon_core.package_identification:_identify(rospyvenv/lib/python3.10/site-packages/PyQt5/Qt5/plugins/generic) by extensions ['python_setup_py']
[0.808s] Level 1:colcon.colcon_core.package_identification:_identify(rospyvenv/lib/python3.10/site-packages/PyQt5/Qt5/plugins/generic) by extension 'python_setup_py'
[0.809s] Level 1:colcon.colcon_core.package_identification:_identify(rospyvenv/lib/python3.10/site-packages/PyQt5/Qt5/plugins/geometryloaders) by extensions ['ignore', 'ignore_ament_install']
[0.809s] Level 1:colcon.colcon_core.package_identification:_identify(rospyvenv/lib/python3.10/site-packages/PyQt5/Qt5/plugins/geometryloaders) by extension 'ignore'
[0.809s] Level 1:colcon.colcon_core.package_identification:_identify(rospyvenv/lib/python3.10/site-packages/PyQt5/Qt5/plugins/geometryloaders) by extension 'ignore_ament_install'
[0.809s] Level 1:colcon.colcon_core.package_identification:_identify(rospyvenv/lib/python3.10/site-packages/PyQt5/Qt5/plugins/geometryloaders) by extensions ['colcon_pkg']
[0.809s] Level 1:colcon.colcon_core.package_identification:_identify(rospyvenv/lib/python3.10/site-packages/PyQt5/Qt5/plugins/geometryloaders) by extension 'colcon_pkg'
[0.809s] Level 1:colcon.colcon_core.package_identification:_identify(rospyvenv/lib/python3.10/site-packages/PyQt5/Qt5/plugins/geometryloaders) by extensions ['colcon_meta']
[0.809s] Level 1:colcon.colcon_core.package_identification:_identify(rospyvenv/lib/python3.10/site-packages/PyQt5/Qt5/plugins/geometryloaders) by extension 'colcon_meta'
[0.809s] Level 1:colcon.colcon_core.package_identification:_identify(rospyvenv/lib/python3.10/site-packages/PyQt5/Qt5/plugins/geometryloaders) by extensions ['ros']
[0.809s] Level 1:colcon.colcon_core.package_identification:_identify(rospyvenv/lib/python3.10/site-packages/PyQt5/Qt5/plugins/geometryloaders) by extension 'ros'
[0.809s] Level 1:colcon.colcon_core.package_identification:_identify(rospyvenv/lib/python3.10/site-packages/PyQt5/Qt5/plugins/geometryloaders) by extensions ['cmake', 'python']
[0.809s] Level 1:colcon.colcon_core.package_identification:_identify(rospyvenv/lib/python3.10/site-packages/PyQt5/Qt5/plugins/geometryloaders) by extension 'cmake'
[0.809s] Level 1:colcon.colcon_core.package_identification:_identify(rospyvenv/lib/python3.10/site-packages/PyQt5/Qt5/plugins/geometryloaders) by extension 'python'
[0.809s] Level 1:colcon.colcon_core.package_identification:_identify(rospyvenv/lib/python3.10/site-packages/PyQt5/Qt5/plugins/geometryloaders) by extensions ['python_setup_py']
[0.809s] Level 1:colcon.colcon_core.package_identification:_identify(rospyvenv/lib/python3.10/site-packages/PyQt5/Qt5/plugins/geometryloaders) by extension 'python_setup_py'
[0.810s] Level 1:colcon.colcon_core.package_identification:_identify(rospyvenv/lib/python3.10/site-packages/PyQt5/Qt5/plugins/geoservices) by extensions ['ignore', 'ignore_ament_install']
[0.810s] Level 1:colcon.colcon_core.package_identification:_identify(rospyvenv/lib/python3.10/site-packages/PyQt5/Qt5/plugins/geoservices) by extension 'ignore'
[0.810s] Level 1:colcon.colcon_core.package_identification:_identify(rospyvenv/lib/python3.10/site-packages/PyQt5/Qt5/plugins/geoservices) by extension 'ignore_ament_install'
[0.810s] Level 1:colcon.colcon_core.package_identification:_identify(rospyvenv/lib/python3.10/site-packages/PyQt5/Qt5/plugins/geoservices) by extensions ['colcon_pkg']
[0.810s] Level 1:colcon.colcon_core.package_identification:_identify(rospyvenv/lib/python3.10/site-packages/PyQt5/Qt5/plugins/geoservices) by extension 'colcon_pkg'
[0.810s] Level 1:colcon.colcon_core.package_identification:_identify(rospyvenv/lib/python3.10/site-packages/PyQt5/Qt5/plugins/geoservices) by extensions ['colcon_meta']
[0.810s] Level 1:colcon.colcon_core.package_identification:_identify(rospyvenv/lib/python3.10/site-packages/PyQt5/Qt5/plugins/geoservices) by extension 'colcon_meta'
[0.810s] Level 1:colcon.colcon_core.package_identification:_identify(rospyvenv/lib/python3.10/site-packages/PyQt5/Qt5/plugins/geoservices) by extensions ['ros']
[0.810s] Level 1:colcon.colcon_core.package_identification:_identify(rospyvenv/lib/python3.10/site-packages/PyQt5/Qt5/plugins/geoservices) by extension 'ros'
[0.810s] Level 1:colcon.colcon_core.package_identification:_identify(rospyvenv/lib/python3.10/site-packages/PyQt5/Qt5/plugins/geoservices) by extensions ['cmake', 'python']
[0.810s] Level 1:colcon.colcon_core.package_identification:_identify(rospyvenv/lib/python3.10/site-packages/PyQt5/Qt5/plugins/geoservices) by extension 'cmake'
[0.810s] Level 1:colcon.colcon_core.package_identification:_identify(rospyvenv/lib/python3.10/site-packages/PyQt5/Qt5/plugins/geoservices) by extension 'python'
[0.810s] Level 1:colcon.colcon_core.package_identification:_identify(rospyvenv/lib/python3.10/site-packages/PyQt5/Qt5/plugins/geoservices) by extensions ['python_setup_py']
[0.810s] Level 1:colcon.colcon_core.package_identification:_identify(rospyvenv/lib/python3.10/site-packages/PyQt5/Qt5/plugins/geoservices) by extension 'python_setup_py'
[0.811s] Level 1:colcon.colcon_core.package_identification:_identify(rospyvenv/lib/python3.10/site-packages/PyQt5/Qt5/plugins/iconengines) by extensions ['ignore', 'ignore_ament_install']
[0.811s] Level 1:colcon.colcon_core.package_identification:_identify(rospyvenv/lib/python3.10/site-packages/PyQt5/Qt5/plugins/iconengines) by extension 'ignore'
[0.811s] Level 1:colcon.colcon_core.package_identification:_identify(rospyvenv/lib/python3.10/site-packages/PyQt5/Qt5/plugins/iconengines) by extension 'ignore_ament_install'
[0.811s] Level 1:colcon.colcon_core.package_identification:_identify(rospyvenv/lib/python3.10/site-packages/PyQt5/Qt5/plugins/iconengines) by extensions ['colcon_pkg']
[0.811s] Level 1:colcon.colcon_core.package_identification:_identify(rospyvenv/lib/python3.10/site-packages/PyQt5/Qt5/plugins/iconengines) by extension 'colcon_pkg'
[0.811s] Level 1:colcon.colcon_core.package_identification:_identify(rospyvenv/lib/python3.10/site-packages/PyQt5/Qt5/plugins/iconengines) by extensions ['colcon_meta']
[0.811s] Level 1:colcon.colcon_core.package_identification:_identify(rospyvenv/lib/python3.10/site-packages/PyQt5/Qt5/plugins/iconengines) by extension 'colcon_meta'
[0.811s] Level 1:colcon.colcon_core.package_identification:_identify(rospyvenv/lib/python3.10/site-packages/PyQt5/Qt5/plugins/iconengines) by extensions ['ros']
[0.811s] Level 1:colcon.colcon_core.package_identification:_identify(rospyvenv/lib/python3.10/site-packages/PyQt5/Qt5/plugins/iconengines) by extension 'ros'
[0.811s] Level 1:colcon.colcon_core.package_identification:_identify(rospyvenv/lib/python3.10/site-packages/PyQt5/Qt5/plugins/iconengines) by extensions ['cmake', 'python']
[0.811s] Level 1:colcon.colcon_core.package_identification:_identify(rospyvenv/lib/python3.10/site-packages/PyQt5/Qt5/plugins/iconengines) by extension 'cmake'
[0.811s] Level 1:colcon.colcon_core.package_identification:_identify(rospyvenv/lib/python3.10/site-packages/PyQt5/Qt5/plugins/iconengines) by extension 'python'
[0.811s] Level 1:colcon.colcon_core.package_identification:_identify(rospyvenv/lib/python3.10/site-packages/PyQt5/Qt5/plugins/iconengines) by extensions ['python_setup_py']
[0.811s] Level 1:colcon.colcon_core.package_identification:_identify(rospyvenv/lib/python3.10/site-packages/PyQt5/Qt5/plugins/iconengines) by extension 'python_setup_py'
[0.812s] Level 1:colcon.colcon_core.package_identification:_identify(rospyvenv/lib/python3.10/site-packages/PyQt5/Qt5/plugins/imageformats) by extensions ['ignore', 'ignore_ament_install']
[0.812s] Level 1:colcon.colcon_core.package_identification:_identify(rospyvenv/lib/python3.10/site-packages/PyQt5/Qt5/plugins/imageformats) by extension 'ignore'
[0.812s] Level 1:colcon.colcon_core.package_identification:_identify(rospyvenv/lib/python3.10/site-packages/PyQt5/Qt5/plugins/imageformats) by extension 'ignore_ament_install'
[0.812s] Level 1:colcon.colcon_core.package_identification:_identify(rospyvenv/lib/python3.10/site-packages/PyQt5/Qt5/plugins/imageformats) by extensions ['colcon_pkg']
[0.812s] Level 1:colcon.colcon_core.package_identification:_identify(rospyvenv/lib/python3.10/site-packages/PyQt5/Qt5/plugins/imageformats) by extension 'colcon_pkg'
[0.812s] Level 1:colcon.colcon_core.package_identification:_identify(rospyvenv/lib/python3.10/site-packages/PyQt5/Qt5/plugins/imageformats) by extensions ['colcon_meta']
[0.812s] Level 1:colcon.colcon_core.package_identification:_identify(rospyvenv/lib/python3.10/site-packages/PyQt5/Qt5/plugins/imageformats) by extension 'colcon_meta'
[0.812s] Level 1:colcon.colcon_core.package_identification:_identify(rospyvenv/lib/python3.10/site-packages/PyQt5/Qt5/plugins/imageformats) by extensions ['ros']
[0.812s] Level 1:colcon.colcon_core.package_identification:_identify(rospyvenv/lib/python3.10/site-packages/PyQt5/Qt5/plugins/imageformats) by extension 'ros'
[0.812s] Level 1:colcon.colcon_core.package_identification:_identify(rospyvenv/lib/python3.10/site-packages/PyQt5/Qt5/plugins/imageformats) by extensions ['cmake', 'python']
[0.812s] Level 1:colcon.colcon_core.package_identification:_identify(rospyvenv/lib/python3.10/site-packages/PyQt5/Qt5/plugins/imageformats) by extension 'cmake'
[0.812s] Level 1:colcon.colcon_core.package_identification:_identify(rospyvenv/lib/python3.10/site-packages/PyQt5/Qt5/plugins/imageformats) by extension 'python'
[0.812s] Level 1:colcon.colcon_core.package_identification:_identify(rospyvenv/lib/python3.10/site-packages/PyQt5/Qt5/plugins/imageformats) by extensions ['python_setup_py']
[0.812s] Level 1:colcon.colcon_core.package_identification:_identify(rospyvenv/lib/python3.10/site-packages/PyQt5/Qt5/plugins/imageformats) by extension 'python_setup_py'
[0.813s] Level 1:colcon.colcon_core.package_identification:_identify(rospyvenv/lib/python3.10/site-packages/PyQt5/Qt5/plugins/mediaservice) by extensions ['ignore', 'ignore_ament_install']
[0.813s] Level 1:colcon.colcon_core.package_identification:_identify(rospyvenv/lib/python3.10/site-packages/PyQt5/Qt5/plugins/mediaservice) by extension 'ignore'
[0.813s] Level 1:colcon.colcon_core.package_identification:_identify(rospyvenv/lib/python3.10/site-packages/PyQt5/Qt5/plugins/mediaservice) by extension 'ignore_ament_install'
[0.813s] Level 1:colcon.colcon_core.package_identification:_identify(rospyvenv/lib/python3.10/site-packages/PyQt5/Qt5/plugins/mediaservice) by extensions ['colcon_pkg']
[0.813s] Level 1:colcon.colcon_core.package_identification:_identify(rospyvenv/lib/python3.10/site-packages/PyQt5/Qt5/plugins/mediaservice) by extension 'colcon_pkg'
[0.813s] Level 1:colcon.colcon_core.package_identification:_identify(rospyvenv/lib/python3.10/site-packages/PyQt5/Qt5/plugins/mediaservice) by extensions ['colcon_meta']
[0.813s] Level 1:colcon.colcon_core.package_identification:_identify(rospyvenv/lib/python3.10/site-packages/PyQt5/Qt5/plugins/mediaservice) by extension 'colcon_meta'
[0.813s] Level 1:colcon.colcon_core.package_identification:_identify(rospyvenv/lib/python3.10/site-packages/PyQt5/Qt5/plugins/mediaservice) by extensions ['ros']
[0.813s] Level 1:colcon.colcon_core.package_identification:_identify(rospyvenv/lib/python3.10/site-packages/PyQt5/Qt5/plugins/mediaservice) by extension 'ros'
[0.813s] Level 1:colcon.colcon_core.package_identification:_identify(rospyvenv/lib/python3.10/site-packages/PyQt5/Qt5/plugins/mediaservice) by extensions ['cmake', 'python']
[0.813s] Level 1:colcon.colcon_core.package_identification:_identify(rospyvenv/lib/python3.10/site-packages/PyQt5/Qt5/plugins/mediaservice) by extension 'cmake'
[0.813s] Level 1:colcon.colcon_core.package_identification:_identify(rospyvenv/lib/python3.10/site-packages/PyQt5/Qt5/plugins/mediaservice) by extension 'python'
[0.813s] Level 1:colcon.colcon_core.package_identification:_identify(rospyvenv/lib/python3.10/site-packages/PyQt5/Qt5/plugins/mediaservice) by extensions ['python_setup_py']
[0.813s] Level 1:colcon.colcon_core.package_identification:_identify(rospyvenv/lib/python3.10/site-packages/PyQt5/Qt5/plugins/mediaservice) by extension 'python_setup_py'
[0.814s] Level 1:colcon.colcon_core.package_identification:_identify(rospyvenv/lib/python3.10/site-packages/PyQt5/Qt5/plugins/platforminputcontexts) by extensions ['ignore', 'ignore_ament_install']
[0.814s] Level 1:colcon.colcon_core.package_identification:_identify(rospyvenv/lib/python3.10/site-packages/PyQt5/Qt5/plugins/platforminputcontexts) by extension 'ignore'
[0.814s] Level 1:colcon.colcon_core.package_identification:_identify(rospyvenv/lib/python3.10/site-packages/PyQt5/Qt5/plugins/platforminputcontexts) by extension 'ignore_ament_install'
[0.814s] Level 1:colcon.colcon_core.package_identification:_identify(rospyvenv/lib/python3.10/site-packages/PyQt5/Qt5/plugins/platforminputcontexts) by extensions ['colcon_pkg']
[0.814s] Level 1:colcon.colcon_core.package_identification:_identify(rospyvenv/lib/python3.10/site-packages/PyQt5/Qt5/plugins/platforminputcontexts) by extension 'colcon_pkg'
[0.814s] Level 1:colcon.colcon_core.package_identification:_identify(rospyvenv/lib/python3.10/site-packages/PyQt5/Qt5/plugins/platforminputcontexts) by extensions ['colcon_meta']
[0.814s] Level 1:colcon.colcon_core.package_identification:_identify(rospyvenv/lib/python3.10/site-packages/PyQt5/Qt5/plugins/platforminputcontexts) by extension 'colcon_meta'
[0.814s] Level 1:colcon.colcon_core.package_identification:_identify(rospyvenv/lib/python3.10/site-packages/PyQt5/Qt5/plugins/platforminputcontexts) by extensions ['ros']
[0.814s] Level 1:colcon.colcon_core.package_identification:_identify(rospyvenv/lib/python3.10/site-packages/PyQt5/Qt5/plugins/platforminputcontexts) by extension 'ros'
[0.814s] Level 1:colcon.colcon_core.package_identification:_identify(rospyvenv/lib/python3.10/site-packages/PyQt5/Qt5/plugins/platforminputcontexts) by extensions ['cmake', 'python']
[0.814s] Level 1:colcon.colcon_core.package_identification:_identify(rospyvenv/lib/python3.10/site-packages/PyQt5/Qt5/plugins/platforminputcontexts) by extension 'cmake'
[0.814s] Level 1:colcon.colcon_core.package_identification:_identify(rospyvenv/lib/python3.10/site-packages/PyQt5/Qt5/plugins/platforminputcontexts) by extension 'python'
[0.815s] Level 1:colcon.colcon_core.package_identification:_identify(rospyvenv/lib/python3.10/site-packages/PyQt5/Qt5/plugins/platforminputcontexts) by extensions ['python_setup_py']
[0.815s] Level 1:colcon.colcon_core.package_identification:_identify(rospyvenv/lib/python3.10/site-packages/PyQt5/Qt5/plugins/platforminputcontexts) by extension 'python_setup_py'
[0.815s] Level 1:colcon.colcon_core.package_identification:_identify(rospyvenv/lib/python3.10/site-packages/PyQt5/Qt5/plugins/platforms) by extensions ['ignore', 'ignore_ament_install']
[0.815s] Level 1:colcon.colcon_core.package_identification:_identify(rospyvenv/lib/python3.10/site-packages/PyQt5/Qt5/plugins/platforms) by extension 'ignore'
[0.815s] Level 1:colcon.colcon_core.package_identification:_identify(rospyvenv/lib/python3.10/site-packages/PyQt5/Qt5/plugins/platforms) by extension 'ignore_ament_install'
[0.815s] Level 1:colcon.colcon_core.package_identification:_identify(rospyvenv/lib/python3.10/site-packages/PyQt5/Qt5/plugins/platforms) by extensions ['colcon_pkg']
[0.815s] Level 1:colcon.colcon_core.package_identification:_identify(rospyvenv/lib/python3.10/site-packages/PyQt5/Qt5/plugins/platforms) by extension 'colcon_pkg'
[0.815s] Level 1:colcon.colcon_core.package_identification:_identify(rospyvenv/lib/python3.10/site-packages/PyQt5/Qt5/plugins/platforms) by extensions ['colcon_meta']
[0.815s] Level 1:colcon.colcon_core.package_identification:_identify(rospyvenv/lib/python3.10/site-packages/PyQt5/Qt5/plugins/platforms) by extension 'colcon_meta'
[0.815s] Level 1:colcon.colcon_core.package_identification:_identify(rospyvenv/lib/python3.10/site-packages/PyQt5/Qt5/plugins/platforms) by extensions ['ros']
[0.815s] Level 1:colcon.colcon_core.package_identification:_identify(rospyvenv/lib/python3.10/site-packages/PyQt5/Qt5/plugins/platforms) by extension 'ros'
[0.815s] Level 1:colcon.colcon_core.package_identification:_identify(rospyvenv/lib/python3.10/site-packages/PyQt5/Qt5/plugins/platforms) by extensions ['cmake', 'python']
[0.815s] Level 1:colcon.colcon_core.package_identification:_identify(rospyvenv/lib/python3.10/site-packages/PyQt5/Qt5/plugins/platforms) by extension 'cmake'
[0.815s] Level 1:colcon.colcon_core.package_identification:_identify(rospyvenv/lib/python3.10/site-packages/PyQt5/Qt5/plugins/platforms) by extension 'python'
[0.816s] Level 1:colcon.colcon_core.package_identification:_identify(rospyvenv/lib/python3.10/site-packages/PyQt5/Qt5/plugins/platforms) by extensions ['python_setup_py']
[0.816s] Level 1:colcon.colcon_core.package_identification:_identify(rospyvenv/lib/python3.10/site-packages/PyQt5/Qt5/plugins/platforms) by extension 'python_setup_py'
[0.816s] Level 1:colcon.colcon_core.package_identification:_identify(rospyvenv/lib/python3.10/site-packages/PyQt5/Qt5/plugins/platformthemes) by extensions ['ignore', 'ignore_ament_install']
[0.816s] Level 1:colcon.colcon_core.package_identification:_identify(rospyvenv/lib/python3.10/site-packages/PyQt5/Qt5/plugins/platformthemes) by extension 'ignore'
[0.816s] Level 1:colcon.colcon_core.package_identification:_identify(rospyvenv/lib/python3.10/site-packages/PyQt5/Qt5/plugins/platformthemes) by extension 'ignore_ament_install'
[0.816s] Level 1:colcon.colcon_core.package_identification:_identify(rospyvenv/lib/python3.10/site-packages/PyQt5/Qt5/plugins/platformthemes) by extensions ['colcon_pkg']
[0.816s] Level 1:colcon.colcon_core.package_identification:_identify(rospyvenv/lib/python3.10/site-packages/PyQt5/Qt5/plugins/platformthemes) by extension 'colcon_pkg'
[0.816s] Level 1:colcon.colcon_core.package_identification:_identify(rospyvenv/lib/python3.10/site-packages/PyQt5/Qt5/plugins/platformthemes) by extensions ['colcon_meta']
[0.816s] Level 1:colcon.colcon_core.package_identification:_identify(rospyvenv/lib/python3.10/site-packages/PyQt5/Qt5/plugins/platformthemes) by extension 'colcon_meta'
[0.816s] Level 1:colcon.colcon_core.package_identification:_identify(rospyvenv/lib/python3.10/site-packages/PyQt5/Qt5/plugins/platformthemes) by extensions ['ros']
[0.816s] Level 1:colcon.colcon_core.package_identification:_identify(rospyvenv/lib/python3.10/site-packages/PyQt5/Qt5/plugins/platformthemes) by extension 'ros'
[0.816s] Level 1:colcon.colcon_core.package_identification:_identify(rospyvenv/lib/python3.10/site-packages/PyQt5/Qt5/plugins/platformthemes) by extensions ['cmake', 'python']
[0.816s] Level 1:colcon.colcon_core.package_identification:_identify(rospyvenv/lib/python3.10/site-packages/PyQt5/Qt5/plugins/platformthemes) by extension 'cmake'
[0.816s] Level 1:colcon.colcon_core.package_identification:_identify(rospyvenv/lib/python3.10/site-packages/PyQt5/Qt5/plugins/platformthemes) by extension 'python'
[0.816s] Level 1:colcon.colcon_core.package_identification:_identify(rospyvenv/lib/python3.10/site-packages/PyQt5/Qt5/plugins/platformthemes) by extensions ['python_setup_py']
[0.816s] Level 1:colcon.colcon_core.package_identification:_identify(rospyvenv/lib/python3.10/site-packages/PyQt5/Qt5/plugins/platformthemes) by extension 'python_setup_py'
[0.817s] Level 1:colcon.colcon_core.package_identification:_identify(rospyvenv/lib/python3.10/site-packages/PyQt5/Qt5/plugins/playlistformats) by extensions ['ignore', 'ignore_ament_install']
[0.817s] Level 1:colcon.colcon_core.package_identification:_identify(rospyvenv/lib/python3.10/site-packages/PyQt5/Qt5/plugins/playlistformats) by extension 'ignore'
[0.817s] Level 1:colcon.colcon_core.package_identification:_identify(rospyvenv/lib/python3.10/site-packages/PyQt5/Qt5/plugins/playlistformats) by extension 'ignore_ament_install'
[0.817s] Level 1:colcon.colcon_core.package_identification:_identify(rospyvenv/lib/python3.10/site-packages/PyQt5/Qt5/plugins/playlistformats) by extensions ['colcon_pkg']
[0.817s] Level 1:colcon.colcon_core.package_identification:_identify(rospyvenv/lib/python3.10/site-packages/PyQt5/Qt5/plugins/playlistformats) by extension 'colcon_pkg'
[0.817s] Level 1:colcon.colcon_core.package_identification:_identify(rospyvenv/lib/python3.10/site-packages/PyQt5/Qt5/plugins/playlistformats) by extensions ['colcon_meta']
[0.817s] Level 1:colcon.colcon_core.package_identification:_identify(rospyvenv/lib/python3.10/site-packages/PyQt5/Qt5/plugins/playlistformats) by extension 'colcon_meta'
[0.817s] Level 1:colcon.colcon_core.package_identification:_identify(rospyvenv/lib/python3.10/site-packages/PyQt5/Qt5/plugins/playlistformats) by extensions ['ros']
[0.817s] Level 1:colcon.colcon_core.package_identification:_identify(rospyvenv/lib/python3.10/site-packages/PyQt5/Qt5/plugins/playlistformats) by extension 'ros'
[0.817s] Level 1:colcon.colcon_core.package_identification:_identify(rospyvenv/lib/python3.10/site-packages/PyQt5/Qt5/plugins/playlistformats) by extensions ['cmake', 'python']
[0.817s] Level 1:colcon.colcon_core.package_identification:_identify(rospyvenv/lib/python3.10/site-packages/PyQt5/Qt5/plugins/playlistformats) by extension 'cmake'
[0.817s] Level 1:colcon.colcon_core.package_identification:_identify(rospyvenv/lib/python3.10/site-packages/PyQt5/Qt5/plugins/playlistformats) by extension 'python'
[0.817s] Level 1:colcon.colcon_core.package_identification:_identify(rospyvenv/lib/python3.10/site-packages/PyQt5/Qt5/plugins/playlistformats) by extensions ['python_setup_py']
[0.817s] Level 1:colcon.colcon_core.package_identification:_identify(rospyvenv/lib/python3.10/site-packages/PyQt5/Qt5/plugins/playlistformats) by extension 'python_setup_py'
[0.818s] Level 1:colcon.colcon_core.package_identification:_identify(rospyvenv/lib/python3.10/site-packages/PyQt5/Qt5/plugins/position) by extensions ['ignore', 'ignore_ament_install']
[0.818s] Level 1:colcon.colcon_core.package_identification:_identify(rospyvenv/lib/python3.10/site-packages/PyQt5/Qt5/plugins/position) by extension 'ignore'
[0.818s] Level 1:colcon.colcon_core.package_identification:_identify(rospyvenv/lib/python3.10/site-packages/PyQt5/Qt5/plugins/position) by extension 'ignore_ament_install'
[0.818s] Level 1:colcon.colcon_core.package_identification:_identify(rospyvenv/lib/python3.10/site-packages/PyQt5/Qt5/plugins/position) by extensions ['colcon_pkg']
[0.818s] Level 1:colcon.colcon_core.package_identification:_identify(rospyvenv/lib/python3.10/site-packages/PyQt5/Qt5/plugins/position) by extension 'colcon_pkg'
[0.818s] Level 1:colcon.colcon_core.package_identification:_identify(rospyvenv/lib/python3.10/site-packages/PyQt5/Qt5/plugins/position) by extensions ['colcon_meta']
[0.818s] Level 1:colcon.colcon_core.package_identification:_identify(rospyvenv/lib/python3.10/site-packages/PyQt5/Qt5/plugins/position) by extension 'colcon_meta'
[0.818s] Level 1:colcon.colcon_core.package_identification:_identify(rospyvenv/lib/python3.10/site-packages/PyQt5/Qt5/plugins/position) by extensions ['ros']
[0.818s] Level 1:colcon.colcon_core.package_identification:_identify(rospyvenv/lib/python3.10/site-packages/PyQt5/Qt5/plugins/position) by extension 'ros'
[0.818s] Level 1:colcon.colcon_core.package_identification:_identify(rospyvenv/lib/python3.10/site-packages/PyQt5/Qt5/plugins/position) by extensions ['cmake', 'python']
[0.818s] Level 1:colcon.colcon_core.package_identification:_identify(rospyvenv/lib/python3.10/site-packages/PyQt5/Qt5/plugins/position) by extension 'cmake'
[0.818s] Level 1:colcon.colcon_core.package_identification:_identify(rospyvenv/lib/python3.10/site-packages/PyQt5/Qt5/plugins/position) by extension 'python'
[0.818s] Level 1:colcon.colcon_core.package_identification:_identify(rospyvenv/lib/python3.10/site-packages/PyQt5/Qt5/plugins/position) by extensions ['python_setup_py']
[0.818s] Level 1:colcon.colcon_core.package_identification:_identify(rospyvenv/lib/python3.10/site-packages/PyQt5/Qt5/plugins/position) by extension 'python_setup_py'
[0.819s] Level 1:colcon.colcon_core.package_identification:_identify(rospyvenv/lib/python3.10/site-packages/PyQt5/Qt5/plugins/printsupport) by extensions ['ignore', 'ignore_ament_install']
[0.819s] Level 1:colcon.colcon_core.package_identification:_identify(rospyvenv/lib/python3.10/site-packages/PyQt5/Qt5/plugins/printsupport) by extension 'ignore'
[0.819s] Level 1:colcon.colcon_core.package_identification:_identify(rospyvenv/lib/python3.10/site-packages/PyQt5/Qt5/plugins/printsupport) by extension 'ignore_ament_install'
[0.819s] Level 1:colcon.colcon_core.package_identification:_identify(rospyvenv/lib/python3.10/site-packages/PyQt5/Qt5/plugins/printsupport) by extensions ['colcon_pkg']
[0.819s] Level 1:colcon.colcon_core.package_identification:_identify(rospyvenv/lib/python3.10/site-packages/PyQt5/Qt5/plugins/printsupport) by extension 'colcon_pkg'
[0.819s] Level 1:colcon.colcon_core.package_identification:_identify(rospyvenv/lib/python3.10/site-packages/PyQt5/Qt5/plugins/printsupport) by extensions ['colcon_meta']
[0.819s] Level 1:colcon.colcon_core.package_identification:_identify(rospyvenv/lib/python3.10/site-packages/PyQt5/Qt5/plugins/printsupport) by extension 'colcon_meta'
[0.819s] Level 1:colcon.colcon_core.package_identification:_identify(rospyvenv/lib/python3.10/site-packages/PyQt5/Qt5/plugins/printsupport) by extensions ['ros']
[0.819s] Level 1:colcon.colcon_core.package_identification:_identify(rospyvenv/lib/python3.10/site-packages/PyQt5/Qt5/plugins/printsupport) by extension 'ros'
[0.819s] Level 1:colcon.colcon_core.package_identification:_identify(rospyvenv/lib/python3.10/site-packages/PyQt5/Qt5/plugins/printsupport) by extensions ['cmake', 'python']
[0.819s] Level 1:colcon.colcon_core.package_identification:_identify(rospyvenv/lib/python3.10/site-packages/PyQt5/Qt5/plugins/printsupport) by extension 'cmake'
[0.819s] Level 1:colcon.colcon_core.package_identification:_identify(rospyvenv/lib/python3.10/site-packages/PyQt5/Qt5/plugins/printsupport) by extension 'python'
[0.819s] Level 1:colcon.colcon_core.package_identification:_identify(rospyvenv/lib/python3.10/site-packages/PyQt5/Qt5/plugins/printsupport) by extensions ['python_setup_py']
[0.819s] Level 1:colcon.colcon_core.package_identification:_identify(rospyvenv/lib/python3.10/site-packages/PyQt5/Qt5/plugins/printsupport) by extension 'python_setup_py'
[0.819s] Level 1:colcon.colcon_core.package_identification:_identify(rospyvenv/lib/python3.10/site-packages/PyQt5/Qt5/plugins/renderers) by extensions ['ignore', 'ignore_ament_install']
[0.820s] Level 1:colcon.colcon_core.package_identification:_identify(rospyvenv/lib/python3.10/site-packages/PyQt5/Qt5/plugins/renderers) by extension 'ignore'
[0.820s] Level 1:colcon.colcon_core.package_identification:_identify(rospyvenv/lib/python3.10/site-packages/PyQt5/Qt5/plugins/renderers) by extension 'ignore_ament_install'
[0.820s] Level 1:colcon.colcon_core.package_identification:_identify(rospyvenv/lib/python3.10/site-packages/PyQt5/Qt5/plugins/renderers) by extensions ['colcon_pkg']
[0.820s] Level 1:colcon.colcon_core.package_identification:_identify(rospyvenv/lib/python3.10/site-packages/PyQt5/Qt5/plugins/renderers) by extension 'colcon_pkg'
[0.820s] Level 1:colcon.colcon_core.package_identification:_identify(rospyvenv/lib/python3.10/site-packages/PyQt5/Qt5/plugins/renderers) by extensions ['colcon_meta']
[0.820s] Level 1:colcon.colcon_core.package_identification:_identify(rospyvenv/lib/python3.10/site-packages/PyQt5/Qt5/plugins/renderers) by extension 'colcon_meta'
[0.820s] Level 1:colcon.colcon_core.package_identification:_identify(rospyvenv/lib/python3.10/site-packages/PyQt5/Qt5/plugins/renderers) by extensions ['ros']
[0.820s] Level 1:colcon.colcon_core.package_identification:_identify(rospyvenv/lib/python3.10/site-packages/PyQt5/Qt5/plugins/renderers) by extension 'ros'
[0.820s] Level 1:colcon.colcon_core.package_identification:_identify(rospyvenv/lib/python3.10/site-packages/PyQt5/Qt5/plugins/renderers) by extensions ['cmake', 'python']
[0.820s] Level 1:colcon.colcon_core.package_identification:_identify(rospyvenv/lib/python3.10/site-packages/PyQt5/Qt5/plugins/renderers) by extension 'cmake'
[0.820s] Level 1:colcon.colcon_core.package_identification:_identify(rospyvenv/lib/python3.10/site-packages/PyQt5/Qt5/plugins/renderers) by extension 'python'
[0.820s] Level 1:colcon.colcon_core.package_identification:_identify(rospyvenv/lib/python3.10/site-packages/PyQt5/Qt5/plugins/renderers) by extensions ['python_setup_py']
[0.820s] Level 1:colcon.colcon_core.package_identification:_identify(rospyvenv/lib/python3.10/site-packages/PyQt5/Qt5/plugins/renderers) by extension 'python_setup_py'
[0.820s] Level 1:colcon.colcon_core.package_identification:_identify(rospyvenv/lib/python3.10/site-packages/PyQt5/Qt5/plugins/renderplugins) by extensions ['ignore', 'ignore_ament_install']
[0.820s] Level 1:colcon.colcon_core.package_identification:_identify(rospyvenv/lib/python3.10/site-packages/PyQt5/Qt5/plugins/renderplugins) by extension 'ignore'
[0.820s] Level 1:colcon.colcon_core.package_identification:_identify(rospyvenv/lib/python3.10/site-packages/PyQt5/Qt5/plugins/renderplugins) by extension 'ignore_ament_install'
[0.821s] Level 1:colcon.colcon_core.package_identification:_identify(rospyvenv/lib/python3.10/site-packages/PyQt5/Qt5/plugins/renderplugins) by extensions ['colcon_pkg']
[0.821s] Level 1:colcon.colcon_core.package_identification:_identify(rospyvenv/lib/python3.10/site-packages/PyQt5/Qt5/plugins/renderplugins) by extension 'colcon_pkg'
[0.821s] Level 1:colcon.colcon_core.package_identification:_identify(rospyvenv/lib/python3.10/site-packages/PyQt5/Qt5/plugins/renderplugins) by extensions ['colcon_meta']
[0.821s] Level 1:colcon.colcon_core.package_identification:_identify(rospyvenv/lib/python3.10/site-packages/PyQt5/Qt5/plugins/renderplugins) by extension 'colcon_meta'
[0.821s] Level 1:colcon.colcon_core.package_identification:_identify(rospyvenv/lib/python3.10/site-packages/PyQt5/Qt5/plugins/renderplugins) by extensions ['ros']
[0.821s] Level 1:colcon.colcon_core.package_identification:_identify(rospyvenv/lib/python3.10/site-packages/PyQt5/Qt5/plugins/renderplugins) by extension 'ros'
[0.821s] Level 1:colcon.colcon_core.package_identification:_identify(rospyvenv/lib/python3.10/site-packages/PyQt5/Qt5/plugins/renderplugins) by extensions ['cmake', 'python']
[0.821s] Level 1:colcon.colcon_core.package_identification:_identify(rospyvenv/lib/python3.10/site-packages/PyQt5/Qt5/plugins/renderplugins) by extension 'cmake'
[0.821s] Level 1:colcon.colcon_core.package_identification:_identify(rospyvenv/lib/python3.10/site-packages/PyQt5/Qt5/plugins/renderplugins) by extension 'python'
[0.821s] Level 1:colcon.colcon_core.package_identification:_identify(rospyvenv/lib/python3.10/site-packages/PyQt5/Qt5/plugins/renderplugins) by extensions ['python_setup_py']
[0.821s] Level 1:colcon.colcon_core.package_identification:_identify(rospyvenv/lib/python3.10/site-packages/PyQt5/Qt5/plugins/renderplugins) by extension 'python_setup_py'
[0.821s] Level 1:colcon.colcon_core.package_identification:_identify(rospyvenv/lib/python3.10/site-packages/PyQt5/Qt5/plugins/sceneparsers) by extensions ['ignore', 'ignore_ament_install']
[0.821s] Level 1:colcon.colcon_core.package_identification:_identify(rospyvenv/lib/python3.10/site-packages/PyQt5/Qt5/plugins/sceneparsers) by extension 'ignore'
[0.821s] Level 1:colcon.colcon_core.package_identification:_identify(rospyvenv/lib/python3.10/site-packages/PyQt5/Qt5/plugins/sceneparsers) by extension 'ignore_ament_install'
[0.821s] Level 1:colcon.colcon_core.package_identification:_identify(rospyvenv/lib/python3.10/site-packages/PyQt5/Qt5/plugins/sceneparsers) by extensions ['colcon_pkg']
[0.821s] Level 1:colcon.colcon_core.package_identification:_identify(rospyvenv/lib/python3.10/site-packages/PyQt5/Qt5/plugins/sceneparsers) by extension 'colcon_pkg'
[0.821s] Level 1:colcon.colcon_core.package_identification:_identify(rospyvenv/lib/python3.10/site-packages/PyQt5/Qt5/plugins/sceneparsers) by extensions ['colcon_meta']
[0.822s] Level 1:colcon.colcon_core.package_identification:_identify(rospyvenv/lib/python3.10/site-packages/PyQt5/Qt5/plugins/sceneparsers) by extension 'colcon_meta'
[0.822s] Level 1:colcon.colcon_core.package_identification:_identify(rospyvenv/lib/python3.10/site-packages/PyQt5/Qt5/plugins/sceneparsers) by extensions ['ros']
[0.822s] Level 1:colcon.colcon_core.package_identification:_identify(rospyvenv/lib/python3.10/site-packages/PyQt5/Qt5/plugins/sceneparsers) by extension 'ros'
[0.822s] Level 1:colcon.colcon_core.package_identification:_identify(rospyvenv/lib/python3.10/site-packages/PyQt5/Qt5/plugins/sceneparsers) by extensions ['cmake', 'python']
[0.822s] Level 1:colcon.colcon_core.package_identification:_identify(rospyvenv/lib/python3.10/site-packages/PyQt5/Qt5/plugins/sceneparsers) by extension 'cmake'
[0.822s] Level 1:colcon.colcon_core.package_identification:_identify(rospyvenv/lib/python3.10/site-packages/PyQt5/Qt5/plugins/sceneparsers) by extension 'python'
[0.822s] Level 1:colcon.colcon_core.package_identification:_identify(rospyvenv/lib/python3.10/site-packages/PyQt5/Qt5/plugins/sceneparsers) by extensions ['python_setup_py']
[0.822s] Level 1:colcon.colcon_core.package_identification:_identify(rospyvenv/lib/python3.10/site-packages/PyQt5/Qt5/plugins/sceneparsers) by extension 'python_setup_py'
[0.822s] Level 1:colcon.colcon_core.package_identification:_identify(rospyvenv/lib/python3.10/site-packages/PyQt5/Qt5/plugins/sensorgestures) by extensions ['ignore', 'ignore_ament_install']
[0.822s] Level 1:colcon.colcon_core.package_identification:_identify(rospyvenv/lib/python3.10/site-packages/PyQt5/Qt5/plugins/sensorgestures) by extension 'ignore'
[0.822s] Level 1:colcon.colcon_core.package_identification:_identify(rospyvenv/lib/python3.10/site-packages/PyQt5/Qt5/plugins/sensorgestures) by extension 'ignore_ament_install'
[0.822s] Level 1:colcon.colcon_core.package_identification:_identify(rospyvenv/lib/python3.10/site-packages/PyQt5/Qt5/plugins/sensorgestures) by extensions ['colcon_pkg']
[0.822s] Level 1:colcon.colcon_core.package_identification:_identify(rospyvenv/lib/python3.10/site-packages/PyQt5/Qt5/plugins/sensorgestures) by extension 'colcon_pkg'
[0.822s] Level 1:colcon.colcon_core.package_identification:_identify(rospyvenv/lib/python3.10/site-packages/PyQt5/Qt5/plugins/sensorgestures) by extensions ['colcon_meta']
[0.822s] Level 1:colcon.colcon_core.package_identification:_identify(rospyvenv/lib/python3.10/site-packages/PyQt5/Qt5/plugins/sensorgestures) by extension 'colcon_meta'
[0.822s] Level 1:colcon.colcon_core.package_identification:_identify(rospyvenv/lib/python3.10/site-packages/PyQt5/Qt5/plugins/sensorgestures) by extensions ['ros']
[0.822s] Level 1:colcon.colcon_core.package_identification:_identify(rospyvenv/lib/python3.10/site-packages/PyQt5/Qt5/plugins/sensorgestures) by extension 'ros'
[0.823s] Level 1:colcon.colcon_core.package_identification:_identify(rospyvenv/lib/python3.10/site-packages/PyQt5/Qt5/plugins/sensorgestures) by extensions ['cmake', 'python']
[0.823s] Level 1:colcon.colcon_core.package_identification:_identify(rospyvenv/lib/python3.10/site-packages/PyQt5/Qt5/plugins/sensorgestures) by extension 'cmake'
[0.823s] Level 1:colcon.colcon_core.package_identification:_identify(rospyvenv/lib/python3.10/site-packages/PyQt5/Qt5/plugins/sensorgestures) by extension 'python'
[0.823s] Level 1:colcon.colcon_core.package_identification:_identify(rospyvenv/lib/python3.10/site-packages/PyQt5/Qt5/plugins/sensorgestures) by extensions ['python_setup_py']
[0.823s] Level 1:colcon.colcon_core.package_identification:_identify(rospyvenv/lib/python3.10/site-packages/PyQt5/Qt5/plugins/sensorgestures) by extension 'python_setup_py'
[0.823s] Level 1:colcon.colcon_core.package_identification:_identify(rospyvenv/lib/python3.10/site-packages/PyQt5/Qt5/plugins/sensors) by extensions ['ignore', 'ignore_ament_install']
[0.823s] Level 1:colcon.colcon_core.package_identification:_identify(rospyvenv/lib/python3.10/site-packages/PyQt5/Qt5/plugins/sensors) by extension 'ignore'
[0.823s] Level 1:colcon.colcon_core.package_identification:_identify(rospyvenv/lib/python3.10/site-packages/PyQt5/Qt5/plugins/sensors) by extension 'ignore_ament_install'
[0.823s] Level 1:colcon.colcon_core.package_identification:_identify(rospyvenv/lib/python3.10/site-packages/PyQt5/Qt5/plugins/sensors) by extensions ['colcon_pkg']
[0.823s] Level 1:colcon.colcon_core.package_identification:_identify(rospyvenv/lib/python3.10/site-packages/PyQt5/Qt5/plugins/sensors) by extension 'colcon_pkg'
[0.823s] Level 1:colcon.colcon_core.package_identification:_identify(rospyvenv/lib/python3.10/site-packages/PyQt5/Qt5/plugins/sensors) by extensions ['colcon_meta']
[0.823s] Level 1:colcon.colcon_core.package_identification:_identify(rospyvenv/lib/python3.10/site-packages/PyQt5/Qt5/plugins/sensors) by extension 'colcon_meta'
[0.823s] Level 1:colcon.colcon_core.package_identification:_identify(rospyvenv/lib/python3.10/site-packages/PyQt5/Qt5/plugins/sensors) by extensions ['ros']
[0.823s] Level 1:colcon.colcon_core.package_identification:_identify(rospyvenv/lib/python3.10/site-packages/PyQt5/Qt5/plugins/sensors) by extension 'ros'
[0.823s] Level 1:colcon.colcon_core.package_identification:_identify(rospyvenv/lib/python3.10/site-packages/PyQt5/Qt5/plugins/sensors) by extensions ['cmake', 'python']
[0.824s] Level 1:colcon.colcon_core.package_identification:_identify(rospyvenv/lib/python3.10/site-packages/PyQt5/Qt5/plugins/sensors) by extension 'cmake'
[0.824s] Level 1:colcon.colcon_core.package_identification:_identify(rospyvenv/lib/python3.10/site-packages/PyQt5/Qt5/plugins/sensors) by extension 'python'
[0.824s] Level 1:colcon.colcon_core.package_identification:_identify(rospyvenv/lib/python3.10/site-packages/PyQt5/Qt5/plugins/sensors) by extensions ['python_setup_py']
[0.824s] Level 1:colcon.colcon_core.package_identification:_identify(rospyvenv/lib/python3.10/site-packages/PyQt5/Qt5/plugins/sensors) by extension 'python_setup_py'
[0.824s] Level 1:colcon.colcon_core.package_identification:_identify(rospyvenv/lib/python3.10/site-packages/PyQt5/Qt5/plugins/sqldrivers) by extensions ['ignore', 'ignore_ament_install']
[0.824s] Level 1:colcon.colcon_core.package_identification:_identify(rospyvenv/lib/python3.10/site-packages/PyQt5/Qt5/plugins/sqldrivers) by extension 'ignore'
[0.824s] Level 1:colcon.colcon_core.package_identification:_identify(rospyvenv/lib/python3.10/site-packages/PyQt5/Qt5/plugins/sqldrivers) by extension 'ignore_ament_install'
[0.824s] Level 1:colcon.colcon_core.package_identification:_identify(rospyvenv/lib/python3.10/site-packages/PyQt5/Qt5/plugins/sqldrivers) by extensions ['colcon_pkg']
[0.824s] Level 1:colcon.colcon_core.package_identification:_identify(rospyvenv/lib/python3.10/site-packages/PyQt5/Qt5/plugins/sqldrivers) by extension 'colcon_pkg'
[0.824s] Level 1:colcon.colcon_core.package_identification:_identify(rospyvenv/lib/python3.10/site-packages/PyQt5/Qt5/plugins/sqldrivers) by extensions ['colcon_meta']
[0.824s] Level 1:colcon.colcon_core.package_identification:_identify(rospyvenv/lib/python3.10/site-packages/PyQt5/Qt5/plugins/sqldrivers) by extension 'colcon_meta'
[0.824s] Level 1:colcon.colcon_core.package_identification:_identify(rospyvenv/lib/python3.10/site-packages/PyQt5/Qt5/plugins/sqldrivers) by extensions ['ros']
[0.824s] Level 1:colcon.colcon_core.package_identification:_identify(rospyvenv/lib/python3.10/site-packages/PyQt5/Qt5/plugins/sqldrivers) by extension 'ros'
[0.824s] Level 1:colcon.colcon_core.package_identification:_identify(rospyvenv/lib/python3.10/site-packages/PyQt5/Qt5/plugins/sqldrivers) by extensions ['cmake', 'python']
[0.824s] Level 1:colcon.colcon_core.package_identification:_identify(rospyvenv/lib/python3.10/site-packages/PyQt5/Qt5/plugins/sqldrivers) by extension 'cmake'
[0.824s] Level 1:colcon.colcon_core.package_identification:_identify(rospyvenv/lib/python3.10/site-packages/PyQt5/Qt5/plugins/sqldrivers) by extension 'python'
[0.825s] Level 1:colcon.colcon_core.package_identification:_identify(rospyvenv/lib/python3.10/site-packages/PyQt5/Qt5/plugins/sqldrivers) by extensions ['python_setup_py']
[0.825s] Level 1:colcon.colcon_core.package_identification:_identify(rospyvenv/lib/python3.10/site-packages/PyQt5/Qt5/plugins/sqldrivers) by extension 'python_setup_py'
[0.825s] Level 1:colcon.colcon_core.package_identification:_identify(rospyvenv/lib/python3.10/site-packages/PyQt5/Qt5/plugins/texttospeech) by extensions ['ignore', 'ignore_ament_install']
[0.825s] Level 1:colcon.colcon_core.package_identification:_identify(rospyvenv/lib/python3.10/site-packages/PyQt5/Qt5/plugins/texttospeech) by extension 'ignore'
[0.825s] Level 1:colcon.colcon_core.package_identification:_identify(rospyvenv/lib/python3.10/site-packages/PyQt5/Qt5/plugins/texttospeech) by extension 'ignore_ament_install'
[0.825s] Level 1:colcon.colcon_core.package_identification:_identify(rospyvenv/lib/python3.10/site-packages/PyQt5/Qt5/plugins/texttospeech) by extensions ['colcon_pkg']
[0.825s] Level 1:colcon.colcon_core.package_identification:_identify(rospyvenv/lib/python3.10/site-packages/PyQt5/Qt5/plugins/texttospeech) by extension 'colcon_pkg'
[0.825s] Level 1:colcon.colcon_core.package_identification:_identify(rospyvenv/lib/python3.10/site-packages/PyQt5/Qt5/plugins/texttospeech) by extensions ['colcon_meta']
[0.825s] Level 1:colcon.colcon_core.package_identification:_identify(rospyvenv/lib/python3.10/site-packages/PyQt5/Qt5/plugins/texttospeech) by extension 'colcon_meta'
[0.825s] Level 1:colcon.colcon_core.package_identification:_identify(rospyvenv/lib/python3.10/site-packages/PyQt5/Qt5/plugins/texttospeech) by extensions ['ros']
[0.825s] Level 1:colcon.colcon_core.package_identification:_identify(rospyvenv/lib/python3.10/site-packages/PyQt5/Qt5/plugins/texttospeech) by extension 'ros'
[0.825s] Level 1:colcon.colcon_core.package_identification:_identify(rospyvenv/lib/python3.10/site-packages/PyQt5/Qt5/plugins/texttospeech) by extensions ['cmake', 'python']
[0.825s] Level 1:colcon.colcon_core.package_identification:_identify(rospyvenv/lib/python3.10/site-packages/PyQt5/Qt5/plugins/texttospeech) by extension 'cmake'
[0.825s] Level 1:colcon.colcon_core.package_identification:_identify(rospyvenv/lib/python3.10/site-packages/PyQt5/Qt5/plugins/texttospeech) by extension 'python'
[0.825s] Level 1:colcon.colcon_core.package_identification:_identify(rospyvenv/lib/python3.10/site-packages/PyQt5/Qt5/plugins/texttospeech) by extensions ['python_setup_py']
[0.825s] Level 1:colcon.colcon_core.package_identification:_identify(rospyvenv/lib/python3.10/site-packages/PyQt5/Qt5/plugins/texttospeech) by extension 'python_setup_py'
[0.826s] Level 1:colcon.colcon_core.package_identification:_identify(rospyvenv/lib/python3.10/site-packages/PyQt5/Qt5/plugins/wayland-decoration-client) by extensions ['ignore', 'ignore_ament_install']
[0.826s] Level 1:colcon.colcon_core.package_identification:_identify(rospyvenv/lib/python3.10/site-packages/PyQt5/Qt5/plugins/wayland-decoration-client) by extension 'ignore'
[0.826s] Level 1:colcon.colcon_core.package_identification:_identify(rospyvenv/lib/python3.10/site-packages/PyQt5/Qt5/plugins/wayland-decoration-client) by extension 'ignore_ament_install'
[0.826s] Level 1:colcon.colcon_core.package_identification:_identify(rospyvenv/lib/python3.10/site-packages/PyQt5/Qt5/plugins/wayland-decoration-client) by extensions ['colcon_pkg']
[0.826s] Level 1:colcon.colcon_core.package_identification:_identify(rospyvenv/lib/python3.10/site-packages/PyQt5/Qt5/plugins/wayland-decoration-client) by extension 'colcon_pkg'
[0.826s] Level 1:colcon.colcon_core.package_identification:_identify(rospyvenv/lib/python3.10/site-packages/PyQt5/Qt5/plugins/wayland-decoration-client) by extensions ['colcon_meta']
[0.826s] Level 1:colcon.colcon_core.package_identification:_identify(rospyvenv/lib/python3.10/site-packages/PyQt5/Qt5/plugins/wayland-decoration-client) by extension 'colcon_meta'
[0.826s] Level 1:colcon.colcon_core.package_identification:_identify(rospyvenv/lib/python3.10/site-packages/PyQt5/Qt5/plugins/wayland-decoration-client) by extensions ['ros']
[0.826s] Level 1:colcon.colcon_core.package_identification:_identify(rospyvenv/lib/python3.10/site-packages/PyQt5/Qt5/plugins/wayland-decoration-client) by extension 'ros'
[0.826s] Level 1:colcon.colcon_core.package_identification:_identify(rospyvenv/lib/python3.10/site-packages/PyQt5/Qt5/plugins/wayland-decoration-client) by extensions ['cmake', 'python']
[0.826s] Level 1:colcon.colcon_core.package_identification:_identify(rospyvenv/lib/python3.10/site-packages/PyQt5/Qt5/plugins/wayland-decoration-client) by extension 'cmake'
[0.826s] Level 1:colcon.colcon_core.package_identification:_identify(rospyvenv/lib/python3.10/site-packages/PyQt5/Qt5/plugins/wayland-decoration-client) by extension 'python'
[0.826s] Level 1:colcon.colcon_core.package_identification:_identify(rospyvenv/lib/python3.10/site-packages/PyQt5/Qt5/plugins/wayland-decoration-client) by extensions ['python_setup_py']
[0.826s] Level 1:colcon.colcon_core.package_identification:_identify(rospyvenv/lib/python3.10/site-packages/PyQt5/Qt5/plugins/wayland-decoration-client) by extension 'python_setup_py'
[0.827s] Level 1:colcon.colcon_core.package_identification:_identify(rospyvenv/lib/python3.10/site-packages/PyQt5/Qt5/plugins/wayland-graphics-integration-client) by extensions ['ignore', 'ignore_ament_install']
[0.827s] Level 1:colcon.colcon_core.package_identification:_identify(rospyvenv/lib/python3.10/site-packages/PyQt5/Qt5/plugins/wayland-graphics-integration-client) by extension 'ignore'
[0.827s] Level 1:colcon.colcon_core.package_identification:_identify(rospyvenv/lib/python3.10/site-packages/PyQt5/Qt5/plugins/wayland-graphics-integration-client) by extension 'ignore_ament_install'
[0.827s] Level 1:colcon.colcon_core.package_identification:_identify(rospyvenv/lib/python3.10/site-packages/PyQt5/Qt5/plugins/wayland-graphics-integration-client) by extensions ['colcon_pkg']
[0.827s] Level 1:colcon.colcon_core.package_identification:_identify(rospyvenv/lib/python3.10/site-packages/PyQt5/Qt5/plugins/wayland-graphics-integration-client) by extension 'colcon_pkg'
[0.827s] Level 1:colcon.colcon_core.package_identification:_identify(rospyvenv/lib/python3.10/site-packages/PyQt5/Qt5/plugins/wayland-graphics-integration-client) by extensions ['colcon_meta']
[0.827s] Level 1:colcon.colcon_core.package_identification:_identify(rospyvenv/lib/python3.10/site-packages/PyQt5/Qt5/plugins/wayland-graphics-integration-client) by extension 'colcon_meta'
[0.827s] Level 1:colcon.colcon_core.package_identification:_identify(rospyvenv/lib/python3.10/site-packages/PyQt5/Qt5/plugins/wayland-graphics-integration-client) by extensions ['ros']
[0.827s] Level 1:colcon.colcon_core.package_identification:_identify(rospyvenv/lib/python3.10/site-packages/PyQt5/Qt5/plugins/wayland-graphics-integration-client) by extension 'ros'
[0.827s] Level 1:colcon.colcon_core.package_identification:_identify(rospyvenv/lib/python3.10/site-packages/PyQt5/Qt5/plugins/wayland-graphics-integration-client) by extensions ['cmake', 'python']
[0.827s] Level 1:colcon.colcon_core.package_identification:_identify(rospyvenv/lib/python3.10/site-packages/PyQt5/Qt5/plugins/wayland-graphics-integration-client) by extension 'cmake'
[0.827s] Level 1:colcon.colcon_core.package_identification:_identify(rospyvenv/lib/python3.10/site-packages/PyQt5/Qt5/plugins/wayland-graphics-integration-client) by extension 'python'
[0.827s] Level 1:colcon.colcon_core.package_identification:_identify(rospyvenv/lib/python3.10/site-packages/PyQt5/Qt5/plugins/wayland-graphics-integration-client) by extensions ['python_setup_py']
[0.827s] Level 1:colcon.colcon_core.package_identification:_identify(rospyvenv/lib/python3.10/site-packages/PyQt5/Qt5/plugins/wayland-graphics-integration-client) by extension 'python_setup_py'
[0.828s] Level 1:colcon.colcon_core.package_identification:_identify(rospyvenv/lib/python3.10/site-packages/PyQt5/Qt5/plugins/wayland-shell-integration) by extensions ['ignore', 'ignore_ament_install']
[0.828s] Level 1:colcon.colcon_core.package_identification:_identify(rospyvenv/lib/python3.10/site-packages/PyQt5/Qt5/plugins/wayland-shell-integration) by extension 'ignore'
[0.828s] Level 1:colcon.colcon_core.package_identification:_identify(rospyvenv/lib/python3.10/site-packages/PyQt5/Qt5/plugins/wayland-shell-integration) by extension 'ignore_ament_install'
[0.828s] Level 1:colcon.colcon_core.package_identification:_identify(rospyvenv/lib/python3.10/site-packages/PyQt5/Qt5/plugins/wayland-shell-integration) by extensions ['colcon_pkg']
[0.828s] Level 1:colcon.colcon_core.package_identification:_identify(rospyvenv/lib/python3.10/site-packages/PyQt5/Qt5/plugins/wayland-shell-integration) by extension 'colcon_pkg'
[0.828s] Level 1:colcon.colcon_core.package_identification:_identify(rospyvenv/lib/python3.10/site-packages/PyQt5/Qt5/plugins/wayland-shell-integration) by extensions ['colcon_meta']
[0.828s] Level 1:colcon.colcon_core.package_identification:_identify(rospyvenv/lib/python3.10/site-packages/PyQt5/Qt5/plugins/wayland-shell-integration) by extension 'colcon_meta'
[0.828s] Level 1:colcon.colcon_core.package_identification:_identify(rospyvenv/lib/python3.10/site-packages/PyQt5/Qt5/plugins/wayland-shell-integration) by extensions ['ros']
[0.828s] Level 1:colcon.colcon_core.package_identification:_identify(rospyvenv/lib/python3.10/site-packages/PyQt5/Qt5/plugins/wayland-shell-integration) by extension 'ros'
[0.828s] Level 1:colcon.colcon_core.package_identification:_identify(rospyvenv/lib/python3.10/site-packages/PyQt5/Qt5/plugins/wayland-shell-integration) by extensions ['cmake', 'python']
[0.828s] Level 1:colcon.colcon_core.package_identification:_identify(rospyvenv/lib/python3.10/site-packages/PyQt5/Qt5/plugins/wayland-shell-integration) by extension 'cmake'
[0.828s] Level 1:colcon.colcon_core.package_identification:_identify(rospyvenv/lib/python3.10/site-packages/PyQt5/Qt5/plugins/wayland-shell-integration) by extension 'python'
[0.828s] Level 1:colcon.colcon_core.package_identification:_identify(rospyvenv/lib/python3.10/site-packages/PyQt5/Qt5/plugins/wayland-shell-integration) by extensions ['python_setup_py']
[0.828s] Level 1:colcon.colcon_core.package_identification:_identify(rospyvenv/lib/python3.10/site-packages/PyQt5/Qt5/plugins/wayland-shell-integration) by extension 'python_setup_py'
[0.828s] Level 1:colcon.colcon_core.package_identification:_identify(rospyvenv/lib/python3.10/site-packages/PyQt5/Qt5/plugins/webview) by extensions ['ignore', 'ignore_ament_install']
[0.829s] Level 1:colcon.colcon_core.package_identification:_identify(rospyvenv/lib/python3.10/site-packages/PyQt5/Qt5/plugins/webview) by extension 'ignore'
[0.829s] Level 1:colcon.colcon_core.package_identification:_identify(rospyvenv/lib/python3.10/site-packages/PyQt5/Qt5/plugins/webview) by extension 'ignore_ament_install'
[0.829s] Level 1:colcon.colcon_core.package_identification:_identify(rospyvenv/lib/python3.10/site-packages/PyQt5/Qt5/plugins/webview) by extensions ['colcon_pkg']
[0.829s] Level 1:colcon.colcon_core.package_identification:_identify(rospyvenv/lib/python3.10/site-packages/PyQt5/Qt5/plugins/webview) by extension 'colcon_pkg'
[0.829s] Level 1:colcon.colcon_core.package_identification:_identify(rospyvenv/lib/python3.10/site-packages/PyQt5/Qt5/plugins/webview) by extensions ['colcon_meta']
[0.829s] Level 1:colcon.colcon_core.package_identification:_identify(rospyvenv/lib/python3.10/site-packages/PyQt5/Qt5/plugins/webview) by extension 'colcon_meta'
[0.829s] Level 1:colcon.colcon_core.package_identification:_identify(rospyvenv/lib/python3.10/site-packages/PyQt5/Qt5/plugins/webview) by extensions ['ros']
[0.829s] Level 1:colcon.colcon_core.package_identification:_identify(rospyvenv/lib/python3.10/site-packages/PyQt5/Qt5/plugins/webview) by extension 'ros'
[0.829s] Level 1:colcon.colcon_core.package_identification:_identify(rospyvenv/lib/python3.10/site-packages/PyQt5/Qt5/plugins/webview) by extensions ['cmake', 'python']
[0.829s] Level 1:colcon.colcon_core.package_identification:_identify(rospyvenv/lib/python3.10/site-packages/PyQt5/Qt5/plugins/webview) by extension 'cmake'
[0.829s] Level 1:colcon.colcon_core.package_identification:_identify(rospyvenv/lib/python3.10/site-packages/PyQt5/Qt5/plugins/webview) by extension 'python'
[0.829s] Level 1:colcon.colcon_core.package_identification:_identify(rospyvenv/lib/python3.10/site-packages/PyQt5/Qt5/plugins/webview) by extensions ['python_setup_py']
[0.829s] Level 1:colcon.colcon_core.package_identification:_identify(rospyvenv/lib/python3.10/site-packages/PyQt5/Qt5/plugins/webview) by extension 'python_setup_py'
[0.829s] Level 1:colcon.colcon_core.package_identification:_identify(rospyvenv/lib/python3.10/site-packages/PyQt5/Qt5/plugins/xcbglintegrations) by extensions ['ignore', 'ignore_ament_install']
[0.830s] Level 1:colcon.colcon_core.package_identification:_identify(rospyvenv/lib/python3.10/site-packages/PyQt5/Qt5/plugins/xcbglintegrations) by extension 'ignore'
[0.830s] Level 1:colcon.colcon_core.package_identification:_identify(rospyvenv/lib/python3.10/site-packages/PyQt5/Qt5/plugins/xcbglintegrations) by extension 'ignore_ament_install'
[0.830s] Level 1:colcon.colcon_core.package_identification:_identify(rospyvenv/lib/python3.10/site-packages/PyQt5/Qt5/plugins/xcbglintegrations) by extensions ['colcon_pkg']
[0.830s] Level 1:colcon.colcon_core.package_identification:_identify(rospyvenv/lib/python3.10/site-packages/PyQt5/Qt5/plugins/xcbglintegrations) by extension 'colcon_pkg'
[0.830s] Level 1:colcon.colcon_core.package_identification:_identify(rospyvenv/lib/python3.10/site-packages/PyQt5/Qt5/plugins/xcbglintegrations) by extensions ['colcon_meta']
[0.830s] Level 1:colcon.colcon_core.package_identification:_identify(rospyvenv/lib/python3.10/site-packages/PyQt5/Qt5/plugins/xcbglintegrations) by extension 'colcon_meta'
[0.830s] Level 1:colcon.colcon_core.package_identification:_identify(rospyvenv/lib/python3.10/site-packages/PyQt5/Qt5/plugins/xcbglintegrations) by extensions ['ros']
[0.830s] Level 1:colcon.colcon_core.package_identification:_identify(rospyvenv/lib/python3.10/site-packages/PyQt5/Qt5/plugins/xcbglintegrations) by extension 'ros'
[0.830s] Level 1:colcon.colcon_core.package_identification:_identify(rospyvenv/lib/python3.10/site-packages/PyQt5/Qt5/plugins/xcbglintegrations) by extensions ['cmake', 'python']
[0.830s] Level 1:colcon.colcon_core.package_identification:_identify(rospyvenv/lib/python3.10/site-packages/PyQt5/Qt5/plugins/xcbglintegrations) by extension 'cmake'
[0.830s] Level 1:colcon.colcon_core.package_identification:_identify(rospyvenv/lib/python3.10/site-packages/PyQt5/Qt5/plugins/xcbglintegrations) by extension 'python'
[0.830s] Level 1:colcon.colcon_core.package_identification:_identify(rospyvenv/lib/python3.10/site-packages/PyQt5/Qt5/plugins/xcbglintegrations) by extensions ['python_setup_py']
[0.830s] Level 1:colcon.colcon_core.package_identification:_identify(rospyvenv/lib/python3.10/site-packages/PyQt5/Qt5/plugins/xcbglintegrations) by extension 'python_setup_py'
[0.831s] Level 1:colcon.colcon_core.package_identification:_identify(rospyvenv/lib/python3.10/site-packages/PyQt5/Qt5/qml) by extensions ['ignore', 'ignore_ament_install']
[0.831s] Level 1:colcon.colcon_core.package_identification:_identify(rospyvenv/lib/python3.10/site-packages/PyQt5/Qt5/qml) by extension 'ignore'
[0.831s] Level 1:colcon.colcon_core.package_identification:_identify(rospyvenv/lib/python3.10/site-packages/PyQt5/Qt5/qml) by extension 'ignore_ament_install'
[0.831s] Level 1:colcon.colcon_core.package_identification:_identify(rospyvenv/lib/python3.10/site-packages/PyQt5/Qt5/qml) by extensions ['colcon_pkg']
[0.831s] Level 1:colcon.colcon_core.package_identification:_identify(rospyvenv/lib/python3.10/site-packages/PyQt5/Qt5/qml) by extension 'colcon_pkg'
[0.831s] Level 1:colcon.colcon_core.package_identification:_identify(rospyvenv/lib/python3.10/site-packages/PyQt5/Qt5/qml) by extensions ['colcon_meta']
[0.831s] Level 1:colcon.colcon_core.package_identification:_identify(rospyvenv/lib/python3.10/site-packages/PyQt5/Qt5/qml) by extension 'colcon_meta'
[0.831s] Level 1:colcon.colcon_core.package_identification:_identify(rospyvenv/lib/python3.10/site-packages/PyQt5/Qt5/qml) by extensions ['ros']
[0.831s] Level 1:colcon.colcon_core.package_identification:_identify(rospyvenv/lib/python3.10/site-packages/PyQt5/Qt5/qml) by extension 'ros'
[0.831s] Level 1:colcon.colcon_core.package_identification:_identify(rospyvenv/lib/python3.10/site-packages/PyQt5/Qt5/qml) by extensions ['cmake', 'python']
[0.831s] Level 1:colcon.colcon_core.package_identification:_identify(rospyvenv/lib/python3.10/site-packages/PyQt5/Qt5/qml) by extension 'cmake'
[0.831s] Level 1:colcon.colcon_core.package_identification:_identify(rospyvenv/lib/python3.10/site-packages/PyQt5/Qt5/qml) by extension 'python'
[0.831s] Level 1:colcon.colcon_core.package_identification:_identify(rospyvenv/lib/python3.10/site-packages/PyQt5/Qt5/qml) by extensions ['python_setup_py']
[0.831s] Level 1:colcon.colcon_core.package_identification:_identify(rospyvenv/lib/python3.10/site-packages/PyQt5/Qt5/qml) by extension 'python_setup_py'
[0.831s] Level 1:colcon.colcon_core.package_identification:_identify(rospyvenv/lib/python3.10/site-packages/PyQt5/Qt5/qml/Qt) by extensions ['ignore', 'ignore_ament_install']
[0.831s] Level 1:colcon.colcon_core.package_identification:_identify(rospyvenv/lib/python3.10/site-packages/PyQt5/Qt5/qml/Qt) by extension 'ignore'
[0.832s] Level 1:colcon.colcon_core.package_identification:_identify(rospyvenv/lib/python3.10/site-packages/PyQt5/Qt5/qml/Qt) by extension 'ignore_ament_install'
[0.832s] Level 1:colcon.colcon_core.package_identification:_identify(rospyvenv/lib/python3.10/site-packages/PyQt5/Qt5/qml/Qt) by extensions ['colcon_pkg']
[0.832s] Level 1:colcon.colcon_core.package_identification:_identify(rospyvenv/lib/python3.10/site-packages/PyQt5/Qt5/qml/Qt) by extension 'colcon_pkg'
[0.832s] Level 1:colcon.colcon_core.package_identification:_identify(rospyvenv/lib/python3.10/site-packages/PyQt5/Qt5/qml/Qt) by extensions ['colcon_meta']
[0.832s] Level 1:colcon.colcon_core.package_identification:_identify(rospyvenv/lib/python3.10/site-packages/PyQt5/Qt5/qml/Qt) by extension 'colcon_meta'
[0.832s] Level 1:colcon.colcon_core.package_identification:_identify(rospyvenv/lib/python3.10/site-packages/PyQt5/Qt5/qml/Qt) by extensions ['ros']
[0.832s] Level 1:colcon.colcon_core.package_identification:_identify(rospyvenv/lib/python3.10/site-packages/PyQt5/Qt5/qml/Qt) by extension 'ros'
[0.832s] Level 1:colcon.colcon_core.package_identification:_identify(rospyvenv/lib/python3.10/site-packages/PyQt5/Qt5/qml/Qt) by extensions ['cmake', 'python']
[0.832s] Level 1:colcon.colcon_core.package_identification:_identify(rospyvenv/lib/python3.10/site-packages/PyQt5/Qt5/qml/Qt) by extension 'cmake'
[0.832s] Level 1:colcon.colcon_core.package_identification:_identify(rospyvenv/lib/python3.10/site-packages/PyQt5/Qt5/qml/Qt) by extension 'python'
[0.832s] Level 1:colcon.colcon_core.package_identification:_identify(rospyvenv/lib/python3.10/site-packages/PyQt5/Qt5/qml/Qt) by extensions ['python_setup_py']
[0.832s] Level 1:colcon.colcon_core.package_identification:_identify(rospyvenv/lib/python3.10/site-packages/PyQt5/Qt5/qml/Qt) by extension 'python_setup_py'
[0.832s] Level 1:colcon.colcon_core.package_identification:_identify(rospyvenv/lib/python3.10/site-packages/PyQt5/Qt5/qml/Qt/WebSockets) by extensions ['ignore', 'ignore_ament_install']
[0.832s] Level 1:colcon.colcon_core.package_identification:_identify(rospyvenv/lib/python3.10/site-packages/PyQt5/Qt5/qml/Qt/WebSockets) by extension 'ignore'
[0.832s] Level 1:colcon.colcon_core.package_identification:_identify(rospyvenv/lib/python3.10/site-packages/PyQt5/Qt5/qml/Qt/WebSockets) by extension 'ignore_ament_install'
[0.832s] Level 1:colcon.colcon_core.package_identification:_identify(rospyvenv/lib/python3.10/site-packages/PyQt5/Qt5/qml/Qt/WebSockets) by extensions ['colcon_pkg']
[0.832s] Level 1:colcon.colcon_core.package_identification:_identify(rospyvenv/lib/python3.10/site-packages/PyQt5/Qt5/qml/Qt/WebSockets) by extension 'colcon_pkg'
[0.833s] Level 1:colcon.colcon_core.package_identification:_identify(rospyvenv/lib/python3.10/site-packages/PyQt5/Qt5/qml/Qt/WebSockets) by extensions ['colcon_meta']
[0.833s] Level 1:colcon.colcon_core.package_identification:_identify(rospyvenv/lib/python3.10/site-packages/PyQt5/Qt5/qml/Qt/WebSockets) by extension 'colcon_meta'
[0.833s] Level 1:colcon.colcon_core.package_identification:_identify(rospyvenv/lib/python3.10/site-packages/PyQt5/Qt5/qml/Qt/WebSockets) by extensions ['ros']
[0.833s] Level 1:colcon.colcon_core.package_identification:_identify(rospyvenv/lib/python3.10/site-packages/PyQt5/Qt5/qml/Qt/WebSockets) by extension 'ros'
[0.833s] Level 1:colcon.colcon_core.package_identification:_identify(rospyvenv/lib/python3.10/site-packages/PyQt5/Qt5/qml/Qt/WebSockets) by extensions ['cmake', 'python']
[0.833s] Level 1:colcon.colcon_core.package_identification:_identify(rospyvenv/lib/python3.10/site-packages/PyQt5/Qt5/qml/Qt/WebSockets) by extension 'cmake'
[0.833s] Level 1:colcon.colcon_core.package_identification:_identify(rospyvenv/lib/python3.10/site-packages/PyQt5/Qt5/qml/Qt/WebSockets) by extension 'python'
[0.833s] Level 1:colcon.colcon_core.package_identification:_identify(rospyvenv/lib/python3.10/site-packages/PyQt5/Qt5/qml/Qt/WebSockets) by extensions ['python_setup_py']
[0.833s] Level 1:colcon.colcon_core.package_identification:_identify(rospyvenv/lib/python3.10/site-packages/PyQt5/Qt5/qml/Qt/WebSockets) by extension 'python_setup_py'
[0.833s] Level 1:colcon.colcon_core.package_identification:_identify(rospyvenv/lib/python3.10/site-packages/PyQt5/Qt5/qml/Qt/labs) by extensions ['ignore', 'ignore_ament_install']
[0.833s] Level 1:colcon.colcon_core.package_identification:_identify(rospyvenv/lib/python3.10/site-packages/PyQt5/Qt5/qml/Qt/labs) by extension 'ignore'
[0.833s] Level 1:colcon.colcon_core.package_identification:_identify(rospyvenv/lib/python3.10/site-packages/PyQt5/Qt5/qml/Qt/labs) by extension 'ignore_ament_install'
[0.834s] Level 1:colcon.colcon_core.package_identification:_identify(rospyvenv/lib/python3.10/site-packages/PyQt5/Qt5/qml/Qt/labs) by extensions ['colcon_pkg']
[0.834s] Level 1:colcon.colcon_core.package_identification:_identify(rospyvenv/lib/python3.10/site-packages/PyQt5/Qt5/qml/Qt/labs) by extension 'colcon_pkg'
[0.834s] Level 1:colcon.colcon_core.package_identification:_identify(rospyvenv/lib/python3.10/site-packages/PyQt5/Qt5/qml/Qt/labs) by extensions ['colcon_meta']
[0.834s] Level 1:colcon.colcon_core.package_identification:_identify(rospyvenv/lib/python3.10/site-packages/PyQt5/Qt5/qml/Qt/labs) by extension 'colcon_meta'
[0.834s] Level 1:colcon.colcon_core.package_identification:_identify(rospyvenv/lib/python3.10/site-packages/PyQt5/Qt5/qml/Qt/labs) by extensions ['ros']
[0.834s] Level 1:colcon.colcon_core.package_identification:_identify(rospyvenv/lib/python3.10/site-packages/PyQt5/Qt5/qml/Qt/labs) by extension 'ros'
[0.834s] Level 1:colcon.colcon_core.package_identification:_identify(rospyvenv/lib/python3.10/site-packages/PyQt5/Qt5/qml/Qt/labs) by extensions ['cmake', 'python']
[0.834s] Level 1:colcon.colcon_core.package_identification:_identify(rospyvenv/lib/python3.10/site-packages/PyQt5/Qt5/qml/Qt/labs) by extension 'cmake'
[0.834s] Level 1:colcon.colcon_core.package_identification:_identify(rospyvenv/lib/python3.10/site-packages/PyQt5/Qt5/qml/Qt/labs) by extension 'python'
[0.834s] Level 1:colcon.colcon_core.package_identification:_identify(rospyvenv/lib/python3.10/site-packages/PyQt5/Qt5/qml/Qt/labs) by extensions ['python_setup_py']
[0.834s] Level 1:colcon.colcon_core.package_identification:_identify(rospyvenv/lib/python3.10/site-packages/PyQt5/Qt5/qml/Qt/labs) by extension 'python_setup_py'
[0.834s] Level 1:colcon.colcon_core.package_identification:_identify(rospyvenv/lib/python3.10/site-packages/PyQt5/Qt5/qml/Qt/labs/animation) by extensions ['ignore', 'ignore_ament_install']
[0.834s] Level 1:colcon.colcon_core.package_identification:_identify(rospyvenv/lib/python3.10/site-packages/PyQt5/Qt5/qml/Qt/labs/animation) by extension 'ignore'
[0.835s] Level 1:colcon.colcon_core.package_identification:_identify(rospyvenv/lib/python3.10/site-packages/PyQt5/Qt5/qml/Qt/labs/animation) by extension 'ignore_ament_install'
[0.835s] Level 1:colcon.colcon_core.package_identification:_identify(rospyvenv/lib/python3.10/site-packages/PyQt5/Qt5/qml/Qt/labs/animation) by extensions ['colcon_pkg']
[0.835s] Level 1:colcon.colcon_core.package_identification:_identify(rospyvenv/lib/python3.10/site-packages/PyQt5/Qt5/qml/Qt/labs/animation) by extension 'colcon_pkg'
[0.835s] Level 1:colcon.colcon_core.package_identification:_identify(rospyvenv/lib/python3.10/site-packages/PyQt5/Qt5/qml/Qt/labs/animation) by extensions ['colcon_meta']
[0.835s] Level 1:colcon.colcon_core.package_identification:_identify(rospyvenv/lib/python3.10/site-packages/PyQt5/Qt5/qml/Qt/labs/animation) by extension 'colcon_meta'
[0.835s] Level 1:colcon.colcon_core.package_identification:_identify(rospyvenv/lib/python3.10/site-packages/PyQt5/Qt5/qml/Qt/labs/animation) by extensions ['ros']
[0.835s] Level 1:colcon.colcon_core.package_identification:_identify(rospyvenv/lib/python3.10/site-packages/PyQt5/Qt5/qml/Qt/labs/animation) by extension 'ros'
[0.835s] Level 1:colcon.colcon_core.package_identification:_identify(rospyvenv/lib/python3.10/site-packages/PyQt5/Qt5/qml/Qt/labs/animation) by extensions ['cmake', 'python']
[0.835s] Level 1:colcon.colcon_core.package_identification:_identify(rospyvenv/lib/python3.10/site-packages/PyQt5/Qt5/qml/Qt/labs/animation) by extension 'cmake'
[0.835s] Level 1:colcon.colcon_core.package_identification:_identify(rospyvenv/lib/python3.10/site-packages/PyQt5/Qt5/qml/Qt/labs/animation) by extension 'python'
[0.835s] Level 1:colcon.colcon_core.package_identification:_identify(rospyvenv/lib/python3.10/site-packages/PyQt5/Qt5/qml/Qt/labs/animation) by extensions ['python_setup_py']
[0.835s] Level 1:colcon.colcon_core.package_identification:_identify(rospyvenv/lib/python3.10/site-packages/PyQt5/Qt5/qml/Qt/labs/animation) by extension 'python_setup_py'
[0.835s] Level 1:colcon.colcon_core.package_identification:_identify(rospyvenv/lib/python3.10/site-packages/PyQt5/Qt5/qml/Qt/labs/calendar) by extensions ['ignore', 'ignore_ament_install']
[0.835s] Level 1:colcon.colcon_core.package_identification:_identify(rospyvenv/lib/python3.10/site-packages/PyQt5/Qt5/qml/Qt/labs/calendar) by extension 'ignore'
[0.835s] Level 1:colcon.colcon_core.package_identification:_identify(rospyvenv/lib/python3.10/site-packages/PyQt5/Qt5/qml/Qt/labs/calendar) by extension 'ignore_ament_install'
[0.836s] Level 1:colcon.colcon_core.package_identification:_identify(rospyvenv/lib/python3.10/site-packages/PyQt5/Qt5/qml/Qt/labs/calendar) by extensions ['colcon_pkg']
[0.836s] Level 1:colcon.colcon_core.package_identification:_identify(rospyvenv/lib/python3.10/site-packages/PyQt5/Qt5/qml/Qt/labs/calendar) by extension 'colcon_pkg'
[0.836s] Level 1:colcon.colcon_core.package_identification:_identify(rospyvenv/lib/python3.10/site-packages/PyQt5/Qt5/qml/Qt/labs/calendar) by extensions ['colcon_meta']
[0.836s] Level 1:colcon.colcon_core.package_identification:_identify(rospyvenv/lib/python3.10/site-packages/PyQt5/Qt5/qml/Qt/labs/calendar) by extension 'colcon_meta'
[0.836s] Level 1:colcon.colcon_core.package_identification:_identify(rospyvenv/lib/python3.10/site-packages/PyQt5/Qt5/qml/Qt/labs/calendar) by extensions ['ros']
[0.836s] Level 1:colcon.colcon_core.package_identification:_identify(rospyvenv/lib/python3.10/site-packages/PyQt5/Qt5/qml/Qt/labs/calendar) by extension 'ros'
[0.836s] Level 1:colcon.colcon_core.package_identification:_identify(rospyvenv/lib/python3.10/site-packages/PyQt5/Qt5/qml/Qt/labs/calendar) by extensions ['cmake', 'python']
[0.836s] Level 1:colcon.colcon_core.package_identification:_identify(rospyvenv/lib/python3.10/site-packages/PyQt5/Qt5/qml/Qt/labs/calendar) by extension 'cmake'
[0.836s] Level 1:colcon.colcon_core.package_identification:_identify(rospyvenv/lib/python3.10/site-packages/PyQt5/Qt5/qml/Qt/labs/calendar) by extension 'python'
[0.836s] Level 1:colcon.colcon_core.package_identification:_identify(rospyvenv/lib/python3.10/site-packages/PyQt5/Qt5/qml/Qt/labs/calendar) by extensions ['python_setup_py']
[0.836s] Level 1:colcon.colcon_core.package_identification:_identify(rospyvenv/lib/python3.10/site-packages/PyQt5/Qt5/qml/Qt/labs/calendar) by extension 'python_setup_py'
[0.836s] Level 1:colcon.colcon_core.package_identification:_identify(rospyvenv/lib/python3.10/site-packages/PyQt5/Qt5/qml/Qt/labs/folderlistmodel) by extensions ['ignore', 'ignore_ament_install']
[0.836s] Level 1:colcon.colcon_core.package_identification:_identify(rospyvenv/lib/python3.10/site-packages/PyQt5/Qt5/qml/Qt/labs/folderlistmodel) by extension 'ignore'
[0.836s] Level 1:colcon.colcon_core.package_identification:_identify(rospyvenv/lib/python3.10/site-packages/PyQt5/Qt5/qml/Qt/labs/folderlistmodel) by extension 'ignore_ament_install'
[0.836s] Level 1:colcon.colcon_core.package_identification:_identify(rospyvenv/lib/python3.10/site-packages/PyQt5/Qt5/qml/Qt/labs/folderlistmodel) by extensions ['colcon_pkg']
[0.837s] Level 1:colcon.colcon_core.package_identification:_identify(rospyvenv/lib/python3.10/site-packages/PyQt5/Qt5/qml/Qt/labs/folderlistmodel) by extension 'colcon_pkg'
[0.837s] Level 1:colcon.colcon_core.package_identification:_identify(rospyvenv/lib/python3.10/site-packages/PyQt5/Qt5/qml/Qt/labs/folderlistmodel) by extensions ['colcon_meta']
[0.837s] Level 1:colcon.colcon_core.package_identification:_identify(rospyvenv/lib/python3.10/site-packages/PyQt5/Qt5/qml/Qt/labs/folderlistmodel) by extension 'colcon_meta'
[0.837s] Level 1:colcon.colcon_core.package_identification:_identify(rospyvenv/lib/python3.10/site-packages/PyQt5/Qt5/qml/Qt/labs/folderlistmodel) by extensions ['ros']
[0.837s] Level 1:colcon.colcon_core.package_identification:_identify(rospyvenv/lib/python3.10/site-packages/PyQt5/Qt5/qml/Qt/labs/folderlistmodel) by extension 'ros'
[0.837s] Level 1:colcon.colcon_core.package_identification:_identify(rospyvenv/lib/python3.10/site-packages/PyQt5/Qt5/qml/Qt/labs/folderlistmodel) by extensions ['cmake', 'python']
[0.837s] Level 1:colcon.colcon_core.package_identification:_identify(rospyvenv/lib/python3.10/site-packages/PyQt5/Qt5/qml/Qt/labs/folderlistmodel) by extension 'cmake'
[0.837s] Level 1:colcon.colcon_core.package_identification:_identify(rospyvenv/lib/python3.10/site-packages/PyQt5/Qt5/qml/Qt/labs/folderlistmodel) by extension 'python'
[0.837s] Level 1:colcon.colcon_core.package_identification:_identify(rospyvenv/lib/python3.10/site-packages/PyQt5/Qt5/qml/Qt/labs/folderlistmodel) by extensions ['python_setup_py']
[0.837s] Level 1:colcon.colcon_core.package_identification:_identify(rospyvenv/lib/python3.10/site-packages/PyQt5/Qt5/qml/Qt/labs/folderlistmodel) by extension 'python_setup_py'
[0.837s] Level 1:colcon.colcon_core.package_identification:_identify(rospyvenv/lib/python3.10/site-packages/PyQt5/Qt5/qml/Qt/labs/lottieqt) by extensions ['ignore', 'ignore_ament_install']
[0.837s] Level 1:colcon.colcon_core.package_identification:_identify(rospyvenv/lib/python3.10/site-packages/PyQt5/Qt5/qml/Qt/labs/lottieqt) by extension 'ignore'
[0.837s] Level 1:colcon.colcon_core.package_identification:_identify(rospyvenv/lib/python3.10/site-packages/PyQt5/Qt5/qml/Qt/labs/lottieqt) by extension 'ignore_ament_install'
[0.837s] Level 1:colcon.colcon_core.package_identification:_identify(rospyvenv/lib/python3.10/site-packages/PyQt5/Qt5/qml/Qt/labs/lottieqt) by extensions ['colcon_pkg']
[0.837s] Level 1:colcon.colcon_core.package_identification:_identify(rospyvenv/lib/python3.10/site-packages/PyQt5/Qt5/qml/Qt/labs/lottieqt) by extension 'colcon_pkg'
[0.837s] Level 1:colcon.colcon_core.package_identification:_identify(rospyvenv/lib/python3.10/site-packages/PyQt5/Qt5/qml/Qt/labs/lottieqt) by extensions ['colcon_meta']
[0.837s] Level 1:colcon.colcon_core.package_identification:_identify(rospyvenv/lib/python3.10/site-packages/PyQt5/Qt5/qml/Qt/labs/lottieqt) by extension 'colcon_meta'
[0.838s] Level 1:colcon.colcon_core.package_identification:_identify(rospyvenv/lib/python3.10/site-packages/PyQt5/Qt5/qml/Qt/labs/lottieqt) by extensions ['ros']
[0.838s] Level 1:colcon.colcon_core.package_identification:_identify(rospyvenv/lib/python3.10/site-packages/PyQt5/Qt5/qml/Qt/labs/lottieqt) by extension 'ros'
[0.838s] Level 1:colcon.colcon_core.package_identification:_identify(rospyvenv/lib/python3.10/site-packages/PyQt5/Qt5/qml/Qt/labs/lottieqt) by extensions ['cmake', 'python']
[0.838s] Level 1:colcon.colcon_core.package_identification:_identify(rospyvenv/lib/python3.10/site-packages/PyQt5/Qt5/qml/Qt/labs/lottieqt) by extension 'cmake'
[0.838s] Level 1:colcon.colcon_core.package_identification:_identify(rospyvenv/lib/python3.10/site-packages/PyQt5/Qt5/qml/Qt/labs/lottieqt) by extension 'python'
[0.838s] Level 1:colcon.colcon_core.package_identification:_identify(rospyvenv/lib/python3.10/site-packages/PyQt5/Qt5/qml/Qt/labs/lottieqt) by extensions ['python_setup_py']
[0.838s] Level 1:colcon.colcon_core.package_identification:_identify(rospyvenv/lib/python3.10/site-packages/PyQt5/Qt5/qml/Qt/labs/lottieqt) by extension 'python_setup_py'
[0.838s] Level 1:colcon.colcon_core.package_identification:_identify(rospyvenv/lib/python3.10/site-packages/PyQt5/Qt5/qml/Qt/labs/platform) by extensions ['ignore', 'ignore_ament_install']
[0.838s] Level 1:colcon.colcon_core.package_identification:_identify(rospyvenv/lib/python3.10/site-packages/PyQt5/Qt5/qml/Qt/labs/platform) by extension 'ignore'
[0.838s] Level 1:colcon.colcon_core.package_identification:_identify(rospyvenv/lib/python3.10/site-packages/PyQt5/Qt5/qml/Qt/labs/platform) by extension 'ignore_ament_install'
[0.838s] Level 1:colcon.colcon_core.package_identification:_identify(rospyvenv/lib/python3.10/site-packages/PyQt5/Qt5/qml/Qt/labs/platform) by extensions ['colcon_pkg']
[0.838s] Level 1:colcon.colcon_core.package_identification:_identify(rospyvenv/lib/python3.10/site-packages/PyQt5/Qt5/qml/Qt/labs/platform) by extension 'colcon_pkg'
[0.838s] Level 1:colcon.colcon_core.package_identification:_identify(rospyvenv/lib/python3.10/site-packages/PyQt5/Qt5/qml/Qt/labs/platform) by extensions ['colcon_meta']
[0.838s] Level 1:colcon.colcon_core.package_identification:_identify(rospyvenv/lib/python3.10/site-packages/PyQt5/Qt5/qml/Qt/labs/platform) by extension 'colcon_meta'
[0.838s] Level 1:colcon.colcon_core.package_identification:_identify(rospyvenv/lib/python3.10/site-packages/PyQt5/Qt5/qml/Qt/labs/platform) by extensions ['ros']
[0.838s] Level 1:colcon.colcon_core.package_identification:_identify(rospyvenv/lib/python3.10/site-packages/PyQt5/Qt5/qml/Qt/labs/platform) by extension 'ros'
[0.839s] Level 1:colcon.colcon_core.package_identification:_identify(rospyvenv/lib/python3.10/site-packages/PyQt5/Qt5/qml/Qt/labs/platform) by extensions ['cmake', 'python']
[0.839s] Level 1:colcon.colcon_core.package_identification:_identify(rospyvenv/lib/python3.10/site-packages/PyQt5/Qt5/qml/Qt/labs/platform) by extension 'cmake'
[0.839s] Level 1:colcon.colcon_core.package_identification:_identify(rospyvenv/lib/python3.10/site-packages/PyQt5/Qt5/qml/Qt/labs/platform) by extension 'python'
[0.839s] Level 1:colcon.colcon_core.package_identification:_identify(rospyvenv/lib/python3.10/site-packages/PyQt5/Qt5/qml/Qt/labs/platform) by extensions ['python_setup_py']
[0.839s] Level 1:colcon.colcon_core.package_identification:_identify(rospyvenv/lib/python3.10/site-packages/PyQt5/Qt5/qml/Qt/labs/platform) by extension 'python_setup_py'
[0.839s] Level 1:colcon.colcon_core.package_identification:_identify(rospyvenv/lib/python3.10/site-packages/PyQt5/Qt5/qml/Qt/labs/qmlmodels) by extensions ['ignore', 'ignore_ament_install']
[0.839s] Level 1:colcon.colcon_core.package_identification:_identify(rospyvenv/lib/python3.10/site-packages/PyQt5/Qt5/qml/Qt/labs/qmlmodels) by extension 'ignore'
[0.839s] Level 1:colcon.colcon_core.package_identification:_identify(rospyvenv/lib/python3.10/site-packages/PyQt5/Qt5/qml/Qt/labs/qmlmodels) by extension 'ignore_ament_install'
[0.839s] Level 1:colcon.colcon_core.package_identification:_identify(rospyvenv/lib/python3.10/site-packages/PyQt5/Qt5/qml/Qt/labs/qmlmodels) by extensions ['colcon_pkg']
[0.839s] Level 1:colcon.colcon_core.package_identification:_identify(rospyvenv/lib/python3.10/site-packages/PyQt5/Qt5/qml/Qt/labs/qmlmodels) by extension 'colcon_pkg'
[0.839s] Level 1:colcon.colcon_core.package_identification:_identify(rospyvenv/lib/python3.10/site-packages/PyQt5/Qt5/qml/Qt/labs/qmlmodels) by extensions ['colcon_meta']
[0.839s] Level 1:colcon.colcon_core.package_identification:_identify(rospyvenv/lib/python3.10/site-packages/PyQt5/Qt5/qml/Qt/labs/qmlmodels) by extension 'colcon_meta'
[0.839s] Level 1:colcon.colcon_core.package_identification:_identify(rospyvenv/lib/python3.10/site-packages/PyQt5/Qt5/qml/Qt/labs/qmlmodels) by extensions ['ros']
[0.839s] Level 1:colcon.colcon_core.package_identification:_identify(rospyvenv/lib/python3.10/site-packages/PyQt5/Qt5/qml/Qt/labs/qmlmodels) by extension 'ros'
[0.839s] Level 1:colcon.colcon_core.package_identification:_identify(rospyvenv/lib/python3.10/site-packages/PyQt5/Qt5/qml/Qt/labs/qmlmodels) by extensions ['cmake', 'python']
[0.839s] Level 1:colcon.colcon_core.package_identification:_identify(rospyvenv/lib/python3.10/site-packages/PyQt5/Qt5/qml/Qt/labs/qmlmodels) by extension 'cmake'
[0.839s] Level 1:colcon.colcon_core.package_identification:_identify(rospyvenv/lib/python3.10/site-packages/PyQt5/Qt5/qml/Qt/labs/qmlmodels) by extension 'python'
[0.839s] Level 1:colcon.colcon_core.package_identification:_identify(rospyvenv/lib/python3.10/site-packages/PyQt5/Qt5/qml/Qt/labs/qmlmodels) by extensions ['python_setup_py']
[0.840s] Level 1:colcon.colcon_core.package_identification:_identify(rospyvenv/lib/python3.10/site-packages/PyQt5/Qt5/qml/Qt/labs/qmlmodels) by extension 'python_setup_py'
[0.840s] Level 1:colcon.colcon_core.package_identification:_identify(rospyvenv/lib/python3.10/site-packages/PyQt5/Qt5/qml/Qt/labs/settings) by extensions ['ignore', 'ignore_ament_install']
[0.840s] Level 1:colcon.colcon_core.package_identification:_identify(rospyvenv/lib/python3.10/site-packages/PyQt5/Qt5/qml/Qt/labs/settings) by extension 'ignore'
[0.840s] Level 1:colcon.colcon_core.package_identification:_identify(rospyvenv/lib/python3.10/site-packages/PyQt5/Qt5/qml/Qt/labs/settings) by extension 'ignore_ament_install'
[0.840s] Level 1:colcon.colcon_core.package_identification:_identify(rospyvenv/lib/python3.10/site-packages/PyQt5/Qt5/qml/Qt/labs/settings) by extensions ['colcon_pkg']
[0.840s] Level 1:colcon.colcon_core.package_identification:_identify(rospyvenv/lib/python3.10/site-packages/PyQt5/Qt5/qml/Qt/labs/settings) by extension 'colcon_pkg'
[0.840s] Level 1:colcon.colcon_core.package_identification:_identify(rospyvenv/lib/python3.10/site-packages/PyQt5/Qt5/qml/Qt/labs/settings) by extensions ['colcon_meta']
[0.840s] Level 1:colcon.colcon_core.package_identification:_identify(rospyvenv/lib/python3.10/site-packages/PyQt5/Qt5/qml/Qt/labs/settings) by extension 'colcon_meta'
[0.840s] Level 1:colcon.colcon_core.package_identification:_identify(rospyvenv/lib/python3.10/site-packages/PyQt5/Qt5/qml/Qt/labs/settings) by extensions ['ros']
[0.840s] Level 1:colcon.colcon_core.package_identification:_identify(rospyvenv/lib/python3.10/site-packages/PyQt5/Qt5/qml/Qt/labs/settings) by extension 'ros'
[0.840s] Level 1:colcon.colcon_core.package_identification:_identify(rospyvenv/lib/python3.10/site-packages/PyQt5/Qt5/qml/Qt/labs/settings) by extensions ['cmake', 'python']
[0.840s] Level 1:colcon.colcon_core.package_identification:_identify(rospyvenv/lib/python3.10/site-packages/PyQt5/Qt5/qml/Qt/labs/settings) by extension 'cmake'
[0.840s] Level 1:colcon.colcon_core.package_identification:_identify(rospyvenv/lib/python3.10/site-packages/PyQt5/Qt5/qml/Qt/labs/settings) by extension 'python'
[0.840s] Level 1:colcon.colcon_core.package_identification:_identify(rospyvenv/lib/python3.10/site-packages/PyQt5/Qt5/qml/Qt/labs/settings) by extensions ['python_setup_py']
[0.841s] Level 1:colcon.colcon_core.package_identification:_identify(rospyvenv/lib/python3.10/site-packages/PyQt5/Qt5/qml/Qt/labs/settings) by extension 'python_setup_py'
[0.841s] Level 1:colcon.colcon_core.package_identification:_identify(rospyvenv/lib/python3.10/site-packages/PyQt5/Qt5/qml/Qt/labs/sharedimage) by extensions ['ignore', 'ignore_ament_install']
[0.841s] Level 1:colcon.colcon_core.package_identification:_identify(rospyvenv/lib/python3.10/site-packages/PyQt5/Qt5/qml/Qt/labs/sharedimage) by extension 'ignore'
[0.841s] Level 1:colcon.colcon_core.package_identification:_identify(rospyvenv/lib/python3.10/site-packages/PyQt5/Qt5/qml/Qt/labs/sharedimage) by extension 'ignore_ament_install'
[0.841s] Level 1:colcon.colcon_core.package_identification:_identify(rospyvenv/lib/python3.10/site-packages/PyQt5/Qt5/qml/Qt/labs/sharedimage) by extensions ['colcon_pkg']
[0.841s] Level 1:colcon.colcon_core.package_identification:_identify(rospyvenv/lib/python3.10/site-packages/PyQt5/Qt5/qml/Qt/labs/sharedimage) by extension 'colcon_pkg'
[0.841s] Level 1:colcon.colcon_core.package_identification:_identify(rospyvenv/lib/python3.10/site-packages/PyQt5/Qt5/qml/Qt/labs/sharedimage) by extensions ['colcon_meta']
[0.841s] Level 1:colcon.colcon_core.package_identification:_identify(rospyvenv/lib/python3.10/site-packages/PyQt5/Qt5/qml/Qt/labs/sharedimage) by extension 'colcon_meta'
[0.841s] Level 1:colcon.colcon_core.package_identification:_identify(rospyvenv/lib/python3.10/site-packages/PyQt5/Qt5/qml/Qt/labs/sharedimage) by extensions ['ros']
[0.841s] Level 1:colcon.colcon_core.package_identification:_identify(rospyvenv/lib/python3.10/site-packages/PyQt5/Qt5/qml/Qt/labs/sharedimage) by extension 'ros'
[0.841s] Level 1:colcon.colcon_core.package_identification:_identify(rospyvenv/lib/python3.10/site-packages/PyQt5/Qt5/qml/Qt/labs/sharedimage) by extensions ['cmake', 'python']
[0.841s] Level 1:colcon.colcon_core.package_identification:_identify(rospyvenv/lib/python3.10/site-packages/PyQt5/Qt5/qml/Qt/labs/sharedimage) by extension 'cmake'
[0.841s] Level 1:colcon.colcon_core.package_identification:_identify(rospyvenv/lib/python3.10/site-packages/PyQt5/Qt5/qml/Qt/labs/sharedimage) by extension 'python'
[0.841s] Level 1:colcon.colcon_core.package_identification:_identify(rospyvenv/lib/python3.10/site-packages/PyQt5/Qt5/qml/Qt/labs/sharedimage) by extensions ['python_setup_py']
[0.841s] Level 1:colcon.colcon_core.package_identification:_identify(rospyvenv/lib/python3.10/site-packages/PyQt5/Qt5/qml/Qt/labs/sharedimage) by extension 'python_setup_py'
[0.842s] Level 1:colcon.colcon_core.package_identification:_identify(rospyvenv/lib/python3.10/site-packages/PyQt5/Qt5/qml/Qt/labs/wavefrontmesh) by extensions ['ignore', 'ignore_ament_install']
[0.842s] Level 1:colcon.colcon_core.package_identification:_identify(rospyvenv/lib/python3.10/site-packages/PyQt5/Qt5/qml/Qt/labs/wavefrontmesh) by extension 'ignore'
[0.842s] Level 1:colcon.colcon_core.package_identification:_identify(rospyvenv/lib/python3.10/site-packages/PyQt5/Qt5/qml/Qt/labs/wavefrontmesh) by extension 'ignore_ament_install'
[0.842s] Level 1:colcon.colcon_core.package_identification:_identify(rospyvenv/lib/python3.10/site-packages/PyQt5/Qt5/qml/Qt/labs/wavefrontmesh) by extensions ['colcon_pkg']
[0.842s] Level 1:colcon.colcon_core.package_identification:_identify(rospyvenv/lib/python3.10/site-packages/PyQt5/Qt5/qml/Qt/labs/wavefrontmesh) by extension 'colcon_pkg'
[0.842s] Level 1:colcon.colcon_core.package_identification:_identify(rospyvenv/lib/python3.10/site-packages/PyQt5/Qt5/qml/Qt/labs/wavefrontmesh) by extensions ['colcon_meta']
[0.842s] Level 1:colcon.colcon_core.package_identification:_identify(rospyvenv/lib/python3.10/site-packages/PyQt5/Qt5/qml/Qt/labs/wavefrontmesh) by extension 'colcon_meta'
[0.842s] Level 1:colcon.colcon_core.package_identification:_identify(rospyvenv/lib/python3.10/site-packages/PyQt5/Qt5/qml/Qt/labs/wavefrontmesh) by extensions ['ros']
[0.842s] Level 1:colcon.colcon_core.package_identification:_identify(rospyvenv/lib/python3.10/site-packages/PyQt5/Qt5/qml/Qt/labs/wavefrontmesh) by extension 'ros'
[0.842s] Level 1:colcon.colcon_core.package_identification:_identify(rospyvenv/lib/python3.10/site-packages/PyQt5/Qt5/qml/Qt/labs/wavefrontmesh) by extensions ['cmake', 'python']
[0.842s] Level 1:colcon.colcon_core.package_identification:_identify(rospyvenv/lib/python3.10/site-packages/PyQt5/Qt5/qml/Qt/labs/wavefrontmesh) by extension 'cmake'
[0.842s] Level 1:colcon.colcon_core.package_identification:_identify(rospyvenv/lib/python3.10/site-packages/PyQt5/Qt5/qml/Qt/labs/wavefrontmesh) by extension 'python'
[0.842s] Level 1:colcon.colcon_core.package_identification:_identify(rospyvenv/lib/python3.10/site-packages/PyQt5/Qt5/qml/Qt/labs/wavefrontmesh) by extensions ['python_setup_py']
[0.842s] Level 1:colcon.colcon_core.package_identification:_identify(rospyvenv/lib/python3.10/site-packages/PyQt5/Qt5/qml/Qt/labs/wavefrontmesh) by extension 'python_setup_py'
[0.843s] Level 1:colcon.colcon_core.package_identification:_identify(rospyvenv/lib/python3.10/site-packages/PyQt5/Qt5/qml/Qt/test) by extensions ['ignore', 'ignore_ament_install']
[0.843s] Level 1:colcon.colcon_core.package_identification:_identify(rospyvenv/lib/python3.10/site-packages/PyQt5/Qt5/qml/Qt/test) by extension 'ignore'
[0.843s] Level 1:colcon.colcon_core.package_identification:_identify(rospyvenv/lib/python3.10/site-packages/PyQt5/Qt5/qml/Qt/test) by extension 'ignore_ament_install'
[0.843s] Level 1:colcon.colcon_core.package_identification:_identify(rospyvenv/lib/python3.10/site-packages/PyQt5/Qt5/qml/Qt/test) by extensions ['colcon_pkg']
[0.843s] Level 1:colcon.colcon_core.package_identification:_identify(rospyvenv/lib/python3.10/site-packages/PyQt5/Qt5/qml/Qt/test) by extension 'colcon_pkg'
[0.843s] Level 1:colcon.colcon_core.package_identification:_identify(rospyvenv/lib/python3.10/site-packages/PyQt5/Qt5/qml/Qt/test) by extensions ['colcon_meta']
[0.843s] Level 1:colcon.colcon_core.package_identification:_identify(rospyvenv/lib/python3.10/site-packages/PyQt5/Qt5/qml/Qt/test) by extension 'colcon_meta'
[0.843s] Level 1:colcon.colcon_core.package_identification:_identify(rospyvenv/lib/python3.10/site-packages/PyQt5/Qt5/qml/Qt/test) by extensions ['ros']
[0.843s] Level 1:colcon.colcon_core.package_identification:_identify(rospyvenv/lib/python3.10/site-packages/PyQt5/Qt5/qml/Qt/test) by extension 'ros'
[0.843s] Level 1:colcon.colcon_core.package_identification:_identify(rospyvenv/lib/python3.10/site-packages/PyQt5/Qt5/qml/Qt/test) by extensions ['cmake', 'python']
[0.843s] Level 1:colcon.colcon_core.package_identification:_identify(rospyvenv/lib/python3.10/site-packages/PyQt5/Qt5/qml/Qt/test) by extension 'cmake'
[0.843s] Level 1:colcon.colcon_core.package_identification:_identify(rospyvenv/lib/python3.10/site-packages/PyQt5/Qt5/qml/Qt/test) by extension 'python'
[0.843s] Level 1:colcon.colcon_core.package_identification:_identify(rospyvenv/lib/python3.10/site-packages/PyQt5/Qt5/qml/Qt/test) by extensions ['python_setup_py']
[0.843s] Level 1:colcon.colcon_core.package_identification:_identify(rospyvenv/lib/python3.10/site-packages/PyQt5/Qt5/qml/Qt/test) by extension 'python_setup_py'
[0.844s] Level 1:colcon.colcon_core.package_identification:_identify(rospyvenv/lib/python3.10/site-packages/PyQt5/Qt5/qml/Qt/test/qtestroot) by extensions ['ignore', 'ignore_ament_install']
[0.844s] Level 1:colcon.colcon_core.package_identification:_identify(rospyvenv/lib/python3.10/site-packages/PyQt5/Qt5/qml/Qt/test/qtestroot) by extension 'ignore'
[0.844s] Level 1:colcon.colcon_core.package_identification:_identify(rospyvenv/lib/python3.10/site-packages/PyQt5/Qt5/qml/Qt/test/qtestroot) by extension 'ignore_ament_install'
[0.844s] Level 1:colcon.colcon_core.package_identification:_identify(rospyvenv/lib/python3.10/site-packages/PyQt5/Qt5/qml/Qt/test/qtestroot) by extensions ['colcon_pkg']
[0.844s] Level 1:colcon.colcon_core.package_identification:_identify(rospyvenv/lib/python3.10/site-packages/PyQt5/Qt5/qml/Qt/test/qtestroot) by extension 'colcon_pkg'
[0.844s] Level 1:colcon.colcon_core.package_identification:_identify(rospyvenv/lib/python3.10/site-packages/PyQt5/Qt5/qml/Qt/test/qtestroot) by extensions ['colcon_meta']
[0.844s] Level 1:colcon.colcon_core.package_identification:_identify(rospyvenv/lib/python3.10/site-packages/PyQt5/Qt5/qml/Qt/test/qtestroot) by extension 'colcon_meta'
[0.844s] Level 1:colcon.colcon_core.package_identification:_identify(rospyvenv/lib/python3.10/site-packages/PyQt5/Qt5/qml/Qt/test/qtestroot) by extensions ['ros']
[0.844s] Level 1:colcon.colcon_core.package_identification:_identify(rospyvenv/lib/python3.10/site-packages/PyQt5/Qt5/qml/Qt/test/qtestroot) by extension 'ros'
[0.844s] Level 1:colcon.colcon_core.package_identification:_identify(rospyvenv/lib/python3.10/site-packages/PyQt5/Qt5/qml/Qt/test/qtestroot) by extensions ['cmake', 'python']
[0.844s] Level 1:colcon.colcon_core.package_identification:_identify(rospyvenv/lib/python3.10/site-packages/PyQt5/Qt5/qml/Qt/test/qtestroot) by extension 'cmake'
[0.844s] Level 1:colcon.colcon_core.package_identification:_identify(rospyvenv/lib/python3.10/site-packages/PyQt5/Qt5/qml/Qt/test/qtestroot) by extension 'python'
[0.844s] Level 1:colcon.colcon_core.package_identification:_identify(rospyvenv/lib/python3.10/site-packages/PyQt5/Qt5/qml/Qt/test/qtestroot) by extensions ['python_setup_py']
[0.844s] Level 1:colcon.colcon_core.package_identification:_identify(rospyvenv/lib/python3.10/site-packages/PyQt5/Qt5/qml/Qt/test/qtestroot) by extension 'python_setup_py'
[0.845s] Level 1:colcon.colcon_core.package_identification:_identify(rospyvenv/lib/python3.10/site-packages/PyQt5/Qt5/qml/QtBluetooth) by extensions ['ignore', 'ignore_ament_install']
[0.845s] Level 1:colcon.colcon_core.package_identification:_identify(rospyvenv/lib/python3.10/site-packages/PyQt5/Qt5/qml/QtBluetooth) by extension 'ignore'
[0.845s] Level 1:colcon.colcon_core.package_identification:_identify(rospyvenv/lib/python3.10/site-packages/PyQt5/Qt5/qml/QtBluetooth) by extension 'ignore_ament_install'
[0.845s] Level 1:colcon.colcon_core.package_identification:_identify(rospyvenv/lib/python3.10/site-packages/PyQt5/Qt5/qml/QtBluetooth) by extensions ['colcon_pkg']
[0.845s] Level 1:colcon.colcon_core.package_identification:_identify(rospyvenv/lib/python3.10/site-packages/PyQt5/Qt5/qml/QtBluetooth) by extension 'colcon_pkg'
[0.845s] Level 1:colcon.colcon_core.package_identification:_identify(rospyvenv/lib/python3.10/site-packages/PyQt5/Qt5/qml/QtBluetooth) by extensions ['colcon_meta']
[0.845s] Level 1:colcon.colcon_core.package_identification:_identify(rospyvenv/lib/python3.10/site-packages/PyQt5/Qt5/qml/QtBluetooth) by extension 'colcon_meta'
[0.845s] Level 1:colcon.colcon_core.package_identification:_identify(rospyvenv/lib/python3.10/site-packages/PyQt5/Qt5/qml/QtBluetooth) by extensions ['ros']
[0.845s] Level 1:colcon.colcon_core.package_identification:_identify(rospyvenv/lib/python3.10/site-packages/PyQt5/Qt5/qml/QtBluetooth) by extension 'ros'
[0.845s] Level 1:colcon.colcon_core.package_identification:_identify(rospyvenv/lib/python3.10/site-packages/PyQt5/Qt5/qml/QtBluetooth) by extensions ['cmake', 'python']
[0.845s] Level 1:colcon.colcon_core.package_identification:_identify(rospyvenv/lib/python3.10/site-packages/PyQt5/Qt5/qml/QtBluetooth) by extension 'cmake'
[0.845s] Level 1:colcon.colcon_core.package_identification:_identify(rospyvenv/lib/python3.10/site-packages/PyQt5/Qt5/qml/QtBluetooth) by extension 'python'
[0.845s] Level 1:colcon.colcon_core.package_identification:_identify(rospyvenv/lib/python3.10/site-packages/PyQt5/Qt5/qml/QtBluetooth) by extensions ['python_setup_py']
[0.845s] Level 1:colcon.colcon_core.package_identification:_identify(rospyvenv/lib/python3.10/site-packages/PyQt5/Qt5/qml/QtBluetooth) by extension 'python_setup_py'
[0.846s] Level 1:colcon.colcon_core.package_identification:_identify(rospyvenv/lib/python3.10/site-packages/PyQt5/Qt5/qml/QtGraphicalEffects) by extensions ['ignore', 'ignore_ament_install']
[0.846s] Level 1:colcon.colcon_core.package_identification:_identify(rospyvenv/lib/python3.10/site-packages/PyQt5/Qt5/qml/QtGraphicalEffects) by extension 'ignore'
[0.846s] Level 1:colcon.colcon_core.package_identification:_identify(rospyvenv/lib/python3.10/site-packages/PyQt5/Qt5/qml/QtGraphicalEffects) by extension 'ignore_ament_install'
[0.846s] Level 1:colcon.colcon_core.package_identification:_identify(rospyvenv/lib/python3.10/site-packages/PyQt5/Qt5/qml/QtGraphicalEffects) by extensions ['colcon_pkg']
[0.846s] Level 1:colcon.colcon_core.package_identification:_identify(rospyvenv/lib/python3.10/site-packages/PyQt5/Qt5/qml/QtGraphicalEffects) by extension 'colcon_pkg'
[0.846s] Level 1:colcon.colcon_core.package_identification:_identify(rospyvenv/lib/python3.10/site-packages/PyQt5/Qt5/qml/QtGraphicalEffects) by extensions ['colcon_meta']
[0.846s] Level 1:colcon.colcon_core.package_identification:_identify(rospyvenv/lib/python3.10/site-packages/PyQt5/Qt5/qml/QtGraphicalEffects) by extension 'colcon_meta'
[0.846s] Level 1:colcon.colcon_core.package_identification:_identify(rospyvenv/lib/python3.10/site-packages/PyQt5/Qt5/qml/QtGraphicalEffects) by extensions ['ros']
[0.846s] Level 1:colcon.colcon_core.package_identification:_identify(rospyvenv/lib/python3.10/site-packages/PyQt5/Qt5/qml/QtGraphicalEffects) by extension 'ros'
[0.846s] Level 1:colcon.colcon_core.package_identification:_identify(rospyvenv/lib/python3.10/site-packages/PyQt5/Qt5/qml/QtGraphicalEffects) by extensions ['cmake', 'python']
[0.846s] Level 1:colcon.colcon_core.package_identification:_identify(rospyvenv/lib/python3.10/site-packages/PyQt5/Qt5/qml/QtGraphicalEffects) by extension 'cmake'
[0.846s] Level 1:colcon.colcon_core.package_identification:_identify(rospyvenv/lib/python3.10/site-packages/PyQt5/Qt5/qml/QtGraphicalEffects) by extension 'python'
[0.846s] Level 1:colcon.colcon_core.package_identification:_identify(rospyvenv/lib/python3.10/site-packages/PyQt5/Qt5/qml/QtGraphicalEffects) by extensions ['python_setup_py']
[0.846s] Level 1:colcon.colcon_core.package_identification:_identify(rospyvenv/lib/python3.10/site-packages/PyQt5/Qt5/qml/QtGraphicalEffects) by extension 'python_setup_py'
[0.847s] Level 1:colcon.colcon_core.package_identification:_identify(rospyvenv/lib/python3.10/site-packages/PyQt5/Qt5/qml/QtGraphicalEffects/private) by extensions ['ignore', 'ignore_ament_install']
[0.847s] Level 1:colcon.colcon_core.package_identification:_identify(rospyvenv/lib/python3.10/site-packages/PyQt5/Qt5/qml/QtGraphicalEffects/private) by extension 'ignore'
[0.847s] Level 1:colcon.colcon_core.package_identification:_identify(rospyvenv/lib/python3.10/site-packages/PyQt5/Qt5/qml/QtGraphicalEffects/private) by extension 'ignore_ament_install'
[0.847s] Level 1:colcon.colcon_core.package_identification:_identify(rospyvenv/lib/python3.10/site-packages/PyQt5/Qt5/qml/QtGraphicalEffects/private) by extensions ['colcon_pkg']
[0.847s] Level 1:colcon.colcon_core.package_identification:_identify(rospyvenv/lib/python3.10/site-packages/PyQt5/Qt5/qml/QtGraphicalEffects/private) by extension 'colcon_pkg'
[0.847s] Level 1:colcon.colcon_core.package_identification:_identify(rospyvenv/lib/python3.10/site-packages/PyQt5/Qt5/qml/QtGraphicalEffects/private) by extensions ['colcon_meta']
[0.847s] Level 1:colcon.colcon_core.package_identification:_identify(rospyvenv/lib/python3.10/site-packages/PyQt5/Qt5/qml/QtGraphicalEffects/private) by extension 'colcon_meta'
[0.847s] Level 1:colcon.colcon_core.package_identification:_identify(rospyvenv/lib/python3.10/site-packages/PyQt5/Qt5/qml/QtGraphicalEffects/private) by extensions ['ros']
[0.847s] Level 1:colcon.colcon_core.package_identification:_identify(rospyvenv/lib/python3.10/site-packages/PyQt5/Qt5/qml/QtGraphicalEffects/private) by extension 'ros'
[0.847s] Level 1:colcon.colcon_core.package_identification:_identify(rospyvenv/lib/python3.10/site-packages/PyQt5/Qt5/qml/QtGraphicalEffects/private) by extensions ['cmake', 'python']
[0.847s] Level 1:colcon.colcon_core.package_identification:_identify(rospyvenv/lib/python3.10/site-packages/PyQt5/Qt5/qml/QtGraphicalEffects/private) by extension 'cmake'
[0.847s] Level 1:colcon.colcon_core.package_identification:_identify(rospyvenv/lib/python3.10/site-packages/PyQt5/Qt5/qml/QtGraphicalEffects/private) by extension 'python'
[0.847s] Level 1:colcon.colcon_core.package_identification:_identify(rospyvenv/lib/python3.10/site-packages/PyQt5/Qt5/qml/QtGraphicalEffects/private) by extensions ['python_setup_py']
[0.847s] Level 1:colcon.colcon_core.package_identification:_identify(rospyvenv/lib/python3.10/site-packages/PyQt5/Qt5/qml/QtGraphicalEffects/private) by extension 'python_setup_py'
[0.847s] Level 1:colcon.colcon_core.package_identification:_identify(rospyvenv/lib/python3.10/site-packages/PyQt5/Qt5/qml/QtLocation) by extensions ['ignore', 'ignore_ament_install']
[0.848s] Level 1:colcon.colcon_core.package_identification:_identify(rospyvenv/lib/python3.10/site-packages/PyQt5/Qt5/qml/QtLocation) by extension 'ignore'
[0.848s] Level 1:colcon.colcon_core.package_identification:_identify(rospyvenv/lib/python3.10/site-packages/PyQt5/Qt5/qml/QtLocation) by extension 'ignore_ament_install'
[0.848s] Level 1:colcon.colcon_core.package_identification:_identify(rospyvenv/lib/python3.10/site-packages/PyQt5/Qt5/qml/QtLocation) by extensions ['colcon_pkg']
[0.848s] Level 1:colcon.colcon_core.package_identification:_identify(rospyvenv/lib/python3.10/site-packages/PyQt5/Qt5/qml/QtLocation) by extension 'colcon_pkg'
[0.848s] Level 1:colcon.colcon_core.package_identification:_identify(rospyvenv/lib/python3.10/site-packages/PyQt5/Qt5/qml/QtLocation) by extensions ['colcon_meta']
[0.848s] Level 1:colcon.colcon_core.package_identification:_identify(rospyvenv/lib/python3.10/site-packages/PyQt5/Qt5/qml/QtLocation) by extension 'colcon_meta'
[0.848s] Level 1:colcon.colcon_core.package_identification:_identify(rospyvenv/lib/python3.10/site-packages/PyQt5/Qt5/qml/QtLocation) by extensions ['ros']
[0.848s] Level 1:colcon.colcon_core.package_identification:_identify(rospyvenv/lib/python3.10/site-packages/PyQt5/Qt5/qml/QtLocation) by extension 'ros'
[0.848s] Level 1:colcon.colcon_core.package_identification:_identify(rospyvenv/lib/python3.10/site-packages/PyQt5/Qt5/qml/QtLocation) by extensions ['cmake', 'python']
[0.848s] Level 1:colcon.colcon_core.package_identification:_identify(rospyvenv/lib/python3.10/site-packages/PyQt5/Qt5/qml/QtLocation) by extension 'cmake'
[0.848s] Level 1:colcon.colcon_core.package_identification:_identify(rospyvenv/lib/python3.10/site-packages/PyQt5/Qt5/qml/QtLocation) by extension 'python'
[0.848s] Level 1:colcon.colcon_core.package_identification:_identify(rospyvenv/lib/python3.10/site-packages/PyQt5/Qt5/qml/QtLocation) by extensions ['python_setup_py']
[0.848s] Level 1:colcon.colcon_core.package_identification:_identify(rospyvenv/lib/python3.10/site-packages/PyQt5/Qt5/qml/QtLocation) by extension 'python_setup_py'
[0.849s] Level 1:colcon.colcon_core.package_identification:_identify(rospyvenv/lib/python3.10/site-packages/PyQt5/Qt5/qml/QtMultimedia) by extensions ['ignore', 'ignore_ament_install']
[0.849s] Level 1:colcon.colcon_core.package_identification:_identify(rospyvenv/lib/python3.10/site-packages/PyQt5/Qt5/qml/QtMultimedia) by extension 'ignore'
[0.849s] Level 1:colcon.colcon_core.package_identification:_identify(rospyvenv/lib/python3.10/site-packages/PyQt5/Qt5/qml/QtMultimedia) by extension 'ignore_ament_install'
[0.849s] Level 1:colcon.colcon_core.package_identification:_identify(rospyvenv/lib/python3.10/site-packages/PyQt5/Qt5/qml/QtMultimedia) by extensions ['colcon_pkg']
[0.849s] Level 1:colcon.colcon_core.package_identification:_identify(rospyvenv/lib/python3.10/site-packages/PyQt5/Qt5/qml/QtMultimedia) by extension 'colcon_pkg'
[0.849s] Level 1:colcon.colcon_core.package_identification:_identify(rospyvenv/lib/python3.10/site-packages/PyQt5/Qt5/qml/QtMultimedia) by extensions ['colcon_meta']
[0.849s] Level 1:colcon.colcon_core.package_identification:_identify(rospyvenv/lib/python3.10/site-packages/PyQt5/Qt5/qml/QtMultimedia) by extension 'colcon_meta'
[0.849s] Level 1:colcon.colcon_core.package_identification:_identify(rospyvenv/lib/python3.10/site-packages/PyQt5/Qt5/qml/QtMultimedia) by extensions ['ros']
[0.849s] Level 1:colcon.colcon_core.package_identification:_identify(rospyvenv/lib/python3.10/site-packages/PyQt5/Qt5/qml/QtMultimedia) by extension 'ros'
[0.849s] Level 1:colcon.colcon_core.package_identification:_identify(rospyvenv/lib/python3.10/site-packages/PyQt5/Qt5/qml/QtMultimedia) by extensions ['cmake', 'python']
[0.849s] Level 1:colcon.colcon_core.package_identification:_identify(rospyvenv/lib/python3.10/site-packages/PyQt5/Qt5/qml/QtMultimedia) by extension 'cmake'
[0.849s] Level 1:colcon.colcon_core.package_identification:_identify(rospyvenv/lib/python3.10/site-packages/PyQt5/Qt5/qml/QtMultimedia) by extension 'python'
[0.849s] Level 1:colcon.colcon_core.package_identification:_identify(rospyvenv/lib/python3.10/site-packages/PyQt5/Qt5/qml/QtMultimedia) by extensions ['python_setup_py']
[0.849s] Level 1:colcon.colcon_core.package_identification:_identify(rospyvenv/lib/python3.10/site-packages/PyQt5/Qt5/qml/QtMultimedia) by extension 'python_setup_py'
[0.850s] Level 1:colcon.colcon_core.package_identification:_identify(rospyvenv/lib/python3.10/site-packages/PyQt5/Qt5/qml/QtNfc) by extensions ['ignore', 'ignore_ament_install']
[0.850s] Level 1:colcon.colcon_core.package_identification:_identify(rospyvenv/lib/python3.10/site-packages/PyQt5/Qt5/qml/QtNfc) by extension 'ignore'
[0.850s] Level 1:colcon.colcon_core.package_identification:_identify(rospyvenv/lib/python3.10/site-packages/PyQt5/Qt5/qml/QtNfc) by extension 'ignore_ament_install'
[0.850s] Level 1:colcon.colcon_core.package_identification:_identify(rospyvenv/lib/python3.10/site-packages/PyQt5/Qt5/qml/QtNfc) by extensions ['colcon_pkg']
[0.850s] Level 1:colcon.colcon_core.package_identification:_identify(rospyvenv/lib/python3.10/site-packages/PyQt5/Qt5/qml/QtNfc) by extension 'colcon_pkg'
[0.850s] Level 1:colcon.colcon_core.package_identification:_identify(rospyvenv/lib/python3.10/site-packages/PyQt5/Qt5/qml/QtNfc) by extensions ['colcon_meta']
[0.850s] Level 1:colcon.colcon_core.package_identification:_identify(rospyvenv/lib/python3.10/site-packages/PyQt5/Qt5/qml/QtNfc) by extension 'colcon_meta'
[0.850s] Level 1:colcon.colcon_core.package_identification:_identify(rospyvenv/lib/python3.10/site-packages/PyQt5/Qt5/qml/QtNfc) by extensions ['ros']
[0.850s] Level 1:colcon.colcon_core.package_identification:_identify(rospyvenv/lib/python3.10/site-packages/PyQt5/Qt5/qml/QtNfc) by extension 'ros'
[0.850s] Level 1:colcon.colcon_core.package_identification:_identify(rospyvenv/lib/python3.10/site-packages/PyQt5/Qt5/qml/QtNfc) by extensions ['cmake', 'python']
[0.850s] Level 1:colcon.colcon_core.package_identification:_identify(rospyvenv/lib/python3.10/site-packages/PyQt5/Qt5/qml/QtNfc) by extension 'cmake'
[0.850s] Level 1:colcon.colcon_core.package_identification:_identify(rospyvenv/lib/python3.10/site-packages/PyQt5/Qt5/qml/QtNfc) by extension 'python'
[0.850s] Level 1:colcon.colcon_core.package_identification:_identify(rospyvenv/lib/python3.10/site-packages/PyQt5/Qt5/qml/QtNfc) by extensions ['python_setup_py']
[0.850s] Level 1:colcon.colcon_core.package_identification:_identify(rospyvenv/lib/python3.10/site-packages/PyQt5/Qt5/qml/QtNfc) by extension 'python_setup_py'
[0.850s] Level 1:colcon.colcon_core.package_identification:_identify(rospyvenv/lib/python3.10/site-packages/PyQt5/Qt5/qml/QtPositioning) by extensions ['ignore', 'ignore_ament_install']
[0.851s] Level 1:colcon.colcon_core.package_identification:_identify(rospyvenv/lib/python3.10/site-packages/PyQt5/Qt5/qml/QtPositioning) by extension 'ignore'
[0.851s] Level 1:colcon.colcon_core.package_identification:_identify(rospyvenv/lib/python3.10/site-packages/PyQt5/Qt5/qml/QtPositioning) by extension 'ignore_ament_install'
[0.851s] Level 1:colcon.colcon_core.package_identification:_identify(rospyvenv/lib/python3.10/site-packages/PyQt5/Qt5/qml/QtPositioning) by extensions ['colcon_pkg']
[0.851s] Level 1:colcon.colcon_core.package_identification:_identify(rospyvenv/lib/python3.10/site-packages/PyQt5/Qt5/qml/QtPositioning) by extension 'colcon_pkg'
[0.851s] Level 1:colcon.colcon_core.package_identification:_identify(rospyvenv/lib/python3.10/site-packages/PyQt5/Qt5/qml/QtPositioning) by extensions ['colcon_meta']
[0.851s] Level 1:colcon.colcon_core.package_identification:_identify(rospyvenv/lib/python3.10/site-packages/PyQt5/Qt5/qml/QtPositioning) by extension 'colcon_meta'
[0.851s] Level 1:colcon.colcon_core.package_identification:_identify(rospyvenv/lib/python3.10/site-packages/PyQt5/Qt5/qml/QtPositioning) by extensions ['ros']
[0.851s] Level 1:colcon.colcon_core.package_identification:_identify(rospyvenv/lib/python3.10/site-packages/PyQt5/Qt5/qml/QtPositioning) by extension 'ros'
[0.851s] Level 1:colcon.colcon_core.package_identification:_identify(rospyvenv/lib/python3.10/site-packages/PyQt5/Qt5/qml/QtPositioning) by extensions ['cmake', 'python']
[0.851s] Level 1:colcon.colcon_core.package_identification:_identify(rospyvenv/lib/python3.10/site-packages/PyQt5/Qt5/qml/QtPositioning) by extension 'cmake'
[0.851s] Level 1:colcon.colcon_core.package_identification:_identify(rospyvenv/lib/python3.10/site-packages/PyQt5/Qt5/qml/QtPositioning) by extension 'python'
[0.851s] Level 1:colcon.colcon_core.package_identification:_identify(rospyvenv/lib/python3.10/site-packages/PyQt5/Qt5/qml/QtPositioning) by extensions ['python_setup_py']
[0.851s] Level 1:colcon.colcon_core.package_identification:_identify(rospyvenv/lib/python3.10/site-packages/PyQt5/Qt5/qml/QtPositioning) by extension 'python_setup_py'
[0.851s] Level 1:colcon.colcon_core.package_identification:_identify(rospyvenv/lib/python3.10/site-packages/PyQt5/Qt5/qml/QtQml) by extensions ['ignore', 'ignore_ament_install']
[0.851s] Level 1:colcon.colcon_core.package_identification:_identify(rospyvenv/lib/python3.10/site-packages/PyQt5/Qt5/qml/QtQml) by extension 'ignore'
[0.851s] Level 1:colcon.colcon_core.package_identification:_identify(rospyvenv/lib/python3.10/site-packages/PyQt5/Qt5/qml/QtQml) by extension 'ignore_ament_install'
[0.851s] Level 1:colcon.colcon_core.package_identification:_identify(rospyvenv/lib/python3.10/site-packages/PyQt5/Qt5/qml/QtQml) by extensions ['colcon_pkg']
[0.851s] Level 1:colcon.colcon_core.package_identification:_identify(rospyvenv/lib/python3.10/site-packages/PyQt5/Qt5/qml/QtQml) by extension 'colcon_pkg'
[0.852s] Level 1:colcon.colcon_core.package_identification:_identify(rospyvenv/lib/python3.10/site-packages/PyQt5/Qt5/qml/QtQml) by extensions ['colcon_meta']
[0.852s] Level 1:colcon.colcon_core.package_identification:_identify(rospyvenv/lib/python3.10/site-packages/PyQt5/Qt5/qml/QtQml) by extension 'colcon_meta'
[0.852s] Level 1:colcon.colcon_core.package_identification:_identify(rospyvenv/lib/python3.10/site-packages/PyQt5/Qt5/qml/QtQml) by extensions ['ros']
[0.852s] Level 1:colcon.colcon_core.package_identification:_identify(rospyvenv/lib/python3.10/site-packages/PyQt5/Qt5/qml/QtQml) by extension 'ros'
[0.852s] Level 1:colcon.colcon_core.package_identification:_identify(rospyvenv/lib/python3.10/site-packages/PyQt5/Qt5/qml/QtQml) by extensions ['cmake', 'python']
[0.852s] Level 1:colcon.colcon_core.package_identification:_identify(rospyvenv/lib/python3.10/site-packages/PyQt5/Qt5/qml/QtQml) by extension 'cmake'
[0.852s] Level 1:colcon.colcon_core.package_identification:_identify(rospyvenv/lib/python3.10/site-packages/PyQt5/Qt5/qml/QtQml) by extension 'python'
[0.852s] Level 1:colcon.colcon_core.package_identification:_identify(rospyvenv/lib/python3.10/site-packages/PyQt5/Qt5/qml/QtQml) by extensions ['python_setup_py']
[0.852s] Level 1:colcon.colcon_core.package_identification:_identify(rospyvenv/lib/python3.10/site-packages/PyQt5/Qt5/qml/QtQml) by extension 'python_setup_py'
[0.852s] Level 1:colcon.colcon_core.package_identification:_identify(rospyvenv/lib/python3.10/site-packages/PyQt5/Qt5/qml/QtQml/Models.2) by extensions ['ignore', 'ignore_ament_install']
[0.852s] Level 1:colcon.colcon_core.package_identification:_identify(rospyvenv/lib/python3.10/site-packages/PyQt5/Qt5/qml/QtQml/Models.2) by extension 'ignore'
[0.852s] Level 1:colcon.colcon_core.package_identification:_identify(rospyvenv/lib/python3.10/site-packages/PyQt5/Qt5/qml/QtQml/Models.2) by extension 'ignore_ament_install'
[0.852s] Level 1:colcon.colcon_core.package_identification:_identify(rospyvenv/lib/python3.10/site-packages/PyQt5/Qt5/qml/QtQml/Models.2) by extensions ['colcon_pkg']
[0.852s] Level 1:colcon.colcon_core.package_identification:_identify(rospyvenv/lib/python3.10/site-packages/PyQt5/Qt5/qml/QtQml/Models.2) by extension 'colcon_pkg'
[0.852s] Level 1:colcon.colcon_core.package_identification:_identify(rospyvenv/lib/python3.10/site-packages/PyQt5/Qt5/qml/QtQml/Models.2) by extensions ['colcon_meta']
[0.852s] Level 1:colcon.colcon_core.package_identification:_identify(rospyvenv/lib/python3.10/site-packages/PyQt5/Qt5/qml/QtQml/Models.2) by extension 'colcon_meta'
[0.853s] Level 1:colcon.colcon_core.package_identification:_identify(rospyvenv/lib/python3.10/site-packages/PyQt5/Qt5/qml/QtQml/Models.2) by extensions ['ros']
[0.853s] Level 1:colcon.colcon_core.package_identification:_identify(rospyvenv/lib/python3.10/site-packages/PyQt5/Qt5/qml/QtQml/Models.2) by extension 'ros'
[0.853s] Level 1:colcon.colcon_core.package_identification:_identify(rospyvenv/lib/python3.10/site-packages/PyQt5/Qt5/qml/QtQml/Models.2) by extensions ['cmake', 'python']
[0.853s] Level 1:colcon.colcon_core.package_identification:_identify(rospyvenv/lib/python3.10/site-packages/PyQt5/Qt5/qml/QtQml/Models.2) by extension 'cmake'
[0.853s] Level 1:colcon.colcon_core.package_identification:_identify(rospyvenv/lib/python3.10/site-packages/PyQt5/Qt5/qml/QtQml/Models.2) by extension 'python'
[0.853s] Level 1:colcon.colcon_core.package_identification:_identify(rospyvenv/lib/python3.10/site-packages/PyQt5/Qt5/qml/QtQml/Models.2) by extensions ['python_setup_py']
[0.853s] Level 1:colcon.colcon_core.package_identification:_identify(rospyvenv/lib/python3.10/site-packages/PyQt5/Qt5/qml/QtQml/Models.2) by extension 'python_setup_py'
[0.853s] Level 1:colcon.colcon_core.package_identification:_identify(rospyvenv/lib/python3.10/site-packages/PyQt5/Qt5/qml/QtQml/RemoteObjects) by extensions ['ignore', 'ignore_ament_install']
[0.853s] Level 1:colcon.colcon_core.package_identification:_identify(rospyvenv/lib/python3.10/site-packages/PyQt5/Qt5/qml/QtQml/RemoteObjects) by extension 'ignore'
[0.853s] Level 1:colcon.colcon_core.package_identification:_identify(rospyvenv/lib/python3.10/site-packages/PyQt5/Qt5/qml/QtQml/RemoteObjects) by extension 'ignore_ament_install'
[0.853s] Level 1:colcon.colcon_core.package_identification:_identify(rospyvenv/lib/python3.10/site-packages/PyQt5/Qt5/qml/QtQml/RemoteObjects) by extensions ['colcon_pkg']
[0.853s] Level 1:colcon.colcon_core.package_identification:_identify(rospyvenv/lib/python3.10/site-packages/PyQt5/Qt5/qml/QtQml/RemoteObjects) by extension 'colcon_pkg'
[0.853s] Level 1:colcon.colcon_core.package_identification:_identify(rospyvenv/lib/python3.10/site-packages/PyQt5/Qt5/qml/QtQml/RemoteObjects) by extensions ['colcon_meta']
[0.853s] Level 1:colcon.colcon_core.package_identification:_identify(rospyvenv/lib/python3.10/site-packages/PyQt5/Qt5/qml/QtQml/RemoteObjects) by extension 'colcon_meta'
[0.853s] Level 1:colcon.colcon_core.package_identification:_identify(rospyvenv/lib/python3.10/site-packages/PyQt5/Qt5/qml/QtQml/RemoteObjects) by extensions ['ros']
[0.853s] Level 1:colcon.colcon_core.package_identification:_identify(rospyvenv/lib/python3.10/site-packages/PyQt5/Qt5/qml/QtQml/RemoteObjects) by extension 'ros'
[0.853s] Level 1:colcon.colcon_core.package_identification:_identify(rospyvenv/lib/python3.10/site-packages/PyQt5/Qt5/qml/QtQml/RemoteObjects) by extensions ['cmake', 'python']
[0.854s] Level 1:colcon.colcon_core.package_identification:_identify(rospyvenv/lib/python3.10/site-packages/PyQt5/Qt5/qml/QtQml/RemoteObjects) by extension 'cmake'
[0.854s] Level 1:colcon.colcon_core.package_identification:_identify(rospyvenv/lib/python3.10/site-packages/PyQt5/Qt5/qml/QtQml/RemoteObjects) by extension 'python'
[0.854s] Level 1:colcon.colcon_core.package_identification:_identify(rospyvenv/lib/python3.10/site-packages/PyQt5/Qt5/qml/QtQml/RemoteObjects) by extensions ['python_setup_py']
[0.854s] Level 1:colcon.colcon_core.package_identification:_identify(rospyvenv/lib/python3.10/site-packages/PyQt5/Qt5/qml/QtQml/RemoteObjects) by extension 'python_setup_py'
[0.854s] Level 1:colcon.colcon_core.package_identification:_identify(rospyvenv/lib/python3.10/site-packages/PyQt5/Qt5/qml/QtQml/StateMachine) by extensions ['ignore', 'ignore_ament_install']
[0.854s] Level 1:colcon.colcon_core.package_identification:_identify(rospyvenv/lib/python3.10/site-packages/PyQt5/Qt5/qml/QtQml/StateMachine) by extension 'ignore'
[0.854s] Level 1:colcon.colcon_core.package_identification:_identify(rospyvenv/lib/python3.10/site-packages/PyQt5/Qt5/qml/QtQml/StateMachine) by extension 'ignore_ament_install'
[0.854s] Level 1:colcon.colcon_core.package_identification:_identify(rospyvenv/lib/python3.10/site-packages/PyQt5/Qt5/qml/QtQml/StateMachine) by extensions ['colcon_pkg']
[0.854s] Level 1:colcon.colcon_core.package_identification:_identify(rospyvenv/lib/python3.10/site-packages/PyQt5/Qt5/qml/QtQml/StateMachine) by extension 'colcon_pkg'
[0.854s] Level 1:colcon.colcon_core.package_identification:_identify(rospyvenv/lib/python3.10/site-packages/PyQt5/Qt5/qml/QtQml/StateMachine) by extensions ['colcon_meta']
[0.854s] Level 1:colcon.colcon_core.package_identification:_identify(rospyvenv/lib/python3.10/site-packages/PyQt5/Qt5/qml/QtQml/StateMachine) by extension 'colcon_meta'
[0.854s] Level 1:colcon.colcon_core.package_identification:_identify(rospyvenv/lib/python3.10/site-packages/PyQt5/Qt5/qml/QtQml/StateMachine) by extensions ['ros']
[0.854s] Level 1:colcon.colcon_core.package_identification:_identify(rospyvenv/lib/python3.10/site-packages/PyQt5/Qt5/qml/QtQml/StateMachine) by extension 'ros'
[0.854s] Level 1:colcon.colcon_core.package_identification:_identify(rospyvenv/lib/python3.10/site-packages/PyQt5/Qt5/qml/QtQml/StateMachine) by extensions ['cmake', 'python']
[0.854s] Level 1:colcon.colcon_core.package_identification:_identify(rospyvenv/lib/python3.10/site-packages/PyQt5/Qt5/qml/QtQml/StateMachine) by extension 'cmake'
[0.854s] Level 1:colcon.colcon_core.package_identification:_identify(rospyvenv/lib/python3.10/site-packages/PyQt5/Qt5/qml/QtQml/StateMachine) by extension 'python'
[0.854s] Level 1:colcon.colcon_core.package_identification:_identify(rospyvenv/lib/python3.10/site-packages/PyQt5/Qt5/qml/QtQml/StateMachine) by extensions ['python_setup_py']
[0.854s] Level 1:colcon.colcon_core.package_identification:_identify(rospyvenv/lib/python3.10/site-packages/PyQt5/Qt5/qml/QtQml/StateMachine) by extension 'python_setup_py'
[0.855s] Level 1:colcon.colcon_core.package_identification:_identify(rospyvenv/lib/python3.10/site-packages/PyQt5/Qt5/qml/QtQml/WorkerScript.2) by extensions ['ignore', 'ignore_ament_install']
[0.855s] Level 1:colcon.colcon_core.package_identification:_identify(rospyvenv/lib/python3.10/site-packages/PyQt5/Qt5/qml/QtQml/WorkerScript.2) by extension 'ignore'
[0.855s] Level 1:colcon.colcon_core.package_identification:_identify(rospyvenv/lib/python3.10/site-packages/PyQt5/Qt5/qml/QtQml/WorkerScript.2) by extension 'ignore_ament_install'
[0.855s] Level 1:colcon.colcon_core.package_identification:_identify(rospyvenv/lib/python3.10/site-packages/PyQt5/Qt5/qml/QtQml/WorkerScript.2) by extensions ['colcon_pkg']
[0.855s] Level 1:colcon.colcon_core.package_identification:_identify(rospyvenv/lib/python3.10/site-packages/PyQt5/Qt5/qml/QtQml/WorkerScript.2) by extension 'colcon_pkg'
[0.855s] Level 1:colcon.colcon_core.package_identification:_identify(rospyvenv/lib/python3.10/site-packages/PyQt5/Qt5/qml/QtQml/WorkerScript.2) by extensions ['colcon_meta']
[0.855s] Level 1:colcon.colcon_core.package_identification:_identify(rospyvenv/lib/python3.10/site-packages/PyQt5/Qt5/qml/QtQml/WorkerScript.2) by extension 'colcon_meta'
[0.855s] Level 1:colcon.colcon_core.package_identification:_identify(rospyvenv/lib/python3.10/site-packages/PyQt5/Qt5/qml/QtQml/WorkerScript.2) by extensions ['ros']
[0.855s] Level 1:colcon.colcon_core.package_identification:_identify(rospyvenv/lib/python3.10/site-packages/PyQt5/Qt5/qml/QtQml/WorkerScript.2) by extension 'ros'
[0.855s] Level 1:colcon.colcon_core.package_identification:_identify(rospyvenv/lib/python3.10/site-packages/PyQt5/Qt5/qml/QtQml/WorkerScript.2) by extensions ['cmake', 'python']
[0.855s] Level 1:colcon.colcon_core.package_identification:_identify(rospyvenv/lib/python3.10/site-packages/PyQt5/Qt5/qml/QtQml/WorkerScript.2) by extension 'cmake'
[0.855s] Level 1:colcon.colcon_core.package_identification:_identify(rospyvenv/lib/python3.10/site-packages/PyQt5/Qt5/qml/QtQml/WorkerScript.2) by extension 'python'
[0.855s] Level 1:colcon.colcon_core.package_identification:_identify(rospyvenv/lib/python3.10/site-packages/PyQt5/Qt5/qml/QtQml/WorkerScript.2) by extensions ['python_setup_py']
[0.855s] Level 1:colcon.colcon_core.package_identification:_identify(rospyvenv/lib/python3.10/site-packages/PyQt5/Qt5/qml/QtQml/WorkerScript.2) by extension 'python_setup_py'
[0.856s] Level 1:colcon.colcon_core.package_identification:_identify(rospyvenv/lib/python3.10/site-packages/PyQt5/Qt5/qml/QtQuick) by extensions ['ignore', 'ignore_ament_install']
[0.856s] Level 1:colcon.colcon_core.package_identification:_identify(rospyvenv/lib/python3.10/site-packages/PyQt5/Qt5/qml/QtQuick) by extension 'ignore'
[0.856s] Level 1:colcon.colcon_core.package_identification:_identify(rospyvenv/lib/python3.10/site-packages/PyQt5/Qt5/qml/QtQuick) by extension 'ignore_ament_install'
[0.856s] Level 1:colcon.colcon_core.package_identification:_identify(rospyvenv/lib/python3.10/site-packages/PyQt5/Qt5/qml/QtQuick) by extensions ['colcon_pkg']
[0.856s] Level 1:colcon.colcon_core.package_identification:_identify(rospyvenv/lib/python3.10/site-packages/PyQt5/Qt5/qml/QtQuick) by extension 'colcon_pkg'
[0.856s] Level 1:colcon.colcon_core.package_identification:_identify(rospyvenv/lib/python3.10/site-packages/PyQt5/Qt5/qml/QtQuick) by extensions ['colcon_meta']
[0.856s] Level 1:colcon.colcon_core.package_identification:_identify(rospyvenv/lib/python3.10/site-packages/PyQt5/Qt5/qml/QtQuick) by extension 'colcon_meta'
[0.856s] Level 1:colcon.colcon_core.package_identification:_identify(rospyvenv/lib/python3.10/site-packages/PyQt5/Qt5/qml/QtQuick) by extensions ['ros']
[0.856s] Level 1:colcon.colcon_core.package_identification:_identify(rospyvenv/lib/python3.10/site-packages/PyQt5/Qt5/qml/QtQuick) by extension 'ros'
[0.856s] Level 1:colcon.colcon_core.package_identification:_identify(rospyvenv/lib/python3.10/site-packages/PyQt5/Qt5/qml/QtQuick) by extensions ['cmake', 'python']
[0.856s] Level 1:colcon.colcon_core.package_identification:_identify(rospyvenv/lib/python3.10/site-packages/PyQt5/Qt5/qml/QtQuick) by extension 'cmake'
[0.856s] Level 1:colcon.colcon_core.package_identification:_identify(rospyvenv/lib/python3.10/site-packages/PyQt5/Qt5/qml/QtQuick) by extension 'python'
[0.856s] Level 1:colcon.colcon_core.package_identification:_identify(rospyvenv/lib/python3.10/site-packages/PyQt5/Qt5/qml/QtQuick) by extensions ['python_setup_py']
[0.856s] Level 1:colcon.colcon_core.package_identification:_identify(rospyvenv/lib/python3.10/site-packages/PyQt5/Qt5/qml/QtQuick) by extension 'python_setup_py'
[0.857s] Level 1:colcon.colcon_core.package_identification:_identify(rospyvenv/lib/python3.10/site-packages/PyQt5/Qt5/qml/QtQuick/Controls) by extensions ['ignore', 'ignore_ament_install']
[0.857s] Level 1:colcon.colcon_core.package_identification:_identify(rospyvenv/lib/python3.10/site-packages/PyQt5/Qt5/qml/QtQuick/Controls) by extension 'ignore'
[0.857s] Level 1:colcon.colcon_core.package_identification:_identify(rospyvenv/lib/python3.10/site-packages/PyQt5/Qt5/qml/QtQuick/Controls) by extension 'ignore_ament_install'
[0.857s] Level 1:colcon.colcon_core.package_identification:_identify(rospyvenv/lib/python3.10/site-packages/PyQt5/Qt5/qml/QtQuick/Controls) by extensions ['colcon_pkg']
[0.857s] Level 1:colcon.colcon_core.package_identification:_identify(rospyvenv/lib/python3.10/site-packages/PyQt5/Qt5/qml/QtQuick/Controls) by extension 'colcon_pkg'
[0.857s] Level 1:colcon.colcon_core.package_identification:_identify(rospyvenv/lib/python3.10/site-packages/PyQt5/Qt5/qml/QtQuick/Controls) by extensions ['colcon_meta']
[0.857s] Level 1:colcon.colcon_core.package_identification:_identify(rospyvenv/lib/python3.10/site-packages/PyQt5/Qt5/qml/QtQuick/Controls) by extension 'colcon_meta'
[0.857s] Level 1:colcon.colcon_core.package_identification:_identify(rospyvenv/lib/python3.10/site-packages/PyQt5/Qt5/qml/QtQuick/Controls) by extensions ['ros']
[0.857s] Level 1:colcon.colcon_core.package_identification:_identify(rospyvenv/lib/python3.10/site-packages/PyQt5/Qt5/qml/QtQuick/Controls) by extension 'ros'
[0.857s] Level 1:colcon.colcon_core.package_identification:_identify(rospyvenv/lib/python3.10/site-packages/PyQt5/Qt5/qml/QtQuick/Controls) by extensions ['cmake', 'python']
[0.857s] Level 1:colcon.colcon_core.package_identification:_identify(rospyvenv/lib/python3.10/site-packages/PyQt5/Qt5/qml/QtQuick/Controls) by extension 'cmake'
[0.857s] Level 1:colcon.colcon_core.package_identification:_identify(rospyvenv/lib/python3.10/site-packages/PyQt5/Qt5/qml/QtQuick/Controls) by extension 'python'
[0.857s] Level 1:colcon.colcon_core.package_identification:_identify(rospyvenv/lib/python3.10/site-packages/PyQt5/Qt5/qml/QtQuick/Controls) by extensions ['python_setup_py']
[0.857s] Level 1:colcon.colcon_core.package_identification:_identify(rospyvenv/lib/python3.10/site-packages/PyQt5/Qt5/qml/QtQuick/Controls) by extension 'python_setup_py'
[0.858s] Level 1:colcon.colcon_core.package_identification:_identify(rospyvenv/lib/python3.10/site-packages/PyQt5/Qt5/qml/QtQuick/Controls/Private) by extensions ['ignore', 'ignore_ament_install']
[0.858s] Level 1:colcon.colcon_core.package_identification:_identify(rospyvenv/lib/python3.10/site-packages/PyQt5/Qt5/qml/QtQuick/Controls/Private) by extension 'ignore'
[0.858s] Level 1:colcon.colcon_core.package_identification:_identify(rospyvenv/lib/python3.10/site-packages/PyQt5/Qt5/qml/QtQuick/Controls/Private) by extension 'ignore_ament_install'
[0.858s] Level 1:colcon.colcon_core.package_identification:_identify(rospyvenv/lib/python3.10/site-packages/PyQt5/Qt5/qml/QtQuick/Controls/Private) by extensions ['colcon_pkg']
[0.858s] Level 1:colcon.colcon_core.package_identification:_identify(rospyvenv/lib/python3.10/site-packages/PyQt5/Qt5/qml/QtQuick/Controls/Private) by extension 'colcon_pkg'
[0.858s] Level 1:colcon.colcon_core.package_identification:_identify(rospyvenv/lib/python3.10/site-packages/PyQt5/Qt5/qml/QtQuick/Controls/Private) by extensions ['colcon_meta']
[0.858s] Level 1:colcon.colcon_core.package_identification:_identify(rospyvenv/lib/python3.10/site-packages/PyQt5/Qt5/qml/QtQuick/Controls/Private) by extension 'colcon_meta'
[0.858s] Level 1:colcon.colcon_core.package_identification:_identify(rospyvenv/lib/python3.10/site-packages/PyQt5/Qt5/qml/QtQuick/Controls/Private) by extensions ['ros']
[0.858s] Level 1:colcon.colcon_core.package_identification:_identify(rospyvenv/lib/python3.10/site-packages/PyQt5/Qt5/qml/QtQuick/Controls/Private) by extension 'ros'
[0.858s] Level 1:colcon.colcon_core.package_identification:_identify(rospyvenv/lib/python3.10/site-packages/PyQt5/Qt5/qml/QtQuick/Controls/Private) by extensions ['cmake', 'python']
[0.858s] Level 1:colcon.colcon_core.package_identification:_identify(rospyvenv/lib/python3.10/site-packages/PyQt5/Qt5/qml/QtQuick/Controls/Private) by extension 'cmake'
[0.858s] Level 1:colcon.colcon_core.package_identification:_identify(rospyvenv/lib/python3.10/site-packages/PyQt5/Qt5/qml/QtQuick/Controls/Private) by extension 'python'
[0.858s] Level 1:colcon.colcon_core.package_identification:_identify(rospyvenv/lib/python3.10/site-packages/PyQt5/Qt5/qml/QtQuick/Controls/Private) by extensions ['python_setup_py']
[0.858s] Level 1:colcon.colcon_core.package_identification:_identify(rospyvenv/lib/python3.10/site-packages/PyQt5/Qt5/qml/QtQuick/Controls/Private) by extension 'python_setup_py'
[0.859s] Level 1:colcon.colcon_core.package_identification:_identify(rospyvenv/lib/python3.10/site-packages/PyQt5/Qt5/qml/QtQuick/Controls/Styles) by extensions ['ignore', 'ignore_ament_install']
[0.859s] Level 1:colcon.colcon_core.package_identification:_identify(rospyvenv/lib/python3.10/site-packages/PyQt5/Qt5/qml/QtQuick/Controls/Styles) by extension 'ignore'
[0.859s] Level 1:colcon.colcon_core.package_identification:_identify(rospyvenv/lib/python3.10/site-packages/PyQt5/Qt5/qml/QtQuick/Controls/Styles) by extension 'ignore_ament_install'
[0.859s] Level 1:colcon.colcon_core.package_identification:_identify(rospyvenv/lib/python3.10/site-packages/PyQt5/Qt5/qml/QtQuick/Controls/Styles) by extensions ['colcon_pkg']
[0.859s] Level 1:colcon.colcon_core.package_identification:_identify(rospyvenv/lib/python3.10/site-packages/PyQt5/Qt5/qml/QtQuick/Controls/Styles) by extension 'colcon_pkg'
[0.859s] Level 1:colcon.colcon_core.package_identification:_identify(rospyvenv/lib/python3.10/site-packages/PyQt5/Qt5/qml/QtQuick/Controls/Styles) by extensions ['colcon_meta']
[0.859s] Level 1:colcon.colcon_core.package_identification:_identify(rospyvenv/lib/python3.10/site-packages/PyQt5/Qt5/qml/QtQuick/Controls/Styles) by extension 'colcon_meta'
[0.859s] Level 1:colcon.colcon_core.package_identification:_identify(rospyvenv/lib/python3.10/site-packages/PyQt5/Qt5/qml/QtQuick/Controls/Styles) by extensions ['ros']
[0.859s] Level 1:colcon.colcon_core.package_identification:_identify(rospyvenv/lib/python3.10/site-packages/PyQt5/Qt5/qml/QtQuick/Controls/Styles) by extension 'ros'
[0.859s] Level 1:colcon.colcon_core.package_identification:_identify(rospyvenv/lib/python3.10/site-packages/PyQt5/Qt5/qml/QtQuick/Controls/Styles) by extensions ['cmake', 'python']
[0.859s] Level 1:colcon.colcon_core.package_identification:_identify(rospyvenv/lib/python3.10/site-packages/PyQt5/Qt5/qml/QtQuick/Controls/Styles) by extension 'cmake'
[0.859s] Level 1:colcon.colcon_core.package_identification:_identify(rospyvenv/lib/python3.10/site-packages/PyQt5/Qt5/qml/QtQuick/Controls/Styles) by extension 'python'
[0.859s] Level 1:colcon.colcon_core.package_identification:_identify(rospyvenv/lib/python3.10/site-packages/PyQt5/Qt5/qml/QtQuick/Controls/Styles) by extensions ['python_setup_py']
[0.859s] Level 1:colcon.colcon_core.package_identification:_identify(rospyvenv/lib/python3.10/site-packages/PyQt5/Qt5/qml/QtQuick/Controls/Styles) by extension 'python_setup_py'
[0.859s] Level 1:colcon.colcon_core.package_identification:_identify(rospyvenv/lib/python3.10/site-packages/PyQt5/Qt5/qml/QtQuick/Controls/Styles/Base) by extensions ['ignore', 'ignore_ament_install']
[0.859s] Level 1:colcon.colcon_core.package_identification:_identify(rospyvenv/lib/python3.10/site-packages/PyQt5/Qt5/qml/QtQuick/Controls/Styles/Base) by extension 'ignore'
[0.860s] Level 1:colcon.colcon_core.package_identification:_identify(rospyvenv/lib/python3.10/site-packages/PyQt5/Qt5/qml/QtQuick/Controls/Styles/Base) by extension 'ignore_ament_install'
[0.860s] Level 1:colcon.colcon_core.package_identification:_identify(rospyvenv/lib/python3.10/site-packages/PyQt5/Qt5/qml/QtQuick/Controls/Styles/Base) by extensions ['colcon_pkg']
[0.860s] Level 1:colcon.colcon_core.package_identification:_identify(rospyvenv/lib/python3.10/site-packages/PyQt5/Qt5/qml/QtQuick/Controls/Styles/Base) by extension 'colcon_pkg'
[0.860s] Level 1:colcon.colcon_core.package_identification:_identify(rospyvenv/lib/python3.10/site-packages/PyQt5/Qt5/qml/QtQuick/Controls/Styles/Base) by extensions ['colcon_meta']
[0.860s] Level 1:colcon.colcon_core.package_identification:_identify(rospyvenv/lib/python3.10/site-packages/PyQt5/Qt5/qml/QtQuick/Controls/Styles/Base) by extension 'colcon_meta'
[0.860s] Level 1:colcon.colcon_core.package_identification:_identify(rospyvenv/lib/python3.10/site-packages/PyQt5/Qt5/qml/QtQuick/Controls/Styles/Base) by extensions ['ros']
[0.860s] Level 1:colcon.colcon_core.package_identification:_identify(rospyvenv/lib/python3.10/site-packages/PyQt5/Qt5/qml/QtQuick/Controls/Styles/Base) by extension 'ros'
[0.860s] Level 1:colcon.colcon_core.package_identification:_identify(rospyvenv/lib/python3.10/site-packages/PyQt5/Qt5/qml/QtQuick/Controls/Styles/Base) by extensions ['cmake', 'python']
[0.860s] Level 1:colcon.colcon_core.package_identification:_identify(rospyvenv/lib/python3.10/site-packages/PyQt5/Qt5/qml/QtQuick/Controls/Styles/Base) by extension 'cmake'
[0.860s] Level 1:colcon.colcon_core.package_identification:_identify(rospyvenv/lib/python3.10/site-packages/PyQt5/Qt5/qml/QtQuick/Controls/Styles/Base) by extension 'python'
[0.860s] Level 1:colcon.colcon_core.package_identification:_identify(rospyvenv/lib/python3.10/site-packages/PyQt5/Qt5/qml/QtQuick/Controls/Styles/Base) by extensions ['python_setup_py']
[0.860s] Level 1:colcon.colcon_core.package_identification:_identify(rospyvenv/lib/python3.10/site-packages/PyQt5/Qt5/qml/QtQuick/Controls/Styles/Base) by extension 'python_setup_py'
[0.860s] Level 1:colcon.colcon_core.package_identification:_identify(rospyvenv/lib/python3.10/site-packages/PyQt5/Qt5/qml/QtQuick/Controls/Styles/Base/images) by extensions ['ignore', 'ignore_ament_install']
[0.860s] Level 1:colcon.colcon_core.package_identification:_identify(rospyvenv/lib/python3.10/site-packages/PyQt5/Qt5/qml/QtQuick/Controls/Styles/Base/images) by extension 'ignore'
[0.860s] Level 1:colcon.colcon_core.package_identification:_identify(rospyvenv/lib/python3.10/site-packages/PyQt5/Qt5/qml/QtQuick/Controls/Styles/Base/images) by extension 'ignore_ament_install'
[0.861s] Level 1:colcon.colcon_core.package_identification:_identify(rospyvenv/lib/python3.10/site-packages/PyQt5/Qt5/qml/QtQuick/Controls/Styles/Base/images) by extensions ['colcon_pkg']
[0.861s] Level 1:colcon.colcon_core.package_identification:_identify(rospyvenv/lib/python3.10/site-packages/PyQt5/Qt5/qml/QtQuick/Controls/Styles/Base/images) by extension 'colcon_pkg'
[0.861s] Level 1:colcon.colcon_core.package_identification:_identify(rospyvenv/lib/python3.10/site-packages/PyQt5/Qt5/qml/QtQuick/Controls/Styles/Base/images) by extensions ['colcon_meta']
[0.861s] Level 1:colcon.colcon_core.package_identification:_identify(rospyvenv/lib/python3.10/site-packages/PyQt5/Qt5/qml/QtQuick/Controls/Styles/Base/images) by extension 'colcon_meta'
[0.861s] Level 1:colcon.colcon_core.package_identification:_identify(rospyvenv/lib/python3.10/site-packages/PyQt5/Qt5/qml/QtQuick/Controls/Styles/Base/images) by extensions ['ros']
[0.861s] Level 1:colcon.colcon_core.package_identification:_identify(rospyvenv/lib/python3.10/site-packages/PyQt5/Qt5/qml/QtQuick/Controls/Styles/Base/images) by extension 'ros'
[0.861s] Level 1:colcon.colcon_core.package_identification:_identify(rospyvenv/lib/python3.10/site-packages/PyQt5/Qt5/qml/QtQuick/Controls/Styles/Base/images) by extensions ['cmake', 'python']
[0.861s] Level 1:colcon.colcon_core.package_identification:_identify(rospyvenv/lib/python3.10/site-packages/PyQt5/Qt5/qml/QtQuick/Controls/Styles/Base/images) by extension 'cmake'
[0.861s] Level 1:colcon.colcon_core.package_identification:_identify(rospyvenv/lib/python3.10/site-packages/PyQt5/Qt5/qml/QtQuick/Controls/Styles/Base/images) by extension 'python'
[0.861s] Level 1:colcon.colcon_core.package_identification:_identify(rospyvenv/lib/python3.10/site-packages/PyQt5/Qt5/qml/QtQuick/Controls/Styles/Base/images) by extensions ['python_setup_py']
[0.861s] Level 1:colcon.colcon_core.package_identification:_identify(rospyvenv/lib/python3.10/site-packages/PyQt5/Qt5/qml/QtQuick/Controls/Styles/Base/images) by extension 'python_setup_py'
[0.861s] Level 1:colcon.colcon_core.package_identification:_identify(rospyvenv/lib/python3.10/site-packages/PyQt5/Qt5/qml/QtQuick/Controls/Styles/Desktop) by extensions ['ignore', 'ignore_ament_install']
[0.861s] Level 1:colcon.colcon_core.package_identification:_identify(rospyvenv/lib/python3.10/site-packages/PyQt5/Qt5/qml/QtQuick/Controls/Styles/Desktop) by extension 'ignore'
[0.861s] Level 1:colcon.colcon_core.package_identification:_identify(rospyvenv/lib/python3.10/site-packages/PyQt5/Qt5/qml/QtQuick/Controls/Styles/Desktop) by extension 'ignore_ament_install'
[0.862s] Level 1:colcon.colcon_core.package_identification:_identify(rospyvenv/lib/python3.10/site-packages/PyQt5/Qt5/qml/QtQuick/Controls/Styles/Desktop) by extensions ['colcon_pkg']
[0.862s] Level 1:colcon.colcon_core.package_identification:_identify(rospyvenv/lib/python3.10/site-packages/PyQt5/Qt5/qml/QtQuick/Controls/Styles/Desktop) by extension 'colcon_pkg'
[0.862s] Level 1:colcon.colcon_core.package_identification:_identify(rospyvenv/lib/python3.10/site-packages/PyQt5/Qt5/qml/QtQuick/Controls/Styles/Desktop) by extensions ['colcon_meta']
[0.862s] Level 1:colcon.colcon_core.package_identification:_identify(rospyvenv/lib/python3.10/site-packages/PyQt5/Qt5/qml/QtQuick/Controls/Styles/Desktop) by extension 'colcon_meta'
[0.862s] Level 1:colcon.colcon_core.package_identification:_identify(rospyvenv/lib/python3.10/site-packages/PyQt5/Qt5/qml/QtQuick/Controls/Styles/Desktop) by extensions ['ros']
[0.862s] Level 1:colcon.colcon_core.package_identification:_identify(rospyvenv/lib/python3.10/site-packages/PyQt5/Qt5/qml/QtQuick/Controls/Styles/Desktop) by extension 'ros'
[0.862s] Level 1:colcon.colcon_core.package_identification:_identify(rospyvenv/lib/python3.10/site-packages/PyQt5/Qt5/qml/QtQuick/Controls/Styles/Desktop) by extensions ['cmake', 'python']
[0.862s] Level 1:colcon.colcon_core.package_identification:_identify(rospyvenv/lib/python3.10/site-packages/PyQt5/Qt5/qml/QtQuick/Controls/Styles/Desktop) by extension 'cmake'
[0.862s] Level 1:colcon.colcon_core.package_identification:_identify(rospyvenv/lib/python3.10/site-packages/PyQt5/Qt5/qml/QtQuick/Controls/Styles/Desktop) by extension 'python'
[0.862s] Level 1:colcon.colcon_core.package_identification:_identify(rospyvenv/lib/python3.10/site-packages/PyQt5/Qt5/qml/QtQuick/Controls/Styles/Desktop) by extensions ['python_setup_py']
[0.862s] Level 1:colcon.colcon_core.package_identification:_identify(rospyvenv/lib/python3.10/site-packages/PyQt5/Qt5/qml/QtQuick/Controls/Styles/Desktop) by extension 'python_setup_py'
[0.863s] Level 1:colcon.colcon_core.package_identification:_identify(rospyvenv/lib/python3.10/site-packages/PyQt5/Qt5/qml/QtQuick/Controls/Styles/Flat) by extensions ['ignore', 'ignore_ament_install']
[0.863s] Level 1:colcon.colcon_core.package_identification:_identify(rospyvenv/lib/python3.10/site-packages/PyQt5/Qt5/qml/QtQuick/Controls/Styles/Flat) by extension 'ignore'
[0.863s] Level 1:colcon.colcon_core.package_identification:_identify(rospyvenv/lib/python3.10/site-packages/PyQt5/Qt5/qml/QtQuick/Controls/Styles/Flat) by extension 'ignore_ament_install'
[0.863s] Level 1:colcon.colcon_core.package_identification:_identify(rospyvenv/lib/python3.10/site-packages/PyQt5/Qt5/qml/QtQuick/Controls/Styles/Flat) by extensions ['colcon_pkg']
[0.863s] Level 1:colcon.colcon_core.package_identification:_identify(rospyvenv/lib/python3.10/site-packages/PyQt5/Qt5/qml/QtQuick/Controls/Styles/Flat) by extension 'colcon_pkg'
[0.863s] Level 1:colcon.colcon_core.package_identification:_identify(rospyvenv/lib/python3.10/site-packages/PyQt5/Qt5/qml/QtQuick/Controls/Styles/Flat) by extensions ['colcon_meta']
[0.863s] Level 1:colcon.colcon_core.package_identification:_identify(rospyvenv/lib/python3.10/site-packages/PyQt5/Qt5/qml/QtQuick/Controls/Styles/Flat) by extension 'colcon_meta'
[0.863s] Level 1:colcon.colcon_core.package_identification:_identify(rospyvenv/lib/python3.10/site-packages/PyQt5/Qt5/qml/QtQuick/Controls/Styles/Flat) by extensions ['ros']
[0.863s] Level 1:colcon.colcon_core.package_identification:_identify(rospyvenv/lib/python3.10/site-packages/PyQt5/Qt5/qml/QtQuick/Controls/Styles/Flat) by extension 'ros'
[0.863s] Level 1:colcon.colcon_core.package_identification:_identify(rospyvenv/lib/python3.10/site-packages/PyQt5/Qt5/qml/QtQuick/Controls/Styles/Flat) by extensions ['cmake', 'python']
[0.863s] Level 1:colcon.colcon_core.package_identification:_identify(rospyvenv/lib/python3.10/site-packages/PyQt5/Qt5/qml/QtQuick/Controls/Styles/Flat) by extension 'cmake'
[0.863s] Level 1:colcon.colcon_core.package_identification:_identify(rospyvenv/lib/python3.10/site-packages/PyQt5/Qt5/qml/QtQuick/Controls/Styles/Flat) by extension 'python'
[0.863s] Level 1:colcon.colcon_core.package_identification:_identify(rospyvenv/lib/python3.10/site-packages/PyQt5/Qt5/qml/QtQuick/Controls/Styles/Flat) by extensions ['python_setup_py']
[0.863s] Level 1:colcon.colcon_core.package_identification:_identify(rospyvenv/lib/python3.10/site-packages/PyQt5/Qt5/qml/QtQuick/Controls/Styles/Flat) by extension 'python_setup_py'
[0.863s] Level 1:colcon.colcon_core.package_identification:_identify(rospyvenv/lib/python3.10/site-packages/PyQt5/Qt5/qml/QtQuick/Controls.2) by extensions ['ignore', 'ignore_ament_install']
[0.863s] Level 1:colcon.colcon_core.package_identification:_identify(rospyvenv/lib/python3.10/site-packages/PyQt5/Qt5/qml/QtQuick/Controls.2) by extension 'ignore'
[0.864s] Level 1:colcon.colcon_core.package_identification:_identify(rospyvenv/lib/python3.10/site-packages/PyQt5/Qt5/qml/QtQuick/Controls.2) by extension 'ignore_ament_install'
[0.864s] Level 1:colcon.colcon_core.package_identification:_identify(rospyvenv/lib/python3.10/site-packages/PyQt5/Qt5/qml/QtQuick/Controls.2) by extensions ['colcon_pkg']
[0.864s] Level 1:colcon.colcon_core.package_identification:_identify(rospyvenv/lib/python3.10/site-packages/PyQt5/Qt5/qml/QtQuick/Controls.2) by extension 'colcon_pkg'
[0.864s] Level 1:colcon.colcon_core.package_identification:_identify(rospyvenv/lib/python3.10/site-packages/PyQt5/Qt5/qml/QtQuick/Controls.2) by extensions ['colcon_meta']
[0.864s] Level 1:colcon.colcon_core.package_identification:_identify(rospyvenv/lib/python3.10/site-packages/PyQt5/Qt5/qml/QtQuick/Controls.2) by extension 'colcon_meta'
[0.864s] Level 1:colcon.colcon_core.package_identification:_identify(rospyvenv/lib/python3.10/site-packages/PyQt5/Qt5/qml/QtQuick/Controls.2) by extensions ['ros']
[0.864s] Level 1:colcon.colcon_core.package_identification:_identify(rospyvenv/lib/python3.10/site-packages/PyQt5/Qt5/qml/QtQuick/Controls.2) by extension 'ros'
[0.864s] Level 1:colcon.colcon_core.package_identification:_identify(rospyvenv/lib/python3.10/site-packages/PyQt5/Qt5/qml/QtQuick/Controls.2) by extensions ['cmake', 'python']
[0.864s] Level 1:colcon.colcon_core.package_identification:_identify(rospyvenv/lib/python3.10/site-packages/PyQt5/Qt5/qml/QtQuick/Controls.2) by extension 'cmake'
[0.864s] Level 1:colcon.colcon_core.package_identification:_identify(rospyvenv/lib/python3.10/site-packages/PyQt5/Qt5/qml/QtQuick/Controls.2) by extension 'python'
[0.864s] Level 1:colcon.colcon_core.package_identification:_identify(rospyvenv/lib/python3.10/site-packages/PyQt5/Qt5/qml/QtQuick/Controls.2) by extensions ['python_setup_py']
[0.864s] Level 1:colcon.colcon_core.package_identification:_identify(rospyvenv/lib/python3.10/site-packages/PyQt5/Qt5/qml/QtQuick/Controls.2) by extension 'python_setup_py'
[0.864s] Level 1:colcon.colcon_core.package_identification:_identify(rospyvenv/lib/python3.10/site-packages/PyQt5/Qt5/qml/QtQuick/Controls.2/Fusion) by extensions ['ignore', 'ignore_ament_install']
[0.864s] Level 1:colcon.colcon_core.package_identification:_identify(rospyvenv/lib/python3.10/site-packages/PyQt5/Qt5/qml/QtQuick/Controls.2/Fusion) by extension 'ignore'
[0.864s] Level 1:colcon.colcon_core.package_identification:_identify(rospyvenv/lib/python3.10/site-packages/PyQt5/Qt5/qml/QtQuick/Controls.2/Fusion) by extension 'ignore_ament_install'
[0.864s] Level 1:colcon.colcon_core.package_identification:_identify(rospyvenv/lib/python3.10/site-packages/PyQt5/Qt5/qml/QtQuick/Controls.2/Fusion) by extensions ['colcon_pkg']
[0.865s] Level 1:colcon.colcon_core.package_identification:_identify(rospyvenv/lib/python3.10/site-packages/PyQt5/Qt5/qml/QtQuick/Controls.2/Fusion) by extension 'colcon_pkg'
[0.865s] Level 1:colcon.colcon_core.package_identification:_identify(rospyvenv/lib/python3.10/site-packages/PyQt5/Qt5/qml/QtQuick/Controls.2/Fusion) by extensions ['colcon_meta']
[0.865s] Level 1:colcon.colcon_core.package_identification:_identify(rospyvenv/lib/python3.10/site-packages/PyQt5/Qt5/qml/QtQuick/Controls.2/Fusion) by extension 'colcon_meta'
[0.865s] Level 1:colcon.colcon_core.package_identification:_identify(rospyvenv/lib/python3.10/site-packages/PyQt5/Qt5/qml/QtQuick/Controls.2/Fusion) by extensions ['ros']
[0.865s] Level 1:colcon.colcon_core.package_identification:_identify(rospyvenv/lib/python3.10/site-packages/PyQt5/Qt5/qml/QtQuick/Controls.2/Fusion) by extension 'ros'
[0.865s] Level 1:colcon.colcon_core.package_identification:_identify(rospyvenv/lib/python3.10/site-packages/PyQt5/Qt5/qml/QtQuick/Controls.2/Fusion) by extensions ['cmake', 'python']
[0.865s] Level 1:colcon.colcon_core.package_identification:_identify(rospyvenv/lib/python3.10/site-packages/PyQt5/Qt5/qml/QtQuick/Controls.2/Fusion) by extension 'cmake'
[0.865s] Level 1:colcon.colcon_core.package_identification:_identify(rospyvenv/lib/python3.10/site-packages/PyQt5/Qt5/qml/QtQuick/Controls.2/Fusion) by extension 'python'
[0.865s] Level 1:colcon.colcon_core.package_identification:_identify(rospyvenv/lib/python3.10/site-packages/PyQt5/Qt5/qml/QtQuick/Controls.2/Fusion) by extensions ['python_setup_py']
[0.865s] Level 1:colcon.colcon_core.package_identification:_identify(rospyvenv/lib/python3.10/site-packages/PyQt5/Qt5/qml/QtQuick/Controls.2/Fusion) by extension 'python_setup_py'
[0.865s] Level 1:colcon.colcon_core.package_identification:_identify(rospyvenv/lib/python3.10/site-packages/PyQt5/Qt5/qml/QtQuick/Controls.2/Imagine) by extensions ['ignore', 'ignore_ament_install']
[0.865s] Level 1:colcon.colcon_core.package_identification:_identify(rospyvenv/lib/python3.10/site-packages/PyQt5/Qt5/qml/QtQuick/Controls.2/Imagine) by extension 'ignore'
[0.865s] Level 1:colcon.colcon_core.package_identification:_identify(rospyvenv/lib/python3.10/site-packages/PyQt5/Qt5/qml/QtQuick/Controls.2/Imagine) by extension 'ignore_ament_install'
[0.865s] Level 1:colcon.colcon_core.package_identification:_identify(rospyvenv/lib/python3.10/site-packages/PyQt5/Qt5/qml/QtQuick/Controls.2/Imagine) by extensions ['colcon_pkg']
[0.865s] Level 1:colcon.colcon_core.package_identification:_identify(rospyvenv/lib/python3.10/site-packages/PyQt5/Qt5/qml/QtQuick/Controls.2/Imagine) by extension 'colcon_pkg'
[0.865s] Level 1:colcon.colcon_core.package_identification:_identify(rospyvenv/lib/python3.10/site-packages/PyQt5/Qt5/qml/QtQuick/Controls.2/Imagine) by extensions ['colcon_meta']
[0.865s] Level 1:colcon.colcon_core.package_identification:_identify(rospyvenv/lib/python3.10/site-packages/PyQt5/Qt5/qml/QtQuick/Controls.2/Imagine) by extension 'colcon_meta'
[0.866s] Level 1:colcon.colcon_core.package_identification:_identify(rospyvenv/lib/python3.10/site-packages/PyQt5/Qt5/qml/QtQuick/Controls.2/Imagine) by extensions ['ros']
[0.866s] Level 1:colcon.colcon_core.package_identification:_identify(rospyvenv/lib/python3.10/site-packages/PyQt5/Qt5/qml/QtQuick/Controls.2/Imagine) by extension 'ros'
[0.866s] Level 1:colcon.colcon_core.package_identification:_identify(rospyvenv/lib/python3.10/site-packages/PyQt5/Qt5/qml/QtQuick/Controls.2/Imagine) by extensions ['cmake', 'python']
[0.866s] Level 1:colcon.colcon_core.package_identification:_identify(rospyvenv/lib/python3.10/site-packages/PyQt5/Qt5/qml/QtQuick/Controls.2/Imagine) by extension 'cmake'
[0.866s] Level 1:colcon.colcon_core.package_identification:_identify(rospyvenv/lib/python3.10/site-packages/PyQt5/Qt5/qml/QtQuick/Controls.2/Imagine) by extension 'python'
[0.866s] Level 1:colcon.colcon_core.package_identification:_identify(rospyvenv/lib/python3.10/site-packages/PyQt5/Qt5/qml/QtQuick/Controls.2/Imagine) by extensions ['python_setup_py']
[0.866s] Level 1:colcon.colcon_core.package_identification:_identify(rospyvenv/lib/python3.10/site-packages/PyQt5/Qt5/qml/QtQuick/Controls.2/Imagine) by extension 'python_setup_py'
[0.866s] Level 1:colcon.colcon_core.package_identification:_identify(rospyvenv/lib/python3.10/site-packages/PyQt5/Qt5/qml/QtQuick/Controls.2/Material) by extensions ['ignore', 'ignore_ament_install']
[0.866s] Level 1:colcon.colcon_core.package_identification:_identify(rospyvenv/lib/python3.10/site-packages/PyQt5/Qt5/qml/QtQuick/Controls.2/Material) by extension 'ignore'
[0.866s] Level 1:colcon.colcon_core.package_identification:_identify(rospyvenv/lib/python3.10/site-packages/PyQt5/Qt5/qml/QtQuick/Controls.2/Material) by extension 'ignore_ament_install'
[0.866s] Level 1:colcon.colcon_core.package_identification:_identify(rospyvenv/lib/python3.10/site-packages/PyQt5/Qt5/qml/QtQuick/Controls.2/Material) by extensions ['colcon_pkg']
[0.866s] Level 1:colcon.colcon_core.package_identification:_identify(rospyvenv/lib/python3.10/site-packages/PyQt5/Qt5/qml/QtQuick/Controls.2/Material) by extension 'colcon_pkg'
[0.866s] Level 1:colcon.colcon_core.package_identification:_identify(rospyvenv/lib/python3.10/site-packages/PyQt5/Qt5/qml/QtQuick/Controls.2/Material) by extensions ['colcon_meta']
[0.866s] Level 1:colcon.colcon_core.package_identification:_identify(rospyvenv/lib/python3.10/site-packages/PyQt5/Qt5/qml/QtQuick/Controls.2/Material) by extension 'colcon_meta'
[0.866s] Level 1:colcon.colcon_core.package_identification:_identify(rospyvenv/lib/python3.10/site-packages/PyQt5/Qt5/qml/QtQuick/Controls.2/Material) by extensions ['ros']
[0.866s] Level 1:colcon.colcon_core.package_identification:_identify(rospyvenv/lib/python3.10/site-packages/PyQt5/Qt5/qml/QtQuick/Controls.2/Material) by extension 'ros'
[0.867s] Level 1:colcon.colcon_core.package_identification:_identify(rospyvenv/lib/python3.10/site-packages/PyQt5/Qt5/qml/QtQuick/Controls.2/Material) by extensions ['cmake', 'python']
[0.867s] Level 1:colcon.colcon_core.package_identification:_identify(rospyvenv/lib/python3.10/site-packages/PyQt5/Qt5/qml/QtQuick/Controls.2/Material) by extension 'cmake'
[0.867s] Level 1:colcon.colcon_core.package_identification:_identify(rospyvenv/lib/python3.10/site-packages/PyQt5/Qt5/qml/QtQuick/Controls.2/Material) by extension 'python'
[0.867s] Level 1:colcon.colcon_core.package_identification:_identify(rospyvenv/lib/python3.10/site-packages/PyQt5/Qt5/qml/QtQuick/Controls.2/Material) by extensions ['python_setup_py']
[0.867s] Level 1:colcon.colcon_core.package_identification:_identify(rospyvenv/lib/python3.10/site-packages/PyQt5/Qt5/qml/QtQuick/Controls.2/Material) by extension 'python_setup_py'
[0.867s] Level 1:colcon.colcon_core.package_identification:_identify(rospyvenv/lib/python3.10/site-packages/PyQt5/Qt5/qml/QtQuick/Controls.2/Universal) by extensions ['ignore', 'ignore_ament_install']
[0.867s] Level 1:colcon.colcon_core.package_identification:_identify(rospyvenv/lib/python3.10/site-packages/PyQt5/Qt5/qml/QtQuick/Controls.2/Universal) by extension 'ignore'
[0.867s] Level 1:colcon.colcon_core.package_identification:_identify(rospyvenv/lib/python3.10/site-packages/PyQt5/Qt5/qml/QtQuick/Controls.2/Universal) by extension 'ignore_ament_install'
[0.867s] Level 1:colcon.colcon_core.package_identification:_identify(rospyvenv/lib/python3.10/site-packages/PyQt5/Qt5/qml/QtQuick/Controls.2/Universal) by extensions ['colcon_pkg']
[0.867s] Level 1:colcon.colcon_core.package_identification:_identify(rospyvenv/lib/python3.10/site-packages/PyQt5/Qt5/qml/QtQuick/Controls.2/Universal) by extension 'colcon_pkg'
[0.867s] Level 1:colcon.colcon_core.package_identification:_identify(rospyvenv/lib/python3.10/site-packages/PyQt5/Qt5/qml/QtQuick/Controls.2/Universal) by extensions ['colcon_meta']
[0.867s] Level 1:colcon.colcon_core.package_identification:_identify(rospyvenv/lib/python3.10/site-packages/PyQt5/Qt5/qml/QtQuick/Controls.2/Universal) by extension 'colcon_meta'
[0.867s] Level 1:colcon.colcon_core.package_identification:_identify(rospyvenv/lib/python3.10/site-packages/PyQt5/Qt5/qml/QtQuick/Controls.2/Universal) by extensions ['ros']
[0.867s] Level 1:colcon.colcon_core.package_identification:_identify(rospyvenv/lib/python3.10/site-packages/PyQt5/Qt5/qml/QtQuick/Controls.2/Universal) by extension 'ros'
[0.867s] Level 1:colcon.colcon_core.package_identification:_identify(rospyvenv/lib/python3.10/site-packages/PyQt5/Qt5/qml/QtQuick/Controls.2/Universal) by extensions ['cmake', 'python']
[0.867s] Level 1:colcon.colcon_core.package_identification:_identify(rospyvenv/lib/python3.10/site-packages/PyQt5/Qt5/qml/QtQuick/Controls.2/Universal) by extension 'cmake'
[0.868s] Level 1:colcon.colcon_core.package_identification:_identify(rospyvenv/lib/python3.10/site-packages/PyQt5/Qt5/qml/QtQuick/Controls.2/Universal) by extension 'python'
[0.868s] Level 1:colcon.colcon_core.package_identification:_identify(rospyvenv/lib/python3.10/site-packages/PyQt5/Qt5/qml/QtQuick/Controls.2/Universal) by extensions ['python_setup_py']
[0.868s] Level 1:colcon.colcon_core.package_identification:_identify(rospyvenv/lib/python3.10/site-packages/PyQt5/Qt5/qml/QtQuick/Controls.2/Universal) by extension 'python_setup_py'
[0.868s] Level 1:colcon.colcon_core.package_identification:_identify(rospyvenv/lib/python3.10/site-packages/PyQt5/Qt5/qml/QtQuick/Controls.2/designer) by extensions ['ignore', 'ignore_ament_install']
[0.868s] Level 1:colcon.colcon_core.package_identification:_identify(rospyvenv/lib/python3.10/site-packages/PyQt5/Qt5/qml/QtQuick/Controls.2/designer) by extension 'ignore'
[0.868s] Level 1:colcon.colcon_core.package_identification:_identify(rospyvenv/lib/python3.10/site-packages/PyQt5/Qt5/qml/QtQuick/Controls.2/designer) by extension 'ignore_ament_install'
[0.868s] Level 1:colcon.colcon_core.package_identification:_identify(rospyvenv/lib/python3.10/site-packages/PyQt5/Qt5/qml/QtQuick/Controls.2/designer) by extensions ['colcon_pkg']
[0.868s] Level 1:colcon.colcon_core.package_identification:_identify(rospyvenv/lib/python3.10/site-packages/PyQt5/Qt5/qml/QtQuick/Controls.2/designer) by extension 'colcon_pkg'
[0.868s] Level 1:colcon.colcon_core.package_identification:_identify(rospyvenv/lib/python3.10/site-packages/PyQt5/Qt5/qml/QtQuick/Controls.2/designer) by extensions ['colcon_meta']
[0.868s] Level 1:colcon.colcon_core.package_identification:_identify(rospyvenv/lib/python3.10/site-packages/PyQt5/Qt5/qml/QtQuick/Controls.2/designer) by extension 'colcon_meta'
[0.868s] Level 1:colcon.colcon_core.package_identification:_identify(rospyvenv/lib/python3.10/site-packages/PyQt5/Qt5/qml/QtQuick/Controls.2/designer) by extensions ['ros']
[0.868s] Level 1:colcon.colcon_core.package_identification:_identify(rospyvenv/lib/python3.10/site-packages/PyQt5/Qt5/qml/QtQuick/Controls.2/designer) by extension 'ros'
[0.868s] Level 1:colcon.colcon_core.package_identification:_identify(rospyvenv/lib/python3.10/site-packages/PyQt5/Qt5/qml/QtQuick/Controls.2/designer) by extensions ['cmake', 'python']
[0.868s] Level 1:colcon.colcon_core.package_identification:_identify(rospyvenv/lib/python3.10/site-packages/PyQt5/Qt5/qml/QtQuick/Controls.2/designer) by extension 'cmake'
[0.868s] Level 1:colcon.colcon_core.package_identification:_identify(rospyvenv/lib/python3.10/site-packages/PyQt5/Qt5/qml/QtQuick/Controls.2/designer) by extension 'python'
[0.868s] Level 1:colcon.colcon_core.package_identification:_identify(rospyvenv/lib/python3.10/site-packages/PyQt5/Qt5/qml/QtQuick/Controls.2/designer) by extensions ['python_setup_py']
[0.868s] Level 1:colcon.colcon_core.package_identification:_identify(rospyvenv/lib/python3.10/site-packages/PyQt5/Qt5/qml/QtQuick/Controls.2/designer) by extension 'python_setup_py'
[0.869s] Level 1:colcon.colcon_core.package_identification:_identify(rospyvenv/lib/python3.10/site-packages/PyQt5/Qt5/qml/QtQuick/Controls.2/designer/images) by extensions ['ignore', 'ignore_ament_install']
[0.869s] Level 1:colcon.colcon_core.package_identification:_identify(rospyvenv/lib/python3.10/site-packages/PyQt5/Qt5/qml/QtQuick/Controls.2/designer/images) by extension 'ignore'
[0.869s] Level 1:colcon.colcon_core.package_identification:_identify(rospyvenv/lib/python3.10/site-packages/PyQt5/Qt5/qml/QtQuick/Controls.2/designer/images) by extension 'ignore_ament_install'
[0.869s] Level 1:colcon.colcon_core.package_identification:_identify(rospyvenv/lib/python3.10/site-packages/PyQt5/Qt5/qml/QtQuick/Controls.2/designer/images) by extensions ['colcon_pkg']
[0.869s] Level 1:colcon.colcon_core.package_identification:_identify(rospyvenv/lib/python3.10/site-packages/PyQt5/Qt5/qml/QtQuick/Controls.2/designer/images) by extension 'colcon_pkg'
[0.869s] Level 1:colcon.colcon_core.package_identification:_identify(rospyvenv/lib/python3.10/site-packages/PyQt5/Qt5/qml/QtQuick/Controls.2/designer/images) by extensions ['colcon_meta']
[0.869s] Level 1:colcon.colcon_core.package_identification:_identify(rospyvenv/lib/python3.10/site-packages/PyQt5/Qt5/qml/QtQuick/Controls.2/designer/images) by extension 'colcon_meta'
[0.869s] Level 1:colcon.colcon_core.package_identification:_identify(rospyvenv/lib/python3.10/site-packages/PyQt5/Qt5/qml/QtQuick/Controls.2/designer/images) by extensions ['ros']
[0.869s] Level 1:colcon.colcon_core.package_identification:_identify(rospyvenv/lib/python3.10/site-packages/PyQt5/Qt5/qml/QtQuick/Controls.2/designer/images) by extension 'ros'
[0.869s] Level 1:colcon.colcon_core.package_identification:_identify(rospyvenv/lib/python3.10/site-packages/PyQt5/Qt5/qml/QtQuick/Controls.2/designer/images) by extensions ['cmake', 'python']
[0.869s] Level 1:colcon.colcon_core.package_identification:_identify(rospyvenv/lib/python3.10/site-packages/PyQt5/Qt5/qml/QtQuick/Controls.2/designer/images) by extension 'cmake'
[0.869s] Level 1:colcon.colcon_core.package_identification:_identify(rospyvenv/lib/python3.10/site-packages/PyQt5/Qt5/qml/QtQuick/Controls.2/designer/images) by extension 'python'
[0.869s] Level 1:colcon.colcon_core.package_identification:_identify(rospyvenv/lib/python3.10/site-packages/PyQt5/Qt5/qml/QtQuick/Controls.2/designer/images) by extensions ['python_setup_py']
[0.869s] Level 1:colcon.colcon_core.package_identification:_identify(rospyvenv/lib/python3.10/site-packages/PyQt5/Qt5/qml/QtQuick/Controls.2/designer/images) by extension 'python_setup_py'
[0.870s] Level 1:colcon.colcon_core.package_identification:_identify(rospyvenv/lib/python3.10/site-packages/PyQt5/Qt5/qml/QtQuick/Dialogs) by extensions ['ignore', 'ignore_ament_install']
[0.870s] Level 1:colcon.colcon_core.package_identification:_identify(rospyvenv/lib/python3.10/site-packages/PyQt5/Qt5/qml/QtQuick/Dialogs) by extension 'ignore'
[0.870s] Level 1:colcon.colcon_core.package_identification:_identify(rospyvenv/lib/python3.10/site-packages/PyQt5/Qt5/qml/QtQuick/Dialogs) by extension 'ignore_ament_install'
[0.870s] Level 1:colcon.colcon_core.package_identification:_identify(rospyvenv/lib/python3.10/site-packages/PyQt5/Qt5/qml/QtQuick/Dialogs) by extensions ['colcon_pkg']
[0.870s] Level 1:colcon.colcon_core.package_identification:_identify(rospyvenv/lib/python3.10/site-packages/PyQt5/Qt5/qml/QtQuick/Dialogs) by extension 'colcon_pkg'
[0.870s] Level 1:colcon.colcon_core.package_identification:_identify(rospyvenv/lib/python3.10/site-packages/PyQt5/Qt5/qml/QtQuick/Dialogs) by extensions ['colcon_meta']
[0.870s] Level 1:colcon.colcon_core.package_identification:_identify(rospyvenv/lib/python3.10/site-packages/PyQt5/Qt5/qml/QtQuick/Dialogs) by extension 'colcon_meta'
[0.870s] Level 1:colcon.colcon_core.package_identification:_identify(rospyvenv/lib/python3.10/site-packages/PyQt5/Qt5/qml/QtQuick/Dialogs) by extensions ['ros']
[0.870s] Level 1:colcon.colcon_core.package_identification:_identify(rospyvenv/lib/python3.10/site-packages/PyQt5/Qt5/qml/QtQuick/Dialogs) by extension 'ros'
[0.870s] Level 1:colcon.colcon_core.package_identification:_identify(rospyvenv/lib/python3.10/site-packages/PyQt5/Qt5/qml/QtQuick/Dialogs) by extensions ['cmake', 'python']
[0.870s] Level 1:colcon.colcon_core.package_identification:_identify(rospyvenv/lib/python3.10/site-packages/PyQt5/Qt5/qml/QtQuick/Dialogs) by extension 'cmake'
[0.870s] Level 1:colcon.colcon_core.package_identification:_identify(rospyvenv/lib/python3.10/site-packages/PyQt5/Qt5/qml/QtQuick/Dialogs) by extension 'python'
[0.870s] Level 1:colcon.colcon_core.package_identification:_identify(rospyvenv/lib/python3.10/site-packages/PyQt5/Qt5/qml/QtQuick/Dialogs) by extensions ['python_setup_py']
[0.870s] Level 1:colcon.colcon_core.package_identification:_identify(rospyvenv/lib/python3.10/site-packages/PyQt5/Qt5/qml/QtQuick/Dialogs) by extension 'python_setup_py'
[0.871s] Level 1:colcon.colcon_core.package_identification:_identify(rospyvenv/lib/python3.10/site-packages/PyQt5/Qt5/qml/QtQuick/Dialogs/Private) by extensions ['ignore', 'ignore_ament_install']
[0.871s] Level 1:colcon.colcon_core.package_identification:_identify(rospyvenv/lib/python3.10/site-packages/PyQt5/Qt5/qml/QtQuick/Dialogs/Private) by extension 'ignore'
[0.871s] Level 1:colcon.colcon_core.package_identification:_identify(rospyvenv/lib/python3.10/site-packages/PyQt5/Qt5/qml/QtQuick/Dialogs/Private) by extension 'ignore_ament_install'
[0.871s] Level 1:colcon.colcon_core.package_identification:_identify(rospyvenv/lib/python3.10/site-packages/PyQt5/Qt5/qml/QtQuick/Dialogs/Private) by extensions ['colcon_pkg']
[0.871s] Level 1:colcon.colcon_core.package_identification:_identify(rospyvenv/lib/python3.10/site-packages/PyQt5/Qt5/qml/QtQuick/Dialogs/Private) by extension 'colcon_pkg'
[0.871s] Level 1:colcon.colcon_core.package_identification:_identify(rospyvenv/lib/python3.10/site-packages/PyQt5/Qt5/qml/QtQuick/Dialogs/Private) by extensions ['colcon_meta']
[0.871s] Level 1:colcon.colcon_core.package_identification:_identify(rospyvenv/lib/python3.10/site-packages/PyQt5/Qt5/qml/QtQuick/Dialogs/Private) by extension 'colcon_meta'
[0.871s] Level 1:colcon.colcon_core.package_identification:_identify(rospyvenv/lib/python3.10/site-packages/PyQt5/Qt5/qml/QtQuick/Dialogs/Private) by extensions ['ros']
[0.871s] Level 1:colcon.colcon_core.package_identification:_identify(rospyvenv/lib/python3.10/site-packages/PyQt5/Qt5/qml/QtQuick/Dialogs/Private) by extension 'ros'
[0.871s] Level 1:colcon.colcon_core.package_identification:_identify(rospyvenv/lib/python3.10/site-packages/PyQt5/Qt5/qml/QtQuick/Dialogs/Private) by extensions ['cmake', 'python']
[0.871s] Level 1:colcon.colcon_core.package_identification:_identify(rospyvenv/lib/python3.10/site-packages/PyQt5/Qt5/qml/QtQuick/Dialogs/Private) by extension 'cmake'
[0.871s] Level 1:colcon.colcon_core.package_identification:_identify(rospyvenv/lib/python3.10/site-packages/PyQt5/Qt5/qml/QtQuick/Dialogs/Private) by extension 'python'
[0.871s] Level 1:colcon.colcon_core.package_identification:_identify(rospyvenv/lib/python3.10/site-packages/PyQt5/Qt5/qml/QtQuick/Dialogs/Private) by extensions ['python_setup_py']
[0.871s] Level 1:colcon.colcon_core.package_identification:_identify(rospyvenv/lib/python3.10/site-packages/PyQt5/Qt5/qml/QtQuick/Dialogs/Private) by extension 'python_setup_py'
[0.872s] Level 1:colcon.colcon_core.package_identification:_identify(rospyvenv/lib/python3.10/site-packages/PyQt5/Qt5/qml/QtQuick/Dialogs/images) by extensions ['ignore', 'ignore_ament_install']
[0.872s] Level 1:colcon.colcon_core.package_identification:_identify(rospyvenv/lib/python3.10/site-packages/PyQt5/Qt5/qml/QtQuick/Dialogs/images) by extension 'ignore'
[0.872s] Level 1:colcon.colcon_core.package_identification:_identify(rospyvenv/lib/python3.10/site-packages/PyQt5/Qt5/qml/QtQuick/Dialogs/images) by extension 'ignore_ament_install'
[0.872s] Level 1:colcon.colcon_core.package_identification:_identify(rospyvenv/lib/python3.10/site-packages/PyQt5/Qt5/qml/QtQuick/Dialogs/images) by extensions ['colcon_pkg']
[0.872s] Level 1:colcon.colcon_core.package_identification:_identify(rospyvenv/lib/python3.10/site-packages/PyQt5/Qt5/qml/QtQuick/Dialogs/images) by extension 'colcon_pkg'
[0.872s] Level 1:colcon.colcon_core.package_identification:_identify(rospyvenv/lib/python3.10/site-packages/PyQt5/Qt5/qml/QtQuick/Dialogs/images) by extensions ['colcon_meta']
[0.872s] Level 1:colcon.colcon_core.package_identification:_identify(rospyvenv/lib/python3.10/site-packages/PyQt5/Qt5/qml/QtQuick/Dialogs/images) by extension 'colcon_meta'
[0.872s] Level 1:colcon.colcon_core.package_identification:_identify(rospyvenv/lib/python3.10/site-packages/PyQt5/Qt5/qml/QtQuick/Dialogs/images) by extensions ['ros']
[0.872s] Level 1:colcon.colcon_core.package_identification:_identify(rospyvenv/lib/python3.10/site-packages/PyQt5/Qt5/qml/QtQuick/Dialogs/images) by extension 'ros'
[0.872s] Level 1:colcon.colcon_core.package_identification:_identify(rospyvenv/lib/python3.10/site-packages/PyQt5/Qt5/qml/QtQuick/Dialogs/images) by extensions ['cmake', 'python']
[0.872s] Level 1:colcon.colcon_core.package_identification:_identify(rospyvenv/lib/python3.10/site-packages/PyQt5/Qt5/qml/QtQuick/Dialogs/images) by extension 'cmake'
[0.872s] Level 1:colcon.colcon_core.package_identification:_identify(rospyvenv/lib/python3.10/site-packages/PyQt5/Qt5/qml/QtQuick/Dialogs/images) by extension 'python'
[0.872s] Level 1:colcon.colcon_core.package_identification:_identify(rospyvenv/lib/python3.10/site-packages/PyQt5/Qt5/qml/QtQuick/Dialogs/images) by extensions ['python_setup_py']
[0.872s] Level 1:colcon.colcon_core.package_identification:_identify(rospyvenv/lib/python3.10/site-packages/PyQt5/Qt5/qml/QtQuick/Dialogs/images) by extension 'python_setup_py'
[0.873s] Level 1:colcon.colcon_core.package_identification:_identify(rospyvenv/lib/python3.10/site-packages/PyQt5/Qt5/qml/QtQuick/Dialogs/qml) by extensions ['ignore', 'ignore_ament_install']
[0.873s] Level 1:colcon.colcon_core.package_identification:_identify(rospyvenv/lib/python3.10/site-packages/PyQt5/Qt5/qml/QtQuick/Dialogs/qml) by extension 'ignore'
[0.873s] Level 1:colcon.colcon_core.package_identification:_identify(rospyvenv/lib/python3.10/site-packages/PyQt5/Qt5/qml/QtQuick/Dialogs/qml) by extension 'ignore_ament_install'
[0.873s] Level 1:colcon.colcon_core.package_identification:_identify(rospyvenv/lib/python3.10/site-packages/PyQt5/Qt5/qml/QtQuick/Dialogs/qml) by extensions ['colcon_pkg']
[0.873s] Level 1:colcon.colcon_core.package_identification:_identify(rospyvenv/lib/python3.10/site-packages/PyQt5/Qt5/qml/QtQuick/Dialogs/qml) by extension 'colcon_pkg'
[0.873s] Level 1:colcon.colcon_core.package_identification:_identify(rospyvenv/lib/python3.10/site-packages/PyQt5/Qt5/qml/QtQuick/Dialogs/qml) by extensions ['colcon_meta']
[0.873s] Level 1:colcon.colcon_core.package_identification:_identify(rospyvenv/lib/python3.10/site-packages/PyQt5/Qt5/qml/QtQuick/Dialogs/qml) by extension 'colcon_meta'
[0.873s] Level 1:colcon.colcon_core.package_identification:_identify(rospyvenv/lib/python3.10/site-packages/PyQt5/Qt5/qml/QtQuick/Dialogs/qml) by extensions ['ros']
[0.873s] Level 1:colcon.colcon_core.package_identification:_identify(rospyvenv/lib/python3.10/site-packages/PyQt5/Qt5/qml/QtQuick/Dialogs/qml) by extension 'ros'
[0.873s] Level 1:colcon.colcon_core.package_identification:_identify(rospyvenv/lib/python3.10/site-packages/PyQt5/Qt5/qml/QtQuick/Dialogs/qml) by extensions ['cmake', 'python']
[0.873s] Level 1:colcon.colcon_core.package_identification:_identify(rospyvenv/lib/python3.10/site-packages/PyQt5/Qt5/qml/QtQuick/Dialogs/qml) by extension 'cmake'
[0.873s] Level 1:colcon.colcon_core.package_identification:_identify(rospyvenv/lib/python3.10/site-packages/PyQt5/Qt5/qml/QtQuick/Dialogs/qml) by extension 'python'
[0.873s] Level 1:colcon.colcon_core.package_identification:_identify(rospyvenv/lib/python3.10/site-packages/PyQt5/Qt5/qml/QtQuick/Dialogs/qml) by extensions ['python_setup_py']
[0.873s] Level 1:colcon.colcon_core.package_identification:_identify(rospyvenv/lib/python3.10/site-packages/PyQt5/Qt5/qml/QtQuick/Dialogs/qml) by extension 'python_setup_py'
[0.874s] Level 1:colcon.colcon_core.package_identification:_identify(rospyvenv/lib/python3.10/site-packages/PyQt5/Qt5/qml/QtQuick/Extras) by extensions ['ignore', 'ignore_ament_install']
[0.874s] Level 1:colcon.colcon_core.package_identification:_identify(rospyvenv/lib/python3.10/site-packages/PyQt5/Qt5/qml/QtQuick/Extras) by extension 'ignore'
[0.874s] Level 1:colcon.colcon_core.package_identification:_identify(rospyvenv/lib/python3.10/site-packages/PyQt5/Qt5/qml/QtQuick/Extras) by extension 'ignore_ament_install'
[0.874s] Level 1:colcon.colcon_core.package_identification:_identify(rospyvenv/lib/python3.10/site-packages/PyQt5/Qt5/qml/QtQuick/Extras) by extensions ['colcon_pkg']
[0.874s] Level 1:colcon.colcon_core.package_identification:_identify(rospyvenv/lib/python3.10/site-packages/PyQt5/Qt5/qml/QtQuick/Extras) by extension 'colcon_pkg'
[0.874s] Level 1:colcon.colcon_core.package_identification:_identify(rospyvenv/lib/python3.10/site-packages/PyQt5/Qt5/qml/QtQuick/Extras) by extensions ['colcon_meta']
[0.874s] Level 1:colcon.colcon_core.package_identification:_identify(rospyvenv/lib/python3.10/site-packages/PyQt5/Qt5/qml/QtQuick/Extras) by extension 'colcon_meta'
[0.874s] Level 1:colcon.colcon_core.package_identification:_identify(rospyvenv/lib/python3.10/site-packages/PyQt5/Qt5/qml/QtQuick/Extras) by extensions ['ros']
[0.874s] Level 1:colcon.colcon_core.package_identification:_identify(rospyvenv/lib/python3.10/site-packages/PyQt5/Qt5/qml/QtQuick/Extras) by extension 'ros'
[0.874s] Level 1:colcon.colcon_core.package_identification:_identify(rospyvenv/lib/python3.10/site-packages/PyQt5/Qt5/qml/QtQuick/Extras) by extensions ['cmake', 'python']
[0.874s] Level 1:colcon.colcon_core.package_identification:_identify(rospyvenv/lib/python3.10/site-packages/PyQt5/Qt5/qml/QtQuick/Extras) by extension 'cmake'
[0.874s] Level 1:colcon.colcon_core.package_identification:_identify(rospyvenv/lib/python3.10/site-packages/PyQt5/Qt5/qml/QtQuick/Extras) by extension 'python'
[0.874s] Level 1:colcon.colcon_core.package_identification:_identify(rospyvenv/lib/python3.10/site-packages/PyQt5/Qt5/qml/QtQuick/Extras) by extensions ['python_setup_py']
[0.874s] Level 1:colcon.colcon_core.package_identification:_identify(rospyvenv/lib/python3.10/site-packages/PyQt5/Qt5/qml/QtQuick/Extras) by extension 'python_setup_py'
[0.875s] Level 1:colcon.colcon_core.package_identification:_identify(rospyvenv/lib/python3.10/site-packages/PyQt5/Qt5/qml/QtQuick/Extras/Private) by extensions ['ignore', 'ignore_ament_install']
[0.875s] Level 1:colcon.colcon_core.package_identification:_identify(rospyvenv/lib/python3.10/site-packages/PyQt5/Qt5/qml/QtQuick/Extras/Private) by extension 'ignore'
[0.875s] Level 1:colcon.colcon_core.package_identification:_identify(rospyvenv/lib/python3.10/site-packages/PyQt5/Qt5/qml/QtQuick/Extras/Private) by extension 'ignore_ament_install'
[0.875s] Level 1:colcon.colcon_core.package_identification:_identify(rospyvenv/lib/python3.10/site-packages/PyQt5/Qt5/qml/QtQuick/Extras/Private) by extensions ['colcon_pkg']
[0.875s] Level 1:colcon.colcon_core.package_identification:_identify(rospyvenv/lib/python3.10/site-packages/PyQt5/Qt5/qml/QtQuick/Extras/Private) by extension 'colcon_pkg'
[0.875s] Level 1:colcon.colcon_core.package_identification:_identify(rospyvenv/lib/python3.10/site-packages/PyQt5/Qt5/qml/QtQuick/Extras/Private) by extensions ['colcon_meta']
[0.875s] Level 1:colcon.colcon_core.package_identification:_identify(rospyvenv/lib/python3.10/site-packages/PyQt5/Qt5/qml/QtQuick/Extras/Private) by extension 'colcon_meta'
[0.875s] Level 1:colcon.colcon_core.package_identification:_identify(rospyvenv/lib/python3.10/site-packages/PyQt5/Qt5/qml/QtQuick/Extras/Private) by extensions ['ros']
[0.875s] Level 1:colcon.colcon_core.package_identification:_identify(rospyvenv/lib/python3.10/site-packages/PyQt5/Qt5/qml/QtQuick/Extras/Private) by extension 'ros'
[0.875s] Level 1:colcon.colcon_core.package_identification:_identify(rospyvenv/lib/python3.10/site-packages/PyQt5/Qt5/qml/QtQuick/Extras/Private) by extensions ['cmake', 'python']
[0.875s] Level 1:colcon.colcon_core.package_identification:_identify(rospyvenv/lib/python3.10/site-packages/PyQt5/Qt5/qml/QtQuick/Extras/Private) by extension 'cmake'
[0.875s] Level 1:colcon.colcon_core.package_identification:_identify(rospyvenv/lib/python3.10/site-packages/PyQt5/Qt5/qml/QtQuick/Extras/Private) by extension 'python'
[0.875s] Level 1:colcon.colcon_core.package_identification:_identify(rospyvenv/lib/python3.10/site-packages/PyQt5/Qt5/qml/QtQuick/Extras/Private) by extensions ['python_setup_py']
[0.875s] Level 1:colcon.colcon_core.package_identification:_identify(rospyvenv/lib/python3.10/site-packages/PyQt5/Qt5/qml/QtQuick/Extras/Private) by extension 'python_setup_py'
[0.875s] Level 1:colcon.colcon_core.package_identification:_identify(rospyvenv/lib/python3.10/site-packages/PyQt5/Qt5/qml/QtQuick/Extras/designer) by extensions ['ignore', 'ignore_ament_install']
[0.875s] Level 1:colcon.colcon_core.package_identification:_identify(rospyvenv/lib/python3.10/site-packages/PyQt5/Qt5/qml/QtQuick/Extras/designer) by extension 'ignore'
[0.875s] Level 1:colcon.colcon_core.package_identification:_identify(rospyvenv/lib/python3.10/site-packages/PyQt5/Qt5/qml/QtQuick/Extras/designer) by extension 'ignore_ament_install'
[0.876s] Level 1:colcon.colcon_core.package_identification:_identify(rospyvenv/lib/python3.10/site-packages/PyQt5/Qt5/qml/QtQuick/Extras/designer) by extensions ['colcon_pkg']
[0.876s] Level 1:colcon.colcon_core.package_identification:_identify(rospyvenv/lib/python3.10/site-packages/PyQt5/Qt5/qml/QtQuick/Extras/designer) by extension 'colcon_pkg'
[0.876s] Level 1:colcon.colcon_core.package_identification:_identify(rospyvenv/lib/python3.10/site-packages/PyQt5/Qt5/qml/QtQuick/Extras/designer) by extensions ['colcon_meta']
[0.876s] Level 1:colcon.colcon_core.package_identification:_identify(rospyvenv/lib/python3.10/site-packages/PyQt5/Qt5/qml/QtQuick/Extras/designer) by extension 'colcon_meta'
[0.876s] Level 1:colcon.colcon_core.package_identification:_identify(rospyvenv/lib/python3.10/site-packages/PyQt5/Qt5/qml/QtQuick/Extras/designer) by extensions ['ros']
[0.876s] Level 1:colcon.colcon_core.package_identification:_identify(rospyvenv/lib/python3.10/site-packages/PyQt5/Qt5/qml/QtQuick/Extras/designer) by extension 'ros'
[0.876s] Level 1:colcon.colcon_core.package_identification:_identify(rospyvenv/lib/python3.10/site-packages/PyQt5/Qt5/qml/QtQuick/Extras/designer) by extensions ['cmake', 'python']
[0.876s] Level 1:colcon.colcon_core.package_identification:_identify(rospyvenv/lib/python3.10/site-packages/PyQt5/Qt5/qml/QtQuick/Extras/designer) by extension 'cmake'
[0.876s] Level 1:colcon.colcon_core.package_identification:_identify(rospyvenv/lib/python3.10/site-packages/PyQt5/Qt5/qml/QtQuick/Extras/designer) by extension 'python'
[0.876s] Level 1:colcon.colcon_core.package_identification:_identify(rospyvenv/lib/python3.10/site-packages/PyQt5/Qt5/qml/QtQuick/Extras/designer) by extensions ['python_setup_py']
[0.876s] Level 1:colcon.colcon_core.package_identification:_identify(rospyvenv/lib/python3.10/site-packages/PyQt5/Qt5/qml/QtQuick/Extras/designer) by extension 'python_setup_py'
[0.876s] Level 1:colcon.colcon_core.package_identification:_identify(rospyvenv/lib/python3.10/site-packages/PyQt5/Qt5/qml/QtQuick/Extras/designer/images) by extensions ['ignore', 'ignore_ament_install']
[0.876s] Level 1:colcon.colcon_core.package_identification:_identify(rospyvenv/lib/python3.10/site-packages/PyQt5/Qt5/qml/QtQuick/Extras/designer/images) by extension 'ignore'
[0.877s] Level 1:colcon.colcon_core.package_identification:_identify(rospyvenv/lib/python3.10/site-packages/PyQt5/Qt5/qml/QtQuick/Extras/designer/images) by extension 'ignore_ament_install'
[0.877s] Level 1:colcon.colcon_core.package_identification:_identify(rospyvenv/lib/python3.10/site-packages/PyQt5/Qt5/qml/QtQuick/Extras/designer/images) by extensions ['colcon_pkg']
[0.877s] Level 1:colcon.colcon_core.package_identification:_identify(rospyvenv/lib/python3.10/site-packages/PyQt5/Qt5/qml/QtQuick/Extras/designer/images) by extension 'colcon_pkg'
[0.877s] Level 1:colcon.colcon_core.package_identification:_identify(rospyvenv/lib/python3.10/site-packages/PyQt5/Qt5/qml/QtQuick/Extras/designer/images) by extensions ['colcon_meta']
[0.877s] Level 1:colcon.colcon_core.package_identification:_identify(rospyvenv/lib/python3.10/site-packages/PyQt5/Qt5/qml/QtQuick/Extras/designer/images) by extension 'colcon_meta'
[0.877s] Level 1:colcon.colcon_core.package_identification:_identify(rospyvenv/lib/python3.10/site-packages/PyQt5/Qt5/qml/QtQuick/Extras/designer/images) by extensions ['ros']
[0.877s] Level 1:colcon.colcon_core.package_identification:_identify(rospyvenv/lib/python3.10/site-packages/PyQt5/Qt5/qml/QtQuick/Extras/designer/images) by extension 'ros'
[0.877s] Level 1:colcon.colcon_core.package_identification:_identify(rospyvenv/lib/python3.10/site-packages/PyQt5/Qt5/qml/QtQuick/Extras/designer/images) by extensions ['cmake', 'python']
[0.877s] Level 1:colcon.colcon_core.package_identification:_identify(rospyvenv/lib/python3.10/site-packages/PyQt5/Qt5/qml/QtQuick/Extras/designer/images) by extension 'cmake'
[0.877s] Level 1:colcon.colcon_core.package_identification:_identify(rospyvenv/lib/python3.10/site-packages/PyQt5/Qt5/qml/QtQuick/Extras/designer/images) by extension 'python'
[0.877s] Level 1:colcon.colcon_core.package_identification:_identify(rospyvenv/lib/python3.10/site-packages/PyQt5/Qt5/qml/QtQuick/Extras/designer/images) by extensions ['python_setup_py']
[0.877s] Level 1:colcon.colcon_core.package_identification:_identify(rospyvenv/lib/python3.10/site-packages/PyQt5/Qt5/qml/QtQuick/Extras/designer/images) by extension 'python_setup_py'
[0.877s] Level 1:colcon.colcon_core.package_identification:_identify(rospyvenv/lib/python3.10/site-packages/PyQt5/Qt5/qml/QtQuick/Layouts) by extensions ['ignore', 'ignore_ament_install']
[0.878s] Level 1:colcon.colcon_core.package_identification:_identify(rospyvenv/lib/python3.10/site-packages/PyQt5/Qt5/qml/QtQuick/Layouts) by extension 'ignore'
[0.878s] Level 1:colcon.colcon_core.package_identification:_identify(rospyvenv/lib/python3.10/site-packages/PyQt5/Qt5/qml/QtQuick/Layouts) by extension 'ignore_ament_install'
[0.878s] Level 1:colcon.colcon_core.package_identification:_identify(rospyvenv/lib/python3.10/site-packages/PyQt5/Qt5/qml/QtQuick/Layouts) by extensions ['colcon_pkg']
[0.878s] Level 1:colcon.colcon_core.package_identification:_identify(rospyvenv/lib/python3.10/site-packages/PyQt5/Qt5/qml/QtQuick/Layouts) by extension 'colcon_pkg'
[0.878s] Level 1:colcon.colcon_core.package_identification:_identify(rospyvenv/lib/python3.10/site-packages/PyQt5/Qt5/qml/QtQuick/Layouts) by extensions ['colcon_meta']
[0.878s] Level 1:colcon.colcon_core.package_identification:_identify(rospyvenv/lib/python3.10/site-packages/PyQt5/Qt5/qml/QtQuick/Layouts) by extension 'colcon_meta'
[0.878s] Level 1:colcon.colcon_core.package_identification:_identify(rospyvenv/lib/python3.10/site-packages/PyQt5/Qt5/qml/QtQuick/Layouts) by extensions ['ros']
[0.878s] Level 1:colcon.colcon_core.package_identification:_identify(rospyvenv/lib/python3.10/site-packages/PyQt5/Qt5/qml/QtQuick/Layouts) by extension 'ros'
[0.878s] Level 1:colcon.colcon_core.package_identification:_identify(rospyvenv/lib/python3.10/site-packages/PyQt5/Qt5/qml/QtQuick/Layouts) by extensions ['cmake', 'python']
[0.878s] Level 1:colcon.colcon_core.package_identification:_identify(rospyvenv/lib/python3.10/site-packages/PyQt5/Qt5/qml/QtQuick/Layouts) by extension 'cmake'
[0.878s] Level 1:colcon.colcon_core.package_identification:_identify(rospyvenv/lib/python3.10/site-packages/PyQt5/Qt5/qml/QtQuick/Layouts) by extension 'python'
[0.878s] Level 1:colcon.colcon_core.package_identification:_identify(rospyvenv/lib/python3.10/site-packages/PyQt5/Qt5/qml/QtQuick/Layouts) by extensions ['python_setup_py']
[0.878s] Level 1:colcon.colcon_core.package_identification:_identify(rospyvenv/lib/python3.10/site-packages/PyQt5/Qt5/qml/QtQuick/Layouts) by extension 'python_setup_py'
[0.878s] Level 1:colcon.colcon_core.package_identification:_identify(rospyvenv/lib/python3.10/site-packages/PyQt5/Qt5/qml/QtQuick/LocalStorage) by extensions ['ignore', 'ignore_ament_install']
[0.879s] Level 1:colcon.colcon_core.package_identification:_identify(rospyvenv/lib/python3.10/site-packages/PyQt5/Qt5/qml/QtQuick/LocalStorage) by extension 'ignore'
[0.879s] Level 1:colcon.colcon_core.package_identification:_identify(rospyvenv/lib/python3.10/site-packages/PyQt5/Qt5/qml/QtQuick/LocalStorage) by extension 'ignore_ament_install'
[0.879s] Level 1:colcon.colcon_core.package_identification:_identify(rospyvenv/lib/python3.10/site-packages/PyQt5/Qt5/qml/QtQuick/LocalStorage) by extensions ['colcon_pkg']
[0.879s] Level 1:colcon.colcon_core.package_identification:_identify(rospyvenv/lib/python3.10/site-packages/PyQt5/Qt5/qml/QtQuick/LocalStorage) by extension 'colcon_pkg'
[0.879s] Level 1:colcon.colcon_core.package_identification:_identify(rospyvenv/lib/python3.10/site-packages/PyQt5/Qt5/qml/QtQuick/LocalStorage) by extensions ['colcon_meta']
[0.879s] Level 1:colcon.colcon_core.package_identification:_identify(rospyvenv/lib/python3.10/site-packages/PyQt5/Qt5/qml/QtQuick/LocalStorage) by extension 'colcon_meta'
[0.879s] Level 1:colcon.colcon_core.package_identification:_identify(rospyvenv/lib/python3.10/site-packages/PyQt5/Qt5/qml/QtQuick/LocalStorage) by extensions ['ros']
[0.879s] Level 1:colcon.colcon_core.package_identification:_identify(rospyvenv/lib/python3.10/site-packages/PyQt5/Qt5/qml/QtQuick/LocalStorage) by extension 'ros'
[0.879s] Level 1:colcon.colcon_core.package_identification:_identify(rospyvenv/lib/python3.10/site-packages/PyQt5/Qt5/qml/QtQuick/LocalStorage) by extensions ['cmake', 'python']
[0.879s] Level 1:colcon.colcon_core.package_identification:_identify(rospyvenv/lib/python3.10/site-packages/PyQt5/Qt5/qml/QtQuick/LocalStorage) by extension 'cmake'
[0.879s] Level 1:colcon.colcon_core.package_identification:_identify(rospyvenv/lib/python3.10/site-packages/PyQt5/Qt5/qml/QtQuick/LocalStorage) by extension 'python'
[0.879s] Level 1:colcon.colcon_core.package_identification:_identify(rospyvenv/lib/python3.10/site-packages/PyQt5/Qt5/qml/QtQuick/LocalStorage) by extensions ['python_setup_py']
[0.879s] Level 1:colcon.colcon_core.package_identification:_identify(rospyvenv/lib/python3.10/site-packages/PyQt5/Qt5/qml/QtQuick/LocalStorage) by extension 'python_setup_py'
[0.879s] Level 1:colcon.colcon_core.package_identification:_identify(rospyvenv/lib/python3.10/site-packages/PyQt5/Qt5/qml/QtQuick/Particles.2) by extensions ['ignore', 'ignore_ament_install']
[0.879s] Level 1:colcon.colcon_core.package_identification:_identify(rospyvenv/lib/python3.10/site-packages/PyQt5/Qt5/qml/QtQuick/Particles.2) by extension 'ignore'
[0.879s] Level 1:colcon.colcon_core.package_identification:_identify(rospyvenv/lib/python3.10/site-packages/PyQt5/Qt5/qml/QtQuick/Particles.2) by extension 'ignore_ament_install'
[0.879s] Level 1:colcon.colcon_core.package_identification:_identify(rospyvenv/lib/python3.10/site-packages/PyQt5/Qt5/qml/QtQuick/Particles.2) by extensions ['colcon_pkg']
[0.880s] Level 1:colcon.colcon_core.package_identification:_identify(rospyvenv/lib/python3.10/site-packages/PyQt5/Qt5/qml/QtQuick/Particles.2) by extension 'colcon_pkg'
[0.880s] Level 1:colcon.colcon_core.package_identification:_identify(rospyvenv/lib/python3.10/site-packages/PyQt5/Qt5/qml/QtQuick/Particles.2) by extensions ['colcon_meta']
[0.880s] Level 1:colcon.colcon_core.package_identification:_identify(rospyvenv/lib/python3.10/site-packages/PyQt5/Qt5/qml/QtQuick/Particles.2) by extension 'colcon_meta'
[0.880s] Level 1:colcon.colcon_core.package_identification:_identify(rospyvenv/lib/python3.10/site-packages/PyQt5/Qt5/qml/QtQuick/Particles.2) by extensions ['ros']
[0.880s] Level 1:colcon.colcon_core.package_identification:_identify(rospyvenv/lib/python3.10/site-packages/PyQt5/Qt5/qml/QtQuick/Particles.2) by extension 'ros'
[0.880s] Level 1:colcon.colcon_core.package_identification:_identify(rospyvenv/lib/python3.10/site-packages/PyQt5/Qt5/qml/QtQuick/Particles.2) by extensions ['cmake', 'python']
[0.880s] Level 1:colcon.colcon_core.package_identification:_identify(rospyvenv/lib/python3.10/site-packages/PyQt5/Qt5/qml/QtQuick/Particles.2) by extension 'cmake'
[0.880s] Level 1:colcon.colcon_core.package_identification:_identify(rospyvenv/lib/python3.10/site-packages/PyQt5/Qt5/qml/QtQuick/Particles.2) by extension 'python'
[0.880s] Level 1:colcon.colcon_core.package_identification:_identify(rospyvenv/lib/python3.10/site-packages/PyQt5/Qt5/qml/QtQuick/Particles.2) by extensions ['python_setup_py']
[0.880s] Level 1:colcon.colcon_core.package_identification:_identify(rospyvenv/lib/python3.10/site-packages/PyQt5/Qt5/qml/QtQuick/Particles.2) by extension 'python_setup_py'
[0.880s] Level 1:colcon.colcon_core.package_identification:_identify(rospyvenv/lib/python3.10/site-packages/PyQt5/Qt5/qml/QtQuick/Pdf) by extensions ['ignore', 'ignore_ament_install']
[0.880s] Level 1:colcon.colcon_core.package_identification:_identify(rospyvenv/lib/python3.10/site-packages/PyQt5/Qt5/qml/QtQuick/Pdf) by extension 'ignore'
[0.880s] Level 1:colcon.colcon_core.package_identification:_identify(rospyvenv/lib/python3.10/site-packages/PyQt5/Qt5/qml/QtQuick/Pdf) by extension 'ignore_ament_install'
[0.880s] Level 1:colcon.colcon_core.package_identification:_identify(rospyvenv/lib/python3.10/site-packages/PyQt5/Qt5/qml/QtQuick/Pdf) by extensions ['colcon_pkg']
[0.880s] Level 1:colcon.colcon_core.package_identification:_identify(rospyvenv/lib/python3.10/site-packages/PyQt5/Qt5/qml/QtQuick/Pdf) by extension 'colcon_pkg'
[0.881s] Level 1:colcon.colcon_core.package_identification:_identify(rospyvenv/lib/python3.10/site-packages/PyQt5/Qt5/qml/QtQuick/Pdf) by extensions ['colcon_meta']
[0.881s] Level 1:colcon.colcon_core.package_identification:_identify(rospyvenv/lib/python3.10/site-packages/PyQt5/Qt5/qml/QtQuick/Pdf) by extension 'colcon_meta'
[0.881s] Level 1:colcon.colcon_core.package_identification:_identify(rospyvenv/lib/python3.10/site-packages/PyQt5/Qt5/qml/QtQuick/Pdf) by extensions ['ros']
[0.881s] Level 1:colcon.colcon_core.package_identification:_identify(rospyvenv/lib/python3.10/site-packages/PyQt5/Qt5/qml/QtQuick/Pdf) by extension 'ros'
[0.881s] Level 1:colcon.colcon_core.package_identification:_identify(rospyvenv/lib/python3.10/site-packages/PyQt5/Qt5/qml/QtQuick/Pdf) by extensions ['cmake', 'python']
[0.881s] Level 1:colcon.colcon_core.package_identification:_identify(rospyvenv/lib/python3.10/site-packages/PyQt5/Qt5/qml/QtQuick/Pdf) by extension 'cmake'
[0.881s] Level 1:colcon.colcon_core.package_identification:_identify(rospyvenv/lib/python3.10/site-packages/PyQt5/Qt5/qml/QtQuick/Pdf) by extension 'python'
[0.881s] Level 1:colcon.colcon_core.package_identification:_identify(rospyvenv/lib/python3.10/site-packages/PyQt5/Qt5/qml/QtQuick/Pdf) by extensions ['python_setup_py']
[0.881s] Level 1:colcon.colcon_core.package_identification:_identify(rospyvenv/lib/python3.10/site-packages/PyQt5/Qt5/qml/QtQuick/Pdf) by extension 'python_setup_py'
[0.881s] Level 1:colcon.colcon_core.package_identification:_identify(rospyvenv/lib/python3.10/site-packages/PyQt5/Qt5/qml/QtQuick/Pdf/qml) by extensions ['ignore', 'ignore_ament_install']
[0.881s] Level 1:colcon.colcon_core.package_identification:_identify(rospyvenv/lib/python3.10/site-packages/PyQt5/Qt5/qml/QtQuick/Pdf/qml) by extension 'ignore'
[0.881s] Level 1:colcon.colcon_core.package_identification:_identify(rospyvenv/lib/python3.10/site-packages/PyQt5/Qt5/qml/QtQuick/Pdf/qml) by extension 'ignore_ament_install'
[0.881s] Level 1:colcon.colcon_core.package_identification:_identify(rospyvenv/lib/python3.10/site-packages/PyQt5/Qt5/qml/QtQuick/Pdf/qml) by extensions ['colcon_pkg']
[0.881s] Level 1:colcon.colcon_core.package_identification:_identify(rospyvenv/lib/python3.10/site-packages/PyQt5/Qt5/qml/QtQuick/Pdf/qml) by extension 'colcon_pkg'
[0.881s] Level 1:colcon.colcon_core.package_identification:_identify(rospyvenv/lib/python3.10/site-packages/PyQt5/Qt5/qml/QtQuick/Pdf/qml) by extensions ['colcon_meta']
[0.881s] Level 1:colcon.colcon_core.package_identification:_identify(rospyvenv/lib/python3.10/site-packages/PyQt5/Qt5/qml/QtQuick/Pdf/qml) by extension 'colcon_meta'
[0.881s] Level 1:colcon.colcon_core.package_identification:_identify(rospyvenv/lib/python3.10/site-packages/PyQt5/Qt5/qml/QtQuick/Pdf/qml) by extensions ['ros']
[0.881s] Level 1:colcon.colcon_core.package_identification:_identify(rospyvenv/lib/python3.10/site-packages/PyQt5/Qt5/qml/QtQuick/Pdf/qml) by extension 'ros'
[0.882s] Level 1:colcon.colcon_core.package_identification:_identify(rospyvenv/lib/python3.10/site-packages/PyQt5/Qt5/qml/QtQuick/Pdf/qml) by extensions ['cmake', 'python']
[0.882s] Level 1:colcon.colcon_core.package_identification:_identify(rospyvenv/lib/python3.10/site-packages/PyQt5/Qt5/qml/QtQuick/Pdf/qml) by extension 'cmake'
[0.882s] Level 1:colcon.colcon_core.package_identification:_identify(rospyvenv/lib/python3.10/site-packages/PyQt5/Qt5/qml/QtQuick/Pdf/qml) by extension 'python'
[0.882s] Level 1:colcon.colcon_core.package_identification:_identify(rospyvenv/lib/python3.10/site-packages/PyQt5/Qt5/qml/QtQuick/Pdf/qml) by extensions ['python_setup_py']
[0.882s] Level 1:colcon.colcon_core.package_identification:_identify(rospyvenv/lib/python3.10/site-packages/PyQt5/Qt5/qml/QtQuick/Pdf/qml) by extension 'python_setup_py'
[0.882s] Level 1:colcon.colcon_core.package_identification:_identify(rospyvenv/lib/python3.10/site-packages/PyQt5/Qt5/qml/QtQuick/PrivateWidgets) by extensions ['ignore', 'ignore_ament_install']
[0.882s] Level 1:colcon.colcon_core.package_identification:_identify(rospyvenv/lib/python3.10/site-packages/PyQt5/Qt5/qml/QtQuick/PrivateWidgets) by extension 'ignore'
[0.882s] Level 1:colcon.colcon_core.package_identification:_identify(rospyvenv/lib/python3.10/site-packages/PyQt5/Qt5/qml/QtQuick/PrivateWidgets) by extension 'ignore_ament_install'
[0.882s] Level 1:colcon.colcon_core.package_identification:_identify(rospyvenv/lib/python3.10/site-packages/PyQt5/Qt5/qml/QtQuick/PrivateWidgets) by extensions ['colcon_pkg']
[0.882s] Level 1:colcon.colcon_core.package_identification:_identify(rospyvenv/lib/python3.10/site-packages/PyQt5/Qt5/qml/QtQuick/PrivateWidgets) by extension 'colcon_pkg'
[0.882s] Level 1:colcon.colcon_core.package_identification:_identify(rospyvenv/lib/python3.10/site-packages/PyQt5/Qt5/qml/QtQuick/PrivateWidgets) by extensions ['colcon_meta']
[0.882s] Level 1:colcon.colcon_core.package_identification:_identify(rospyvenv/lib/python3.10/site-packages/PyQt5/Qt5/qml/QtQuick/PrivateWidgets) by extension 'colcon_meta'
[0.882s] Level 1:colcon.colcon_core.package_identification:_identify(rospyvenv/lib/python3.10/site-packages/PyQt5/Qt5/qml/QtQuick/PrivateWidgets) by extensions ['ros']
[0.882s] Level 1:colcon.colcon_core.package_identification:_identify(rospyvenv/lib/python3.10/site-packages/PyQt5/Qt5/qml/QtQuick/PrivateWidgets) by extension 'ros'
[0.882s] Level 1:colcon.colcon_core.package_identification:_identify(rospyvenv/lib/python3.10/site-packages/PyQt5/Qt5/qml/QtQuick/PrivateWidgets) by extensions ['cmake', 'python']
[0.882s] Level 1:colcon.colcon_core.package_identification:_identify(rospyvenv/lib/python3.10/site-packages/PyQt5/Qt5/qml/QtQuick/PrivateWidgets) by extension 'cmake'
[0.882s] Level 1:colcon.colcon_core.package_identification:_identify(rospyvenv/lib/python3.10/site-packages/PyQt5/Qt5/qml/QtQuick/PrivateWidgets) by extension 'python'
[0.883s] Level 1:colcon.colcon_core.package_identification:_identify(rospyvenv/lib/python3.10/site-packages/PyQt5/Qt5/qml/QtQuick/PrivateWidgets) by extensions ['python_setup_py']
[0.883s] Level 1:colcon.colcon_core.package_identification:_identify(rospyvenv/lib/python3.10/site-packages/PyQt5/Qt5/qml/QtQuick/PrivateWidgets) by extension 'python_setup_py'
[0.883s] Level 1:colcon.colcon_core.package_identification:_identify(rospyvenv/lib/python3.10/site-packages/PyQt5/Qt5/qml/QtQuick/Scene2D) by extensions ['ignore', 'ignore_ament_install']
[0.883s] Level 1:colcon.colcon_core.package_identification:_identify(rospyvenv/lib/python3.10/site-packages/PyQt5/Qt5/qml/QtQuick/Scene2D) by extension 'ignore'
[0.883s] Level 1:colcon.colcon_core.package_identification:_identify(rospyvenv/lib/python3.10/site-packages/PyQt5/Qt5/qml/QtQuick/Scene2D) by extension 'ignore_ament_install'
[0.883s] Level 1:colcon.colcon_core.package_identification:_identify(rospyvenv/lib/python3.10/site-packages/PyQt5/Qt5/qml/QtQuick/Scene2D) by extensions ['colcon_pkg']
[0.883s] Level 1:colcon.colcon_core.package_identification:_identify(rospyvenv/lib/python3.10/site-packages/PyQt5/Qt5/qml/QtQuick/Scene2D) by extension 'colcon_pkg'
[0.883s] Level 1:colcon.colcon_core.package_identification:_identify(rospyvenv/lib/python3.10/site-packages/PyQt5/Qt5/qml/QtQuick/Scene2D) by extensions ['colcon_meta']
[0.883s] Level 1:colcon.colcon_core.package_identification:_identify(rospyvenv/lib/python3.10/site-packages/PyQt5/Qt5/qml/QtQuick/Scene2D) by extension 'colcon_meta'
[0.883s] Level 1:colcon.colcon_core.package_identification:_identify(rospyvenv/lib/python3.10/site-packages/PyQt5/Qt5/qml/QtQuick/Scene2D) by extensions ['ros']
[0.883s] Level 1:colcon.colcon_core.package_identification:_identify(rospyvenv/lib/python3.10/site-packages/PyQt5/Qt5/qml/QtQuick/Scene2D) by extension 'ros'
[0.883s] Level 1:colcon.colcon_core.package_identification:_identify(rospyvenv/lib/python3.10/site-packages/PyQt5/Qt5/qml/QtQuick/Scene2D) by extensions ['cmake', 'python']
[0.883s] Level 1:colcon.colcon_core.package_identification:_identify(rospyvenv/lib/python3.10/site-packages/PyQt5/Qt5/qml/QtQuick/Scene2D) by extension 'cmake'
[0.883s] Level 1:colcon.colcon_core.package_identification:_identify(rospyvenv/lib/python3.10/site-packages/PyQt5/Qt5/qml/QtQuick/Scene2D) by extension 'python'
[0.883s] Level 1:colcon.colcon_core.package_identification:_identify(rospyvenv/lib/python3.10/site-packages/PyQt5/Qt5/qml/QtQuick/Scene2D) by extensions ['python_setup_py']
[0.883s] Level 1:colcon.colcon_core.package_identification:_identify(rospyvenv/lib/python3.10/site-packages/PyQt5/Qt5/qml/QtQuick/Scene2D) by extension 'python_setup_py'
[0.884s] Level 1:colcon.colcon_core.package_identification:_identify(rospyvenv/lib/python3.10/site-packages/PyQt5/Qt5/qml/QtQuick/Scene3D) by extensions ['ignore', 'ignore_ament_install']
[0.884s] Level 1:colcon.colcon_core.package_identification:_identify(rospyvenv/lib/python3.10/site-packages/PyQt5/Qt5/qml/QtQuick/Scene3D) by extension 'ignore'
[0.884s] Level 1:colcon.colcon_core.package_identification:_identify(rospyvenv/lib/python3.10/site-packages/PyQt5/Qt5/qml/QtQuick/Scene3D) by extension 'ignore_ament_install'
[0.884s] Level 1:colcon.colcon_core.package_identification:_identify(rospyvenv/lib/python3.10/site-packages/PyQt5/Qt5/qml/QtQuick/Scene3D) by extensions ['colcon_pkg']
[0.884s] Level 1:colcon.colcon_core.package_identification:_identify(rospyvenv/lib/python3.10/site-packages/PyQt5/Qt5/qml/QtQuick/Scene3D) by extension 'colcon_pkg'
[0.884s] Level 1:colcon.colcon_core.package_identification:_identify(rospyvenv/lib/python3.10/site-packages/PyQt5/Qt5/qml/QtQuick/Scene3D) by extensions ['colcon_meta']
[0.884s] Level 1:colcon.colcon_core.package_identification:_identify(rospyvenv/lib/python3.10/site-packages/PyQt5/Qt5/qml/QtQuick/Scene3D) by extension 'colcon_meta'
[0.884s] Level 1:colcon.colcon_core.package_identification:_identify(rospyvenv/lib/python3.10/site-packages/PyQt5/Qt5/qml/QtQuick/Scene3D) by extensions ['ros']
[0.884s] Level 1:colcon.colcon_core.package_identification:_identify(rospyvenv/lib/python3.10/site-packages/PyQt5/Qt5/qml/QtQuick/Scene3D) by extension 'ros'
[0.884s] Level 1:colcon.colcon_core.package_identification:_identify(rospyvenv/lib/python3.10/site-packages/PyQt5/Qt5/qml/QtQuick/Scene3D) by extensions ['cmake', 'python']
[0.884s] Level 1:colcon.colcon_core.package_identification:_identify(rospyvenv/lib/python3.10/site-packages/PyQt5/Qt5/qml/QtQuick/Scene3D) by extension 'cmake'
[0.884s] Level 1:colcon.colcon_core.package_identification:_identify(rospyvenv/lib/python3.10/site-packages/PyQt5/Qt5/qml/QtQuick/Scene3D) by extension 'python'
[0.884s] Level 1:colcon.colcon_core.package_identification:_identify(rospyvenv/lib/python3.10/site-packages/PyQt5/Qt5/qml/QtQuick/Scene3D) by extensions ['python_setup_py']
[0.884s] Level 1:colcon.colcon_core.package_identification:_identify(rospyvenv/lib/python3.10/site-packages/PyQt5/Qt5/qml/QtQuick/Scene3D) by extension 'python_setup_py'
[0.885s] Level 1:colcon.colcon_core.package_identification:_identify(rospyvenv/lib/python3.10/site-packages/PyQt5/Qt5/qml/QtQuick/Shapes) by extensions ['ignore', 'ignore_ament_install']
[0.885s] Level 1:colcon.colcon_core.package_identification:_identify(rospyvenv/lib/python3.10/site-packages/PyQt5/Qt5/qml/QtQuick/Shapes) by extension 'ignore'
[0.885s] Level 1:colcon.colcon_core.package_identification:_identify(rospyvenv/lib/python3.10/site-packages/PyQt5/Qt5/qml/QtQuick/Shapes) by extension 'ignore_ament_install'
[0.885s] Level 1:colcon.colcon_core.package_identification:_identify(rospyvenv/lib/python3.10/site-packages/PyQt5/Qt5/qml/QtQuick/Shapes) by extensions ['colcon_pkg']
[0.885s] Level 1:colcon.colcon_core.package_identification:_identify(rospyvenv/lib/python3.10/site-packages/PyQt5/Qt5/qml/QtQuick/Shapes) by extension 'colcon_pkg'
[0.885s] Level 1:colcon.colcon_core.package_identification:_identify(rospyvenv/lib/python3.10/site-packages/PyQt5/Qt5/qml/QtQuick/Shapes) by extensions ['colcon_meta']
[0.885s] Level 1:colcon.colcon_core.package_identification:_identify(rospyvenv/lib/python3.10/site-packages/PyQt5/Qt5/qml/QtQuick/Shapes) by extension 'colcon_meta'
[0.885s] Level 1:colcon.colcon_core.package_identification:_identify(rospyvenv/lib/python3.10/site-packages/PyQt5/Qt5/qml/QtQuick/Shapes) by extensions ['ros']
[0.885s] Level 1:colcon.colcon_core.package_identification:_identify(rospyvenv/lib/python3.10/site-packages/PyQt5/Qt5/qml/QtQuick/Shapes) by extension 'ros'
[0.885s] Level 1:colcon.colcon_core.package_identification:_identify(rospyvenv/lib/python3.10/site-packages/PyQt5/Qt5/qml/QtQuick/Shapes) by extensions ['cmake', 'python']
[0.885s] Level 1:colcon.colcon_core.package_identification:_identify(rospyvenv/lib/python3.10/site-packages/PyQt5/Qt5/qml/QtQuick/Shapes) by extension 'cmake'
[0.885s] Level 1:colcon.colcon_core.package_identification:_identify(rospyvenv/lib/python3.10/site-packages/PyQt5/Qt5/qml/QtQuick/Shapes) by extension 'python'
[0.885s] Level 1:colcon.colcon_core.package_identification:_identify(rospyvenv/lib/python3.10/site-packages/PyQt5/Qt5/qml/QtQuick/Shapes) by extensions ['python_setup_py']
[0.885s] Level 1:colcon.colcon_core.package_identification:_identify(rospyvenv/lib/python3.10/site-packages/PyQt5/Qt5/qml/QtQuick/Shapes) by extension 'python_setup_py'
[0.886s] Level 1:colcon.colcon_core.package_identification:_identify(rospyvenv/lib/python3.10/site-packages/PyQt5/Qt5/qml/QtQuick/Templates.2) by extensions ['ignore', 'ignore_ament_install']
[0.886s] Level 1:colcon.colcon_core.package_identification:_identify(rospyvenv/lib/python3.10/site-packages/PyQt5/Qt5/qml/QtQuick/Templates.2) by extension 'ignore'
[0.886s] Level 1:colcon.colcon_core.package_identification:_identify(rospyvenv/lib/python3.10/site-packages/PyQt5/Qt5/qml/QtQuick/Templates.2) by extension 'ignore_ament_install'
[0.886s] Level 1:colcon.colcon_core.package_identification:_identify(rospyvenv/lib/python3.10/site-packages/PyQt5/Qt5/qml/QtQuick/Templates.2) by extensions ['colcon_pkg']
[0.886s] Level 1:colcon.colcon_core.package_identification:_identify(rospyvenv/lib/python3.10/site-packages/PyQt5/Qt5/qml/QtQuick/Templates.2) by extension 'colcon_pkg'
[0.886s] Level 1:colcon.colcon_core.package_identification:_identify(rospyvenv/lib/python3.10/site-packages/PyQt5/Qt5/qml/QtQuick/Templates.2) by extensions ['colcon_meta']
[0.886s] Level 1:colcon.colcon_core.package_identification:_identify(rospyvenv/lib/python3.10/site-packages/PyQt5/Qt5/qml/QtQuick/Templates.2) by extension 'colcon_meta'
[0.886s] Level 1:colcon.colcon_core.package_identification:_identify(rospyvenv/lib/python3.10/site-packages/PyQt5/Qt5/qml/QtQuick/Templates.2) by extensions ['ros']
[0.886s] Level 1:colcon.colcon_core.package_identification:_identify(rospyvenv/lib/python3.10/site-packages/PyQt5/Qt5/qml/QtQuick/Templates.2) by extension 'ros'
[0.886s] Level 1:colcon.colcon_core.package_identification:_identify(rospyvenv/lib/python3.10/site-packages/PyQt5/Qt5/qml/QtQuick/Templates.2) by extensions ['cmake', 'python']
[0.886s] Level 1:colcon.colcon_core.package_identification:_identify(rospyvenv/lib/python3.10/site-packages/PyQt5/Qt5/qml/QtQuick/Templates.2) by extension 'cmake'
[0.886s] Level 1:colcon.colcon_core.package_identification:_identify(rospyvenv/lib/python3.10/site-packages/PyQt5/Qt5/qml/QtQuick/Templates.2) by extension 'python'
[0.886s] Level 1:colcon.colcon_core.package_identification:_identify(rospyvenv/lib/python3.10/site-packages/PyQt5/Qt5/qml/QtQuick/Templates.2) by extensions ['python_setup_py']
[0.886s] Level 1:colcon.colcon_core.package_identification:_identify(rospyvenv/lib/python3.10/site-packages/PyQt5/Qt5/qml/QtQuick/Templates.2) by extension 'python_setup_py'
[0.887s] Level 1:colcon.colcon_core.package_identification:_identify(rospyvenv/lib/python3.10/site-packages/PyQt5/Qt5/qml/QtQuick/Timeline) by extensions ['ignore', 'ignore_ament_install']
[0.887s] Level 1:colcon.colcon_core.package_identification:_identify(rospyvenv/lib/python3.10/site-packages/PyQt5/Qt5/qml/QtQuick/Timeline) by extension 'ignore'
[0.887s] Level 1:colcon.colcon_core.package_identification:_identify(rospyvenv/lib/python3.10/site-packages/PyQt5/Qt5/qml/QtQuick/Timeline) by extension 'ignore_ament_install'
[0.887s] Level 1:colcon.colcon_core.package_identification:_identify(rospyvenv/lib/python3.10/site-packages/PyQt5/Qt5/qml/QtQuick/Timeline) by extensions ['colcon_pkg']
[0.887s] Level 1:colcon.colcon_core.package_identification:_identify(rospyvenv/lib/python3.10/site-packages/PyQt5/Qt5/qml/QtQuick/Timeline) by extension 'colcon_pkg'
[0.887s] Level 1:colcon.colcon_core.package_identification:_identify(rospyvenv/lib/python3.10/site-packages/PyQt5/Qt5/qml/QtQuick/Timeline) by extensions ['colcon_meta']
[0.887s] Level 1:colcon.colcon_core.package_identification:_identify(rospyvenv/lib/python3.10/site-packages/PyQt5/Qt5/qml/QtQuick/Timeline) by extension 'colcon_meta'
[0.887s] Level 1:colcon.colcon_core.package_identification:_identify(rospyvenv/lib/python3.10/site-packages/PyQt5/Qt5/qml/QtQuick/Timeline) by extensions ['ros']
[0.887s] Level 1:colcon.colcon_core.package_identification:_identify(rospyvenv/lib/python3.10/site-packages/PyQt5/Qt5/qml/QtQuick/Timeline) by extension 'ros'
[0.887s] Level 1:colcon.colcon_core.package_identification:_identify(rospyvenv/lib/python3.10/site-packages/PyQt5/Qt5/qml/QtQuick/Timeline) by extensions ['cmake', 'python']
[0.887s] Level 1:colcon.colcon_core.package_identification:_identify(rospyvenv/lib/python3.10/site-packages/PyQt5/Qt5/qml/QtQuick/Timeline) by extension 'cmake'
[0.887s] Level 1:colcon.colcon_core.package_identification:_identify(rospyvenv/lib/python3.10/site-packages/PyQt5/Qt5/qml/QtQuick/Timeline) by extension 'python'
[0.887s] Level 1:colcon.colcon_core.package_identification:_identify(rospyvenv/lib/python3.10/site-packages/PyQt5/Qt5/qml/QtQuick/Timeline) by extensions ['python_setup_py']
[0.887s] Level 1:colcon.colcon_core.package_identification:_identify(rospyvenv/lib/python3.10/site-packages/PyQt5/Qt5/qml/QtQuick/Timeline) by extension 'python_setup_py'
[0.887s] Level 1:colcon.colcon_core.package_identification:_identify(rospyvenv/lib/python3.10/site-packages/PyQt5/Qt5/qml/QtQuick/Window.2) by extensions ['ignore', 'ignore_ament_install']
[0.887s] Level 1:colcon.colcon_core.package_identification:_identify(rospyvenv/lib/python3.10/site-packages/PyQt5/Qt5/qml/QtQuick/Window.2) by extension 'ignore'
[0.887s] Level 1:colcon.colcon_core.package_identification:_identify(rospyvenv/lib/python3.10/site-packages/PyQt5/Qt5/qml/QtQuick/Window.2) by extension 'ignore_ament_install'
[0.888s] Level 1:colcon.colcon_core.package_identification:_identify(rospyvenv/lib/python3.10/site-packages/PyQt5/Qt5/qml/QtQuick/Window.2) by extensions ['colcon_pkg']
[0.888s] Level 1:colcon.colcon_core.package_identification:_identify(rospyvenv/lib/python3.10/site-packages/PyQt5/Qt5/qml/QtQuick/Window.2) by extension 'colcon_pkg'
[0.888s] Level 1:colcon.colcon_core.package_identification:_identify(rospyvenv/lib/python3.10/site-packages/PyQt5/Qt5/qml/QtQuick/Window.2) by extensions ['colcon_meta']
[0.888s] Level 1:colcon.colcon_core.package_identification:_identify(rospyvenv/lib/python3.10/site-packages/PyQt5/Qt5/qml/QtQuick/Window.2) by extension 'colcon_meta'
[0.888s] Level 1:colcon.colcon_core.package_identification:_identify(rospyvenv/lib/python3.10/site-packages/PyQt5/Qt5/qml/QtQuick/Window.2) by extensions ['ros']
[0.888s] Level 1:colcon.colcon_core.package_identification:_identify(rospyvenv/lib/python3.10/site-packages/PyQt5/Qt5/qml/QtQuick/Window.2) by extension 'ros'
[0.888s] Level 1:colcon.colcon_core.package_identification:_identify(rospyvenv/lib/python3.10/site-packages/PyQt5/Qt5/qml/QtQuick/Window.2) by extensions ['cmake', 'python']
[0.888s] Level 1:colcon.colcon_core.package_identification:_identify(rospyvenv/lib/python3.10/site-packages/PyQt5/Qt5/qml/QtQuick/Window.2) by extension 'cmake'
[0.888s] Level 1:colcon.colcon_core.package_identification:_identify(rospyvenv/lib/python3.10/site-packages/PyQt5/Qt5/qml/QtQuick/Window.2) by extension 'python'
[0.888s] Level 1:colcon.colcon_core.package_identification:_identify(rospyvenv/lib/python3.10/site-packages/PyQt5/Qt5/qml/QtQuick/Window.2) by extensions ['python_setup_py']
[0.888s] Level 1:colcon.colcon_core.package_identification:_identify(rospyvenv/lib/python3.10/site-packages/PyQt5/Qt5/qml/QtQuick/Window.2) by extension 'python_setup_py'
[0.888s] Level 1:colcon.colcon_core.package_identification:_identify(rospyvenv/lib/python3.10/site-packages/PyQt5/Qt5/qml/QtQuick/XmlListModel) by extensions ['ignore', 'ignore_ament_install']
[0.888s] Level 1:colcon.colcon_core.package_identification:_identify(rospyvenv/lib/python3.10/site-packages/PyQt5/Qt5/qml/QtQuick/XmlListModel) by extension 'ignore'
[0.888s] Level 1:colcon.colcon_core.package_identification:_identify(rospyvenv/lib/python3.10/site-packages/PyQt5/Qt5/qml/QtQuick/XmlListModel) by extension 'ignore_ament_install'
[0.888s] Level 1:colcon.colcon_core.package_identification:_identify(rospyvenv/lib/python3.10/site-packages/PyQt5/Qt5/qml/QtQuick/XmlListModel) by extensions ['colcon_pkg']
[0.888s] Level 1:colcon.colcon_core.package_identification:_identify(rospyvenv/lib/python3.10/site-packages/PyQt5/Qt5/qml/QtQuick/XmlListModel) by extension 'colcon_pkg'
[0.889s] Level 1:colcon.colcon_core.package_identification:_identify(rospyvenv/lib/python3.10/site-packages/PyQt5/Qt5/qml/QtQuick/XmlListModel) by extensions ['colcon_meta']
[0.889s] Level 1:colcon.colcon_core.package_identification:_identify(rospyvenv/lib/python3.10/site-packages/PyQt5/Qt5/qml/QtQuick/XmlListModel) by extension 'colcon_meta'
[0.889s] Level 1:colcon.colcon_core.package_identification:_identify(rospyvenv/lib/python3.10/site-packages/PyQt5/Qt5/qml/QtQuick/XmlListModel) by extensions ['ros']
[0.889s] Level 1:colcon.colcon_core.package_identification:_identify(rospyvenv/lib/python3.10/site-packages/PyQt5/Qt5/qml/QtQuick/XmlListModel) by extension 'ros'
[0.889s] Level 1:colcon.colcon_core.package_identification:_identify(rospyvenv/lib/python3.10/site-packages/PyQt5/Qt5/qml/QtQuick/XmlListModel) by extensions ['cmake', 'python']
[0.889s] Level 1:colcon.colcon_core.package_identification:_identify(rospyvenv/lib/python3.10/site-packages/PyQt5/Qt5/qml/QtQuick/XmlListModel) by extension 'cmake'
[0.889s] Level 1:colcon.colcon_core.package_identification:_identify(rospyvenv/lib/python3.10/site-packages/PyQt5/Qt5/qml/QtQuick/XmlListModel) by extension 'python'
[0.889s] Level 1:colcon.colcon_core.package_identification:_identify(rospyvenv/lib/python3.10/site-packages/PyQt5/Qt5/qml/QtQuick/XmlListModel) by extensions ['python_setup_py']
[0.889s] Level 1:colcon.colcon_core.package_identification:_identify(rospyvenv/lib/python3.10/site-packages/PyQt5/Qt5/qml/QtQuick/XmlListModel) by extension 'python_setup_py'
[0.889s] Level 1:colcon.colcon_core.package_identification:_identify(rospyvenv/lib/python3.10/site-packages/PyQt5/Qt5/qml/QtQuick.2) by extensions ['ignore', 'ignore_ament_install']
[0.889s] Level 1:colcon.colcon_core.package_identification:_identify(rospyvenv/lib/python3.10/site-packages/PyQt5/Qt5/qml/QtQuick.2) by extension 'ignore'
[0.889s] Level 1:colcon.colcon_core.package_identification:_identify(rospyvenv/lib/python3.10/site-packages/PyQt5/Qt5/qml/QtQuick.2) by extension 'ignore_ament_install'
[0.889s] Level 1:colcon.colcon_core.package_identification:_identify(rospyvenv/lib/python3.10/site-packages/PyQt5/Qt5/qml/QtQuick.2) by extensions ['colcon_pkg']
[0.889s] Level 1:colcon.colcon_core.package_identification:_identify(rospyvenv/lib/python3.10/site-packages/PyQt5/Qt5/qml/QtQuick.2) by extension 'colcon_pkg'
[0.889s] Level 1:colcon.colcon_core.package_identification:_identify(rospyvenv/lib/python3.10/site-packages/PyQt5/Qt5/qml/QtQuick.2) by extensions ['colcon_meta']
[0.889s] Level 1:colcon.colcon_core.package_identification:_identify(rospyvenv/lib/python3.10/site-packages/PyQt5/Qt5/qml/QtQuick.2) by extension 'colcon_meta'
[0.889s] Level 1:colcon.colcon_core.package_identification:_identify(rospyvenv/lib/python3.10/site-packages/PyQt5/Qt5/qml/QtQuick.2) by extensions ['ros']
[0.890s] Level 1:colcon.colcon_core.package_identification:_identify(rospyvenv/lib/python3.10/site-packages/PyQt5/Qt5/qml/QtQuick.2) by extension 'ros'
[0.890s] Level 1:colcon.colcon_core.package_identification:_identify(rospyvenv/lib/python3.10/site-packages/PyQt5/Qt5/qml/QtQuick.2) by extensions ['cmake', 'python']
[0.890s] Level 1:colcon.colcon_core.package_identification:_identify(rospyvenv/lib/python3.10/site-packages/PyQt5/Qt5/qml/QtQuick.2) by extension 'cmake'
[0.890s] Level 1:colcon.colcon_core.package_identification:_identify(rospyvenv/lib/python3.10/site-packages/PyQt5/Qt5/qml/QtQuick.2) by extension 'python'
[0.890s] Level 1:colcon.colcon_core.package_identification:_identify(rospyvenv/lib/python3.10/site-packages/PyQt5/Qt5/qml/QtQuick.2) by extensions ['python_setup_py']
[0.890s] Level 1:colcon.colcon_core.package_identification:_identify(rospyvenv/lib/python3.10/site-packages/PyQt5/Qt5/qml/QtQuick.2) by extension 'python_setup_py'
[0.890s] Level 1:colcon.colcon_core.package_identification:_identify(rospyvenv/lib/python3.10/site-packages/PyQt5/Qt5/qml/QtQuick3D) by extensions ['ignore', 'ignore_ament_install']
[0.890s] Level 1:colcon.colcon_core.package_identification:_identify(rospyvenv/lib/python3.10/site-packages/PyQt5/Qt5/qml/QtQuick3D) by extension 'ignore'
[0.890s] Level 1:colcon.colcon_core.package_identification:_identify(rospyvenv/lib/python3.10/site-packages/PyQt5/Qt5/qml/QtQuick3D) by extension 'ignore_ament_install'
[0.890s] Level 1:colcon.colcon_core.package_identification:_identify(rospyvenv/lib/python3.10/site-packages/PyQt5/Qt5/qml/QtQuick3D) by extensions ['colcon_pkg']
[0.890s] Level 1:colcon.colcon_core.package_identification:_identify(rospyvenv/lib/python3.10/site-packages/PyQt5/Qt5/qml/QtQuick3D) by extension 'colcon_pkg'
[0.890s] Level 1:colcon.colcon_core.package_identification:_identify(rospyvenv/lib/python3.10/site-packages/PyQt5/Qt5/qml/QtQuick3D) by extensions ['colcon_meta']
[0.890s] Level 1:colcon.colcon_core.package_identification:_identify(rospyvenv/lib/python3.10/site-packages/PyQt5/Qt5/qml/QtQuick3D) by extension 'colcon_meta'
[0.890s] Level 1:colcon.colcon_core.package_identification:_identify(rospyvenv/lib/python3.10/site-packages/PyQt5/Qt5/qml/QtQuick3D) by extensions ['ros']
[0.890s] Level 1:colcon.colcon_core.package_identification:_identify(rospyvenv/lib/python3.10/site-packages/PyQt5/Qt5/qml/QtQuick3D) by extension 'ros'
[0.890s] Level 1:colcon.colcon_core.package_identification:_identify(rospyvenv/lib/python3.10/site-packages/PyQt5/Qt5/qml/QtQuick3D) by extensions ['cmake', 'python']
[0.891s] Level 1:colcon.colcon_core.package_identification:_identify(rospyvenv/lib/python3.10/site-packages/PyQt5/Qt5/qml/QtQuick3D) by extension 'cmake'
[0.891s] Level 1:colcon.colcon_core.package_identification:_identify(rospyvenv/lib/python3.10/site-packages/PyQt5/Qt5/qml/QtQuick3D) by extension 'python'
[0.891s] Level 1:colcon.colcon_core.package_identification:_identify(rospyvenv/lib/python3.10/site-packages/PyQt5/Qt5/qml/QtQuick3D) by extensions ['python_setup_py']
[0.891s] Level 1:colcon.colcon_core.package_identification:_identify(rospyvenv/lib/python3.10/site-packages/PyQt5/Qt5/qml/QtQuick3D) by extension 'python_setup_py'
[0.891s] Level 1:colcon.colcon_core.package_identification:_identify(rospyvenv/lib/python3.10/site-packages/PyQt5/Qt5/qml/QtQuick3D/Effects) by extensions ['ignore', 'ignore_ament_install']
[0.891s] Level 1:colcon.colcon_core.package_identification:_identify(rospyvenv/lib/python3.10/site-packages/PyQt5/Qt5/qml/QtQuick3D/Effects) by extension 'ignore'
[0.891s] Level 1:colcon.colcon_core.package_identification:_identify(rospyvenv/lib/python3.10/site-packages/PyQt5/Qt5/qml/QtQuick3D/Effects) by extension 'ignore_ament_install'
[0.891s] Level 1:colcon.colcon_core.package_identification:_identify(rospyvenv/lib/python3.10/site-packages/PyQt5/Qt5/qml/QtQuick3D/Effects) by extensions ['colcon_pkg']
[0.891s] Level 1:colcon.colcon_core.package_identification:_identify(rospyvenv/lib/python3.10/site-packages/PyQt5/Qt5/qml/QtQuick3D/Effects) by extension 'colcon_pkg'
[0.891s] Level 1:colcon.colcon_core.package_identification:_identify(rospyvenv/lib/python3.10/site-packages/PyQt5/Qt5/qml/QtQuick3D/Effects) by extensions ['colcon_meta']
[0.891s] Level 1:colcon.colcon_core.package_identification:_identify(rospyvenv/lib/python3.10/site-packages/PyQt5/Qt5/qml/QtQuick3D/Effects) by extension 'colcon_meta'
[0.891s] Level 1:colcon.colcon_core.package_identification:_identify(rospyvenv/lib/python3.10/site-packages/PyQt5/Qt5/qml/QtQuick3D/Effects) by extensions ['ros']
[0.891s] Level 1:colcon.colcon_core.package_identification:_identify(rospyvenv/lib/python3.10/site-packages/PyQt5/Qt5/qml/QtQuick3D/Effects) by extension 'ros'
[0.891s] Level 1:colcon.colcon_core.package_identification:_identify(rospyvenv/lib/python3.10/site-packages/PyQt5/Qt5/qml/QtQuick3D/Effects) by extensions ['cmake', 'python']
[0.891s] Level 1:colcon.colcon_core.package_identification:_identify(rospyvenv/lib/python3.10/site-packages/PyQt5/Qt5/qml/QtQuick3D/Effects) by extension 'cmake'
[0.891s] Level 1:colcon.colcon_core.package_identification:_identify(rospyvenv/lib/python3.10/site-packages/PyQt5/Qt5/qml/QtQuick3D/Effects) by extension 'python'
[0.891s] Level 1:colcon.colcon_core.package_identification:_identify(rospyvenv/lib/python3.10/site-packages/PyQt5/Qt5/qml/QtQuick3D/Effects) by extensions ['python_setup_py']
[0.891s] Level 1:colcon.colcon_core.package_identification:_identify(rospyvenv/lib/python3.10/site-packages/PyQt5/Qt5/qml/QtQuick3D/Effects) by extension 'python_setup_py'
[0.892s] Level 1:colcon.colcon_core.package_identification:_identify(rospyvenv/lib/python3.10/site-packages/PyQt5/Qt5/qml/QtQuick3D/Effects/designer) by extensions ['ignore', 'ignore_ament_install']
[0.892s] Level 1:colcon.colcon_core.package_identification:_identify(rospyvenv/lib/python3.10/site-packages/PyQt5/Qt5/qml/QtQuick3D/Effects/designer) by extension 'ignore'
[0.892s] Level 1:colcon.colcon_core.package_identification:_identify(rospyvenv/lib/python3.10/site-packages/PyQt5/Qt5/qml/QtQuick3D/Effects/designer) by extension 'ignore_ament_install'
[0.892s] Level 1:colcon.colcon_core.package_identification:_identify(rospyvenv/lib/python3.10/site-packages/PyQt5/Qt5/qml/QtQuick3D/Effects/designer) by extensions ['colcon_pkg']
[0.892s] Level 1:colcon.colcon_core.package_identification:_identify(rospyvenv/lib/python3.10/site-packages/PyQt5/Qt5/qml/QtQuick3D/Effects/designer) by extension 'colcon_pkg'
[0.892s] Level 1:colcon.colcon_core.package_identification:_identify(rospyvenv/lib/python3.10/site-packages/PyQt5/Qt5/qml/QtQuick3D/Effects/designer) by extensions ['colcon_meta']
[0.892s] Level 1:colcon.colcon_core.package_identification:_identify(rospyvenv/lib/python3.10/site-packages/PyQt5/Qt5/qml/QtQuick3D/Effects/designer) by extension 'colcon_meta'
[0.892s] Level 1:colcon.colcon_core.package_identification:_identify(rospyvenv/lib/python3.10/site-packages/PyQt5/Qt5/qml/QtQuick3D/Effects/designer) by extensions ['ros']
[0.892s] Level 1:colcon.colcon_core.package_identification:_identify(rospyvenv/lib/python3.10/site-packages/PyQt5/Qt5/qml/QtQuick3D/Effects/designer) by extension 'ros'
[0.892s] Level 1:colcon.colcon_core.package_identification:_identify(rospyvenv/lib/python3.10/site-packages/PyQt5/Qt5/qml/QtQuick3D/Effects/designer) by extensions ['cmake', 'python']
[0.892s] Level 1:colcon.colcon_core.package_identification:_identify(rospyvenv/lib/python3.10/site-packages/PyQt5/Qt5/qml/QtQuick3D/Effects/designer) by extension 'cmake'
[0.892s] Level 1:colcon.colcon_core.package_identification:_identify(rospyvenv/lib/python3.10/site-packages/PyQt5/Qt5/qml/QtQuick3D/Effects/designer) by extension 'python'
[0.892s] Level 1:colcon.colcon_core.package_identification:_identify(rospyvenv/lib/python3.10/site-packages/PyQt5/Qt5/qml/QtQuick3D/Effects/designer) by extensions ['python_setup_py']
[0.892s] Level 1:colcon.colcon_core.package_identification:_identify(rospyvenv/lib/python3.10/site-packages/PyQt5/Qt5/qml/QtQuick3D/Effects/designer) by extension 'python_setup_py'
[0.893s] Level 1:colcon.colcon_core.package_identification:_identify(rospyvenv/lib/python3.10/site-packages/PyQt5/Qt5/qml/QtQuick3D/Effects/designer/images) by extensions ['ignore', 'ignore_ament_install']
[0.893s] Level 1:colcon.colcon_core.package_identification:_identify(rospyvenv/lib/python3.10/site-packages/PyQt5/Qt5/qml/QtQuick3D/Effects/designer/images) by extension 'ignore'
[0.893s] Level 1:colcon.colcon_core.package_identification:_identify(rospyvenv/lib/python3.10/site-packages/PyQt5/Qt5/qml/QtQuick3D/Effects/designer/images) by extension 'ignore_ament_install'
[0.893s] Level 1:colcon.colcon_core.package_identification:_identify(rospyvenv/lib/python3.10/site-packages/PyQt5/Qt5/qml/QtQuick3D/Effects/designer/images) by extensions ['colcon_pkg']
[0.893s] Level 1:colcon.colcon_core.package_identification:_identify(rospyvenv/lib/python3.10/site-packages/PyQt5/Qt5/qml/QtQuick3D/Effects/designer/images) by extension 'colcon_pkg'
[0.893s] Level 1:colcon.colcon_core.package_identification:_identify(rospyvenv/lib/python3.10/site-packages/PyQt5/Qt5/qml/QtQuick3D/Effects/designer/images) by extensions ['colcon_meta']
[0.893s] Level 1:colcon.colcon_core.package_identification:_identify(rospyvenv/lib/python3.10/site-packages/PyQt5/Qt5/qml/QtQuick3D/Effects/designer/images) by extension 'colcon_meta'
[0.893s] Level 1:colcon.colcon_core.package_identification:_identify(rospyvenv/lib/python3.10/site-packages/PyQt5/Qt5/qml/QtQuick3D/Effects/designer/images) by extensions ['ros']
[0.893s] Level 1:colcon.colcon_core.package_identification:_identify(rospyvenv/lib/python3.10/site-packages/PyQt5/Qt5/qml/QtQuick3D/Effects/designer/images) by extension 'ros'
[0.893s] Level 1:colcon.colcon_core.package_identification:_identify(rospyvenv/lib/python3.10/site-packages/PyQt5/Qt5/qml/QtQuick3D/Effects/designer/images) by extensions ['cmake', 'python']
[0.893s] Level 1:colcon.colcon_core.package_identification:_identify(rospyvenv/lib/python3.10/site-packages/PyQt5/Qt5/qml/QtQuick3D/Effects/designer/images) by extension 'cmake'
[0.893s] Level 1:colcon.colcon_core.package_identification:_identify(rospyvenv/lib/python3.10/site-packages/PyQt5/Qt5/qml/QtQuick3D/Effects/designer/images) by extension 'python'
[0.893s] Level 1:colcon.colcon_core.package_identification:_identify(rospyvenv/lib/python3.10/site-packages/PyQt5/Qt5/qml/QtQuick3D/Effects/designer/images) by extensions ['python_setup_py']
[0.893s] Level 1:colcon.colcon_core.package_identification:_identify(rospyvenv/lib/python3.10/site-packages/PyQt5/Qt5/qml/QtQuick3D/Effects/designer/images) by extension 'python_setup_py'
[0.894s] Level 1:colcon.colcon_core.package_identification:_identify(rospyvenv/lib/python3.10/site-packages/PyQt5/Qt5/qml/QtQuick3D/Effects/designer/source) by extensions ['ignore', 'ignore_ament_install']
[0.894s] Level 1:colcon.colcon_core.package_identification:_identify(rospyvenv/lib/python3.10/site-packages/PyQt5/Qt5/qml/QtQuick3D/Effects/designer/source) by extension 'ignore'
[0.894s] Level 1:colcon.colcon_core.package_identification:_identify(rospyvenv/lib/python3.10/site-packages/PyQt5/Qt5/qml/QtQuick3D/Effects/designer/source) by extension 'ignore_ament_install'
[0.894s] Level 1:colcon.colcon_core.package_identification:_identify(rospyvenv/lib/python3.10/site-packages/PyQt5/Qt5/qml/QtQuick3D/Effects/designer/source) by extensions ['colcon_pkg']
[0.894s] Level 1:colcon.colcon_core.package_identification:_identify(rospyvenv/lib/python3.10/site-packages/PyQt5/Qt5/qml/QtQuick3D/Effects/designer/source) by extension 'colcon_pkg'
[0.894s] Level 1:colcon.colcon_core.package_identification:_identify(rospyvenv/lib/python3.10/site-packages/PyQt5/Qt5/qml/QtQuick3D/Effects/designer/source) by extensions ['colcon_meta']
[0.894s] Level 1:colcon.colcon_core.package_identification:_identify(rospyvenv/lib/python3.10/site-packages/PyQt5/Qt5/qml/QtQuick3D/Effects/designer/source) by extension 'colcon_meta'
[0.894s] Level 1:colcon.colcon_core.package_identification:_identify(rospyvenv/lib/python3.10/site-packages/PyQt5/Qt5/qml/QtQuick3D/Effects/designer/source) by extensions ['ros']
[0.894s] Level 1:colcon.colcon_core.package_identification:_identify(rospyvenv/lib/python3.10/site-packages/PyQt5/Qt5/qml/QtQuick3D/Effects/designer/source) by extension 'ros'
[0.894s] Level 1:colcon.colcon_core.package_identification:_identify(rospyvenv/lib/python3.10/site-packages/PyQt5/Qt5/qml/QtQuick3D/Effects/designer/source) by extensions ['cmake', 'python']
[0.894s] Level 1:colcon.colcon_core.package_identification:_identify(rospyvenv/lib/python3.10/site-packages/PyQt5/Qt5/qml/QtQuick3D/Effects/designer/source) by extension 'cmake'
[0.894s] Level 1:colcon.colcon_core.package_identification:_identify(rospyvenv/lib/python3.10/site-packages/PyQt5/Qt5/qml/QtQuick3D/Effects/designer/source) by extension 'python'
[0.894s] Level 1:colcon.colcon_core.package_identification:_identify(rospyvenv/lib/python3.10/site-packages/PyQt5/Qt5/qml/QtQuick3D/Effects/designer/source) by extensions ['python_setup_py']
[0.894s] Level 1:colcon.colcon_core.package_identification:_identify(rospyvenv/lib/python3.10/site-packages/PyQt5/Qt5/qml/QtQuick3D/Effects/designer/source) by extension 'python_setup_py'
[0.895s] Level 1:colcon.colcon_core.package_identification:_identify(rospyvenv/lib/python3.10/site-packages/PyQt5/Qt5/qml/QtQuick3D/Effects/maps) by extensions ['ignore', 'ignore_ament_install']
[0.895s] Level 1:colcon.colcon_core.package_identification:_identify(rospyvenv/lib/python3.10/site-packages/PyQt5/Qt5/qml/QtQuick3D/Effects/maps) by extension 'ignore'
[0.895s] Level 1:colcon.colcon_core.package_identification:_identify(rospyvenv/lib/python3.10/site-packages/PyQt5/Qt5/qml/QtQuick3D/Effects/maps) by extension 'ignore_ament_install'
[0.895s] Level 1:colcon.colcon_core.package_identification:_identify(rospyvenv/lib/python3.10/site-packages/PyQt5/Qt5/qml/QtQuick3D/Effects/maps) by extensions ['colcon_pkg']
[0.895s] Level 1:colcon.colcon_core.package_identification:_identify(rospyvenv/lib/python3.10/site-packages/PyQt5/Qt5/qml/QtQuick3D/Effects/maps) by extension 'colcon_pkg'
[0.895s] Level 1:colcon.colcon_core.package_identification:_identify(rospyvenv/lib/python3.10/site-packages/PyQt5/Qt5/qml/QtQuick3D/Effects/maps) by extensions ['colcon_meta']
[0.895s] Level 1:colcon.colcon_core.package_identification:_identify(rospyvenv/lib/python3.10/site-packages/PyQt5/Qt5/qml/QtQuick3D/Effects/maps) by extension 'colcon_meta'
[0.895s] Level 1:colcon.colcon_core.package_identification:_identify(rospyvenv/lib/python3.10/site-packages/PyQt5/Qt5/qml/QtQuick3D/Effects/maps) by extensions ['ros']
[0.895s] Level 1:colcon.colcon_core.package_identification:_identify(rospyvenv/lib/python3.10/site-packages/PyQt5/Qt5/qml/QtQuick3D/Effects/maps) by extension 'ros'
[0.895s] Level 1:colcon.colcon_core.package_identification:_identify(rospyvenv/lib/python3.10/site-packages/PyQt5/Qt5/qml/QtQuick3D/Effects/maps) by extensions ['cmake', 'python']
[0.895s] Level 1:colcon.colcon_core.package_identification:_identify(rospyvenv/lib/python3.10/site-packages/PyQt5/Qt5/qml/QtQuick3D/Effects/maps) by extension 'cmake'
[0.895s] Level 1:colcon.colcon_core.package_identification:_identify(rospyvenv/lib/python3.10/site-packages/PyQt5/Qt5/qml/QtQuick3D/Effects/maps) by extension 'python'
[0.895s] Level 1:colcon.colcon_core.package_identification:_identify(rospyvenv/lib/python3.10/site-packages/PyQt5/Qt5/qml/QtQuick3D/Effects/maps) by extensions ['python_setup_py']
[0.895s] Level 1:colcon.colcon_core.package_identification:_identify(rospyvenv/lib/python3.10/site-packages/PyQt5/Qt5/qml/QtQuick3D/Effects/maps) by extension 'python_setup_py'
[0.896s] Level 1:colcon.colcon_core.package_identification:_identify(rospyvenv/lib/python3.10/site-packages/PyQt5/Qt5/qml/QtQuick3D/Helpers) by extensions ['ignore', 'ignore_ament_install']
[0.896s] Level 1:colcon.colcon_core.package_identification:_identify(rospyvenv/lib/python3.10/site-packages/PyQt5/Qt5/qml/QtQuick3D/Helpers) by extension 'ignore'
[0.896s] Level 1:colcon.colcon_core.package_identification:_identify(rospyvenv/lib/python3.10/site-packages/PyQt5/Qt5/qml/QtQuick3D/Helpers) by extension 'ignore_ament_install'
[0.896s] Level 1:colcon.colcon_core.package_identification:_identify(rospyvenv/lib/python3.10/site-packages/PyQt5/Qt5/qml/QtQuick3D/Helpers) by extensions ['colcon_pkg']
[0.896s] Level 1:colcon.colcon_core.package_identification:_identify(rospyvenv/lib/python3.10/site-packages/PyQt5/Qt5/qml/QtQuick3D/Helpers) by extension 'colcon_pkg'
[0.896s] Level 1:colcon.colcon_core.package_identification:_identify(rospyvenv/lib/python3.10/site-packages/PyQt5/Qt5/qml/QtQuick3D/Helpers) by extensions ['colcon_meta']
[0.896s] Level 1:colcon.colcon_core.package_identification:_identify(rospyvenv/lib/python3.10/site-packages/PyQt5/Qt5/qml/QtQuick3D/Helpers) by extension 'colcon_meta'
[0.896s] Level 1:colcon.colcon_core.package_identification:_identify(rospyvenv/lib/python3.10/site-packages/PyQt5/Qt5/qml/QtQuick3D/Helpers) by extensions ['ros']
[0.896s] Level 1:colcon.colcon_core.package_identification:_identify(rospyvenv/lib/python3.10/site-packages/PyQt5/Qt5/qml/QtQuick3D/Helpers) by extension 'ros'
[0.896s] Level 1:colcon.colcon_core.package_identification:_identify(rospyvenv/lib/python3.10/site-packages/PyQt5/Qt5/qml/QtQuick3D/Helpers) by extensions ['cmake', 'python']
[0.896s] Level 1:colcon.colcon_core.package_identification:_identify(rospyvenv/lib/python3.10/site-packages/PyQt5/Qt5/qml/QtQuick3D/Helpers) by extension 'cmake'
[0.896s] Level 1:colcon.colcon_core.package_identification:_identify(rospyvenv/lib/python3.10/site-packages/PyQt5/Qt5/qml/QtQuick3D/Helpers) by extension 'python'
[0.896s] Level 1:colcon.colcon_core.package_identification:_identify(rospyvenv/lib/python3.10/site-packages/PyQt5/Qt5/qml/QtQuick3D/Helpers) by extensions ['python_setup_py']
[0.896s] Level 1:colcon.colcon_core.package_identification:_identify(rospyvenv/lib/python3.10/site-packages/PyQt5/Qt5/qml/QtQuick3D/Helpers) by extension 'python_setup_py'
[0.896s] Level 1:colcon.colcon_core.package_identification:_identify(rospyvenv/lib/python3.10/site-packages/PyQt5/Qt5/qml/QtQuick3D/Helpers/meshes) by extensions ['ignore', 'ignore_ament_install']
[0.896s] Level 1:colcon.colcon_core.package_identification:_identify(rospyvenv/lib/python3.10/site-packages/PyQt5/Qt5/qml/QtQuick3D/Helpers/meshes) by extension 'ignore'
[0.896s] Level 1:colcon.colcon_core.package_identification:_identify(rospyvenv/lib/python3.10/site-packages/PyQt5/Qt5/qml/QtQuick3D/Helpers/meshes) by extension 'ignore_ament_install'
[0.897s] Level 1:colcon.colcon_core.package_identification:_identify(rospyvenv/lib/python3.10/site-packages/PyQt5/Qt5/qml/QtQuick3D/Helpers/meshes) by extensions ['colcon_pkg']
[0.897s] Level 1:colcon.colcon_core.package_identification:_identify(rospyvenv/lib/python3.10/site-packages/PyQt5/Qt5/qml/QtQuick3D/Helpers/meshes) by extension 'colcon_pkg'
[0.897s] Level 1:colcon.colcon_core.package_identification:_identify(rospyvenv/lib/python3.10/site-packages/PyQt5/Qt5/qml/QtQuick3D/Helpers/meshes) by extensions ['colcon_meta']
[0.897s] Level 1:colcon.colcon_core.package_identification:_identify(rospyvenv/lib/python3.10/site-packages/PyQt5/Qt5/qml/QtQuick3D/Helpers/meshes) by extension 'colcon_meta'
[0.897s] Level 1:colcon.colcon_core.package_identification:_identify(rospyvenv/lib/python3.10/site-packages/PyQt5/Qt5/qml/QtQuick3D/Helpers/meshes) by extensions ['ros']
[0.897s] Level 1:colcon.colcon_core.package_identification:_identify(rospyvenv/lib/python3.10/site-packages/PyQt5/Qt5/qml/QtQuick3D/Helpers/meshes) by extension 'ros'
[0.897s] Level 1:colcon.colcon_core.package_identification:_identify(rospyvenv/lib/python3.10/site-packages/PyQt5/Qt5/qml/QtQuick3D/Helpers/meshes) by extensions ['cmake', 'python']
[0.897s] Level 1:colcon.colcon_core.package_identification:_identify(rospyvenv/lib/python3.10/site-packages/PyQt5/Qt5/qml/QtQuick3D/Helpers/meshes) by extension 'cmake'
[0.897s] Level 1:colcon.colcon_core.package_identification:_identify(rospyvenv/lib/python3.10/site-packages/PyQt5/Qt5/qml/QtQuick3D/Helpers/meshes) by extension 'python'
[0.897s] Level 1:colcon.colcon_core.package_identification:_identify(rospyvenv/lib/python3.10/site-packages/PyQt5/Qt5/qml/QtQuick3D/Helpers/meshes) by extensions ['python_setup_py']
[0.897s] Level 1:colcon.colcon_core.package_identification:_identify(rospyvenv/lib/python3.10/site-packages/PyQt5/Qt5/qml/QtQuick3D/Helpers/meshes) by extension 'python_setup_py'
[0.897s] Level 1:colcon.colcon_core.package_identification:_identify(rospyvenv/lib/python3.10/site-packages/PyQt5/Qt5/qml/QtQuick3D/Materials) by extensions ['ignore', 'ignore_ament_install']
[0.897s] Level 1:colcon.colcon_core.package_identification:_identify(rospyvenv/lib/python3.10/site-packages/PyQt5/Qt5/qml/QtQuick3D/Materials) by extension 'ignore'
[0.897s] Level 1:colcon.colcon_core.package_identification:_identify(rospyvenv/lib/python3.10/site-packages/PyQt5/Qt5/qml/QtQuick3D/Materials) by extension 'ignore_ament_install'
[0.897s] Level 1:colcon.colcon_core.package_identification:_identify(rospyvenv/lib/python3.10/site-packages/PyQt5/Qt5/qml/QtQuick3D/Materials) by extensions ['colcon_pkg']
[0.897s] Level 1:colcon.colcon_core.package_identification:_identify(rospyvenv/lib/python3.10/site-packages/PyQt5/Qt5/qml/QtQuick3D/Materials) by extension 'colcon_pkg'
[0.897s] Level 1:colcon.colcon_core.package_identification:_identify(rospyvenv/lib/python3.10/site-packages/PyQt5/Qt5/qml/QtQuick3D/Materials) by extensions ['colcon_meta']
[0.898s] Level 1:colcon.colcon_core.package_identification:_identify(rospyvenv/lib/python3.10/site-packages/PyQt5/Qt5/qml/QtQuick3D/Materials) by extension 'colcon_meta'
[0.898s] Level 1:colcon.colcon_core.package_identification:_identify(rospyvenv/lib/python3.10/site-packages/PyQt5/Qt5/qml/QtQuick3D/Materials) by extensions ['ros']
[0.898s] Level 1:colcon.colcon_core.package_identification:_identify(rospyvenv/lib/python3.10/site-packages/PyQt5/Qt5/qml/QtQuick3D/Materials) by extension 'ros'
[0.898s] Level 1:colcon.colcon_core.package_identification:_identify(rospyvenv/lib/python3.10/site-packages/PyQt5/Qt5/qml/QtQuick3D/Materials) by extensions ['cmake', 'python']
[0.898s] Level 1:colcon.colcon_core.package_identification:_identify(rospyvenv/lib/python3.10/site-packages/PyQt5/Qt5/qml/QtQuick3D/Materials) by extension 'cmake'
[0.898s] Level 1:colcon.colcon_core.package_identification:_identify(rospyvenv/lib/python3.10/site-packages/PyQt5/Qt5/qml/QtQuick3D/Materials) by extension 'python'
[0.898s] Level 1:colcon.colcon_core.package_identification:_identify(rospyvenv/lib/python3.10/site-packages/PyQt5/Qt5/qml/QtQuick3D/Materials) by extensions ['python_setup_py']
[0.898s] Level 1:colcon.colcon_core.package_identification:_identify(rospyvenv/lib/python3.10/site-packages/PyQt5/Qt5/qml/QtQuick3D/Materials) by extension 'python_setup_py'
[0.898s] Level 1:colcon.colcon_core.package_identification:_identify(rospyvenv/lib/python3.10/site-packages/PyQt5/Qt5/qml/QtQuick3D/Materials/designer) by extensions ['ignore', 'ignore_ament_install']
[0.898s] Level 1:colcon.colcon_core.package_identification:_identify(rospyvenv/lib/python3.10/site-packages/PyQt5/Qt5/qml/QtQuick3D/Materials/designer) by extension 'ignore'
[0.898s] Level 1:colcon.colcon_core.package_identification:_identify(rospyvenv/lib/python3.10/site-packages/PyQt5/Qt5/qml/QtQuick3D/Materials/designer) by extension 'ignore_ament_install'
[0.898s] Level 1:colcon.colcon_core.package_identification:_identify(rospyvenv/lib/python3.10/site-packages/PyQt5/Qt5/qml/QtQuick3D/Materials/designer) by extensions ['colcon_pkg']
[0.898s] Level 1:colcon.colcon_core.package_identification:_identify(rospyvenv/lib/python3.10/site-packages/PyQt5/Qt5/qml/QtQuick3D/Materials/designer) by extension 'colcon_pkg'
[0.898s] Level 1:colcon.colcon_core.package_identification:_identify(rospyvenv/lib/python3.10/site-packages/PyQt5/Qt5/qml/QtQuick3D/Materials/designer) by extensions ['colcon_meta']
[0.898s] Level 1:colcon.colcon_core.package_identification:_identify(rospyvenv/lib/python3.10/site-packages/PyQt5/Qt5/qml/QtQuick3D/Materials/designer) by extension 'colcon_meta'
[0.898s] Level 1:colcon.colcon_core.package_identification:_identify(rospyvenv/lib/python3.10/site-packages/PyQt5/Qt5/qml/QtQuick3D/Materials/designer) by extensions ['ros']
[0.898s] Level 1:colcon.colcon_core.package_identification:_identify(rospyvenv/lib/python3.10/site-packages/PyQt5/Qt5/qml/QtQuick3D/Materials/designer) by extension 'ros'
[0.899s] Level 1:colcon.colcon_core.package_identification:_identify(rospyvenv/lib/python3.10/site-packages/PyQt5/Qt5/qml/QtQuick3D/Materials/designer) by extensions ['cmake', 'python']
[0.899s] Level 1:colcon.colcon_core.package_identification:_identify(rospyvenv/lib/python3.10/site-packages/PyQt5/Qt5/qml/QtQuick3D/Materials/designer) by extension 'cmake'
[0.899s] Level 1:colcon.colcon_core.package_identification:_identify(rospyvenv/lib/python3.10/site-packages/PyQt5/Qt5/qml/QtQuick3D/Materials/designer) by extension 'python'
[0.899s] Level 1:colcon.colcon_core.package_identification:_identify(rospyvenv/lib/python3.10/site-packages/PyQt5/Qt5/qml/QtQuick3D/Materials/designer) by extensions ['python_setup_py']
[0.899s] Level 1:colcon.colcon_core.package_identification:_identify(rospyvenv/lib/python3.10/site-packages/PyQt5/Qt5/qml/QtQuick3D/Materials/designer) by extension 'python_setup_py'
[0.899s] Level 1:colcon.colcon_core.package_identification:_identify(rospyvenv/lib/python3.10/site-packages/PyQt5/Qt5/qml/QtQuick3D/Materials/designer/images) by extensions ['ignore', 'ignore_ament_install']
[0.899s] Level 1:colcon.colcon_core.package_identification:_identify(rospyvenv/lib/python3.10/site-packages/PyQt5/Qt5/qml/QtQuick3D/Materials/designer/images) by extension 'ignore'
[0.899s] Level 1:colcon.colcon_core.package_identification:_identify(rospyvenv/lib/python3.10/site-packages/PyQt5/Qt5/qml/QtQuick3D/Materials/designer/images) by extension 'ignore_ament_install'
[0.899s] Level 1:colcon.colcon_core.package_identification:_identify(rospyvenv/lib/python3.10/site-packages/PyQt5/Qt5/qml/QtQuick3D/Materials/designer/images) by extensions ['colcon_pkg']
[0.899s] Level 1:colcon.colcon_core.package_identification:_identify(rospyvenv/lib/python3.10/site-packages/PyQt5/Qt5/qml/QtQuick3D/Materials/designer/images) by extension 'colcon_pkg'
[0.899s] Level 1:colcon.colcon_core.package_identification:_identify(rospyvenv/lib/python3.10/site-packages/PyQt5/Qt5/qml/QtQuick3D/Materials/designer/images) by extensions ['colcon_meta']
[0.899s] Level 1:colcon.colcon_core.package_identification:_identify(rospyvenv/lib/python3.10/site-packages/PyQt5/Qt5/qml/QtQuick3D/Materials/designer/images) by extension 'colcon_meta'
[0.899s] Level 1:colcon.colcon_core.package_identification:_identify(rospyvenv/lib/python3.10/site-packages/PyQt5/Qt5/qml/QtQuick3D/Materials/designer/images) by extensions ['ros']
[0.899s] Level 1:colcon.colcon_core.package_identification:_identify(rospyvenv/lib/python3.10/site-packages/PyQt5/Qt5/qml/QtQuick3D/Materials/designer/images) by extension 'ros'
[0.900s] Level 1:colcon.colcon_core.package_identification:_identify(rospyvenv/lib/python3.10/site-packages/PyQt5/Qt5/qml/QtQuick3D/Materials/designer/images) by extensions ['cmake', 'python']
[0.900s] Level 1:colcon.colcon_core.package_identification:_identify(rospyvenv/lib/python3.10/site-packages/PyQt5/Qt5/qml/QtQuick3D/Materials/designer/images) by extension 'cmake'
[0.900s] Level 1:colcon.colcon_core.package_identification:_identify(rospyvenv/lib/python3.10/site-packages/PyQt5/Qt5/qml/QtQuick3D/Materials/designer/images) by extension 'python'
[0.900s] Level 1:colcon.colcon_core.package_identification:_identify(rospyvenv/lib/python3.10/site-packages/PyQt5/Qt5/qml/QtQuick3D/Materials/designer/images) by extensions ['python_setup_py']
[0.900s] Level 1:colcon.colcon_core.package_identification:_identify(rospyvenv/lib/python3.10/site-packages/PyQt5/Qt5/qml/QtQuick3D/Materials/designer/images) by extension 'python_setup_py'
[0.900s] Level 1:colcon.colcon_core.package_identification:_identify(rospyvenv/lib/python3.10/site-packages/PyQt5/Qt5/qml/QtQuick3D/Materials/designer/source) by extensions ['ignore', 'ignore_ament_install']
[0.900s] Level 1:colcon.colcon_core.package_identification:_identify(rospyvenv/lib/python3.10/site-packages/PyQt5/Qt5/qml/QtQuick3D/Materials/designer/source) by extension 'ignore'
[0.900s] Level 1:colcon.colcon_core.package_identification:_identify(rospyvenv/lib/python3.10/site-packages/PyQt5/Qt5/qml/QtQuick3D/Materials/designer/source) by extension 'ignore_ament_install'
[0.900s] Level 1:colcon.colcon_core.package_identification:_identify(rospyvenv/lib/python3.10/site-packages/PyQt5/Qt5/qml/QtQuick3D/Materials/designer/source) by extensions ['colcon_pkg']
[0.900s] Level 1:colcon.colcon_core.package_identification:_identify(rospyvenv/lib/python3.10/site-packages/PyQt5/Qt5/qml/QtQuick3D/Materials/designer/source) by extension 'colcon_pkg'
[0.900s] Level 1:colcon.colcon_core.package_identification:_identify(rospyvenv/lib/python3.10/site-packages/PyQt5/Qt5/qml/QtQuick3D/Materials/designer/source) by extensions ['colcon_meta']
[0.900s] Level 1:colcon.colcon_core.package_identification:_identify(rospyvenv/lib/python3.10/site-packages/PyQt5/Qt5/qml/QtQuick3D/Materials/designer/source) by extension 'colcon_meta'
[0.900s] Level 1:colcon.colcon_core.package_identification:_identify(rospyvenv/lib/python3.10/site-packages/PyQt5/Qt5/qml/QtQuick3D/Materials/designer/source) by extensions ['ros']
[0.900s] Level 1:colcon.colcon_core.package_identification:_identify(rospyvenv/lib/python3.10/site-packages/PyQt5/Qt5/qml/QtQuick3D/Materials/designer/source) by extension 'ros'
[0.900s] Level 1:colcon.colcon_core.package_identification:_identify(rospyvenv/lib/python3.10/site-packages/PyQt5/Qt5/qml/QtQuick3D/Materials/designer/source) by extensions ['cmake', 'python']
[0.900s] Level 1:colcon.colcon_core.package_identification:_identify(rospyvenv/lib/python3.10/site-packages/PyQt5/Qt5/qml/QtQuick3D/Materials/designer/source) by extension 'cmake'
[0.901s] Level 1:colcon.colcon_core.package_identification:_identify(rospyvenv/lib/python3.10/site-packages/PyQt5/Qt5/qml/QtQuick3D/Materials/designer/source) by extension 'python'
[0.901s] Level 1:colcon.colcon_core.package_identification:_identify(rospyvenv/lib/python3.10/site-packages/PyQt5/Qt5/qml/QtQuick3D/Materials/designer/source) by extensions ['python_setup_py']
[0.901s] Level 1:colcon.colcon_core.package_identification:_identify(rospyvenv/lib/python3.10/site-packages/PyQt5/Qt5/qml/QtQuick3D/Materials/designer/source) by extension 'python_setup_py'
[0.901s] Level 1:colcon.colcon_core.package_identification:_identify(rospyvenv/lib/python3.10/site-packages/PyQt5/Qt5/qml/QtQuick3D/Materials/maps) by extensions ['ignore', 'ignore_ament_install']
[0.901s] Level 1:colcon.colcon_core.package_identification:_identify(rospyvenv/lib/python3.10/site-packages/PyQt5/Qt5/qml/QtQuick3D/Materials/maps) by extension 'ignore'
[0.901s] Level 1:colcon.colcon_core.package_identification:_identify(rospyvenv/lib/python3.10/site-packages/PyQt5/Qt5/qml/QtQuick3D/Materials/maps) by extension 'ignore_ament_install'
[0.901s] Level 1:colcon.colcon_core.package_identification:_identify(rospyvenv/lib/python3.10/site-packages/PyQt5/Qt5/qml/QtQuick3D/Materials/maps) by extensions ['colcon_pkg']
[0.901s] Level 1:colcon.colcon_core.package_identification:_identify(rospyvenv/lib/python3.10/site-packages/PyQt5/Qt5/qml/QtQuick3D/Materials/maps) by extension 'colcon_pkg'
[0.901s] Level 1:colcon.colcon_core.package_identification:_identify(rospyvenv/lib/python3.10/site-packages/PyQt5/Qt5/qml/QtQuick3D/Materials/maps) by extensions ['colcon_meta']
[0.901s] Level 1:colcon.colcon_core.package_identification:_identify(rospyvenv/lib/python3.10/site-packages/PyQt5/Qt5/qml/QtQuick3D/Materials/maps) by extension 'colcon_meta'
[0.901s] Level 1:colcon.colcon_core.package_identification:_identify(rospyvenv/lib/python3.10/site-packages/PyQt5/Qt5/qml/QtQuick3D/Materials/maps) by extensions ['ros']
[0.901s] Level 1:colcon.colcon_core.package_identification:_identify(rospyvenv/lib/python3.10/site-packages/PyQt5/Qt5/qml/QtQuick3D/Materials/maps) by extension 'ros'
[0.901s] Level 1:colcon.colcon_core.package_identification:_identify(rospyvenv/lib/python3.10/site-packages/PyQt5/Qt5/qml/QtQuick3D/Materials/maps) by extensions ['cmake', 'python']
[0.901s] Level 1:colcon.colcon_core.package_identification:_identify(rospyvenv/lib/python3.10/site-packages/PyQt5/Qt5/qml/QtQuick3D/Materials/maps) by extension 'cmake'
[0.901s] Level 1:colcon.colcon_core.package_identification:_identify(rospyvenv/lib/python3.10/site-packages/PyQt5/Qt5/qml/QtQuick3D/Materials/maps) by extension 'python'
[0.901s] Level 1:colcon.colcon_core.package_identification:_identify(rospyvenv/lib/python3.10/site-packages/PyQt5/Qt5/qml/QtQuick3D/Materials/maps) by extensions ['python_setup_py']
[0.901s] Level 1:colcon.colcon_core.package_identification:_identify(rospyvenv/lib/python3.10/site-packages/PyQt5/Qt5/qml/QtQuick3D/Materials/maps) by extension 'python_setup_py'
[0.902s] Level 1:colcon.colcon_core.package_identification:_identify(rospyvenv/lib/python3.10/site-packages/PyQt5/Qt5/qml/QtQuick3D/designer) by extensions ['ignore', 'ignore_ament_install']
[0.902s] Level 1:colcon.colcon_core.package_identification:_identify(rospyvenv/lib/python3.10/site-packages/PyQt5/Qt5/qml/QtQuick3D/designer) by extension 'ignore'
[0.902s] Level 1:colcon.colcon_core.package_identification:_identify(rospyvenv/lib/python3.10/site-packages/PyQt5/Qt5/qml/QtQuick3D/designer) by extension 'ignore_ament_install'
[0.902s] Level 1:colcon.colcon_core.package_identification:_identify(rospyvenv/lib/python3.10/site-packages/PyQt5/Qt5/qml/QtQuick3D/designer) by extensions ['colcon_pkg']
[0.902s] Level 1:colcon.colcon_core.package_identification:_identify(rospyvenv/lib/python3.10/site-packages/PyQt5/Qt5/qml/QtQuick3D/designer) by extension 'colcon_pkg'
[0.902s] Level 1:colcon.colcon_core.package_identification:_identify(rospyvenv/lib/python3.10/site-packages/PyQt5/Qt5/qml/QtQuick3D/designer) by extensions ['colcon_meta']
[0.902s] Level 1:colcon.colcon_core.package_identification:_identify(rospyvenv/lib/python3.10/site-packages/PyQt5/Qt5/qml/QtQuick3D/designer) by extension 'colcon_meta'
[0.902s] Level 1:colcon.colcon_core.package_identification:_identify(rospyvenv/lib/python3.10/site-packages/PyQt5/Qt5/qml/QtQuick3D/designer) by extensions ['ros']
[0.902s] Level 1:colcon.colcon_core.package_identification:_identify(rospyvenv/lib/python3.10/site-packages/PyQt5/Qt5/qml/QtQuick3D/designer) by extension 'ros'
[0.902s] Level 1:colcon.colcon_core.package_identification:_identify(rospyvenv/lib/python3.10/site-packages/PyQt5/Qt5/qml/QtQuick3D/designer) by extensions ['cmake', 'python']
[0.902s] Level 1:colcon.colcon_core.package_identification:_identify(rospyvenv/lib/python3.10/site-packages/PyQt5/Qt5/qml/QtQuick3D/designer) by extension 'cmake'
[0.902s] Level 1:colcon.colcon_core.package_identification:_identify(rospyvenv/lib/python3.10/site-packages/PyQt5/Qt5/qml/QtQuick3D/designer) by extension 'python'
[0.902s] Level 1:colcon.colcon_core.package_identification:_identify(rospyvenv/lib/python3.10/site-packages/PyQt5/Qt5/qml/QtQuick3D/designer) by extensions ['python_setup_py']
[0.902s] Level 1:colcon.colcon_core.package_identification:_identify(rospyvenv/lib/python3.10/site-packages/PyQt5/Qt5/qml/QtQuick3D/designer) by extension 'python_setup_py'
[0.903s] Level 1:colcon.colcon_core.package_identification:_identify(rospyvenv/lib/python3.10/site-packages/PyQt5/Qt5/qml/QtQuick3D/designer/images) by extensions ['ignore', 'ignore_ament_install']
[0.903s] Level 1:colcon.colcon_core.package_identification:_identify(rospyvenv/lib/python3.10/site-packages/PyQt5/Qt5/qml/QtQuick3D/designer/images) by extension 'ignore'
[0.903s] Level 1:colcon.colcon_core.package_identification:_identify(rospyvenv/lib/python3.10/site-packages/PyQt5/Qt5/qml/QtQuick3D/designer/images) by extension 'ignore_ament_install'
[0.903s] Level 1:colcon.colcon_core.package_identification:_identify(rospyvenv/lib/python3.10/site-packages/PyQt5/Qt5/qml/QtQuick3D/designer/images) by extensions ['colcon_pkg']
[0.903s] Level 1:colcon.colcon_core.package_identification:_identify(rospyvenv/lib/python3.10/site-packages/PyQt5/Qt5/qml/QtQuick3D/designer/images) by extension 'colcon_pkg'
[0.903s] Level 1:colcon.colcon_core.package_identification:_identify(rospyvenv/lib/python3.10/site-packages/PyQt5/Qt5/qml/QtQuick3D/designer/images) by extensions ['colcon_meta']
[0.903s] Level 1:colcon.colcon_core.package_identification:_identify(rospyvenv/lib/python3.10/site-packages/PyQt5/Qt5/qml/QtQuick3D/designer/images) by extension 'colcon_meta'
[0.903s] Level 1:colcon.colcon_core.package_identification:_identify(rospyvenv/lib/python3.10/site-packages/PyQt5/Qt5/qml/QtQuick3D/designer/images) by extensions ['ros']
[0.903s] Level 1:colcon.colcon_core.package_identification:_identify(rospyvenv/lib/python3.10/site-packages/PyQt5/Qt5/qml/QtQuick3D/designer/images) by extension 'ros'
[0.903s] Level 1:colcon.colcon_core.package_identification:_identify(rospyvenv/lib/python3.10/site-packages/PyQt5/Qt5/qml/QtQuick3D/designer/images) by extensions ['cmake', 'python']
[0.903s] Level 1:colcon.colcon_core.package_identification:_identify(rospyvenv/lib/python3.10/site-packages/PyQt5/Qt5/qml/QtQuick3D/designer/images) by extension 'cmake'
[0.903s] Level 1:colcon.colcon_core.package_identification:_identify(rospyvenv/lib/python3.10/site-packages/PyQt5/Qt5/qml/QtQuick3D/designer/images) by extension 'python'
[0.903s] Level 1:colcon.colcon_core.package_identification:_identify(rospyvenv/lib/python3.10/site-packages/PyQt5/Qt5/qml/QtQuick3D/designer/images) by extensions ['python_setup_py']
[0.903s] Level 1:colcon.colcon_core.package_identification:_identify(rospyvenv/lib/python3.10/site-packages/PyQt5/Qt5/qml/QtQuick3D/designer/images) by extension 'python_setup_py'
[0.903s] Level 1:colcon.colcon_core.package_identification:_identify(rospyvenv/lib/python3.10/site-packages/PyQt5/Qt5/qml/QtQuick3D/designer/source) by extensions ['ignore', 'ignore_ament_install']
[0.904s] Level 1:colcon.colcon_core.package_identification:_identify(rospyvenv/lib/python3.10/site-packages/PyQt5/Qt5/qml/QtQuick3D/designer/source) by extension 'ignore'
[0.904s] Level 1:colcon.colcon_core.package_identification:_identify(rospyvenv/lib/python3.10/site-packages/PyQt5/Qt5/qml/QtQuick3D/designer/source) by extension 'ignore_ament_install'
[0.904s] Level 1:colcon.colcon_core.package_identification:_identify(rospyvenv/lib/python3.10/site-packages/PyQt5/Qt5/qml/QtQuick3D/designer/source) by extensions ['colcon_pkg']
[0.904s] Level 1:colcon.colcon_core.package_identification:_identify(rospyvenv/lib/python3.10/site-packages/PyQt5/Qt5/qml/QtQuick3D/designer/source) by extension 'colcon_pkg'
[0.904s] Level 1:colcon.colcon_core.package_identification:_identify(rospyvenv/lib/python3.10/site-packages/PyQt5/Qt5/qml/QtQuick3D/designer/source) by extensions ['colcon_meta']
[0.904s] Level 1:colcon.colcon_core.package_identification:_identify(rospyvenv/lib/python3.10/site-packages/PyQt5/Qt5/qml/QtQuick3D/designer/source) by extension 'colcon_meta'
[0.904s] Level 1:colcon.colcon_core.package_identification:_identify(rospyvenv/lib/python3.10/site-packages/PyQt5/Qt5/qml/QtQuick3D/designer/source) by extensions ['ros']
[0.904s] Level 1:colcon.colcon_core.package_identification:_identify(rospyvenv/lib/python3.10/site-packages/PyQt5/Qt5/qml/QtQuick3D/designer/source) by extension 'ros'
[0.904s] Level 1:colcon.colcon_core.package_identification:_identify(rospyvenv/lib/python3.10/site-packages/PyQt5/Qt5/qml/QtQuick3D/designer/source) by extensions ['cmake', 'python']
[0.904s] Level 1:colcon.colcon_core.package_identification:_identify(rospyvenv/lib/python3.10/site-packages/PyQt5/Qt5/qml/QtQuick3D/designer/source) by extension 'cmake'
[0.904s] Level 1:colcon.colcon_core.package_identification:_identify(rospyvenv/lib/python3.10/site-packages/PyQt5/Qt5/qml/QtQuick3D/designer/source) by extension 'python'
[0.904s] Level 1:colcon.colcon_core.package_identification:_identify(rospyvenv/lib/python3.10/site-packages/PyQt5/Qt5/qml/QtQuick3D/designer/source) by extensions ['python_setup_py']
[0.904s] Level 1:colcon.colcon_core.package_identification:_identify(rospyvenv/lib/python3.10/site-packages/PyQt5/Qt5/qml/QtQuick3D/designer/source) by extension 'python_setup_py'
[0.904s] Level 1:colcon.colcon_core.package_identification:_identify(rospyvenv/lib/python3.10/site-packages/PyQt5/Qt5/qml/QtRemoteObjects) by extensions ['ignore', 'ignore_ament_install']
[0.905s] Level 1:colcon.colcon_core.package_identification:_identify(rospyvenv/lib/python3.10/site-packages/PyQt5/Qt5/qml/QtRemoteObjects) by extension 'ignore'
[0.905s] Level 1:colcon.colcon_core.package_identification:_identify(rospyvenv/lib/python3.10/site-packages/PyQt5/Qt5/qml/QtRemoteObjects) by extension 'ignore_ament_install'
[0.905s] Level 1:colcon.colcon_core.package_identification:_identify(rospyvenv/lib/python3.10/site-packages/PyQt5/Qt5/qml/QtRemoteObjects) by extensions ['colcon_pkg']
[0.905s] Level 1:colcon.colcon_core.package_identification:_identify(rospyvenv/lib/python3.10/site-packages/PyQt5/Qt5/qml/QtRemoteObjects) by extension 'colcon_pkg'
[0.905s] Level 1:colcon.colcon_core.package_identification:_identify(rospyvenv/lib/python3.10/site-packages/PyQt5/Qt5/qml/QtRemoteObjects) by extensions ['colcon_meta']
[0.905s] Level 1:colcon.colcon_core.package_identification:_identify(rospyvenv/lib/python3.10/site-packages/PyQt5/Qt5/qml/QtRemoteObjects) by extension 'colcon_meta'
[0.905s] Level 1:colcon.colcon_core.package_identification:_identify(rospyvenv/lib/python3.10/site-packages/PyQt5/Qt5/qml/QtRemoteObjects) by extensions ['ros']
[0.905s] Level 1:colcon.colcon_core.package_identification:_identify(rospyvenv/lib/python3.10/site-packages/PyQt5/Qt5/qml/QtRemoteObjects) by extension 'ros'
[0.905s] Level 1:colcon.colcon_core.package_identification:_identify(rospyvenv/lib/python3.10/site-packages/PyQt5/Qt5/qml/QtRemoteObjects) by extensions ['cmake', 'python']
[0.905s] Level 1:colcon.colcon_core.package_identification:_identify(rospyvenv/lib/python3.10/site-packages/PyQt5/Qt5/qml/QtRemoteObjects) by extension 'cmake'
[0.905s] Level 1:colcon.colcon_core.package_identification:_identify(rospyvenv/lib/python3.10/site-packages/PyQt5/Qt5/qml/QtRemoteObjects) by extension 'python'
[0.905s] Level 1:colcon.colcon_core.package_identification:_identify(rospyvenv/lib/python3.10/site-packages/PyQt5/Qt5/qml/QtRemoteObjects) by extensions ['python_setup_py']
[0.905s] Level 1:colcon.colcon_core.package_identification:_identify(rospyvenv/lib/python3.10/site-packages/PyQt5/Qt5/qml/QtRemoteObjects) by extension 'python_setup_py'
[0.905s] Level 1:colcon.colcon_core.package_identification:_identify(rospyvenv/lib/python3.10/site-packages/PyQt5/Qt5/qml/QtSensors) by extensions ['ignore', 'ignore_ament_install']
[0.905s] Level 1:colcon.colcon_core.package_identification:_identify(rospyvenv/lib/python3.10/site-packages/PyQt5/Qt5/qml/QtSensors) by extension 'ignore'
[0.905s] Level 1:colcon.colcon_core.package_identification:_identify(rospyvenv/lib/python3.10/site-packages/PyQt5/Qt5/qml/QtSensors) by extension 'ignore_ament_install'
[0.905s] Level 1:colcon.colcon_core.package_identification:_identify(rospyvenv/lib/python3.10/site-packages/PyQt5/Qt5/qml/QtSensors) by extensions ['colcon_pkg']
[0.905s] Level 1:colcon.colcon_core.package_identification:_identify(rospyvenv/lib/python3.10/site-packages/PyQt5/Qt5/qml/QtSensors) by extension 'colcon_pkg'
[0.906s] Level 1:colcon.colcon_core.package_identification:_identify(rospyvenv/lib/python3.10/site-packages/PyQt5/Qt5/qml/QtSensors) by extensions ['colcon_meta']
[0.906s] Level 1:colcon.colcon_core.package_identification:_identify(rospyvenv/lib/python3.10/site-packages/PyQt5/Qt5/qml/QtSensors) by extension 'colcon_meta'
[0.906s] Level 1:colcon.colcon_core.package_identification:_identify(rospyvenv/lib/python3.10/site-packages/PyQt5/Qt5/qml/QtSensors) by extensions ['ros']
[0.906s] Level 1:colcon.colcon_core.package_identification:_identify(rospyvenv/lib/python3.10/site-packages/PyQt5/Qt5/qml/QtSensors) by extension 'ros'
[0.906s] Level 1:colcon.colcon_core.package_identification:_identify(rospyvenv/lib/python3.10/site-packages/PyQt5/Qt5/qml/QtSensors) by extensions ['cmake', 'python']
[0.906s] Level 1:colcon.colcon_core.package_identification:_identify(rospyvenv/lib/python3.10/site-packages/PyQt5/Qt5/qml/QtSensors) by extension 'cmake'
[0.906s] Level 1:colcon.colcon_core.package_identification:_identify(rospyvenv/lib/python3.10/site-packages/PyQt5/Qt5/qml/QtSensors) by extension 'python'
[0.906s] Level 1:colcon.colcon_core.package_identification:_identify(rospyvenv/lib/python3.10/site-packages/PyQt5/Qt5/qml/QtSensors) by extensions ['python_setup_py']
[0.906s] Level 1:colcon.colcon_core.package_identification:_identify(rospyvenv/lib/python3.10/site-packages/PyQt5/Qt5/qml/QtSensors) by extension 'python_setup_py'
[0.906s] Level 1:colcon.colcon_core.package_identification:_identify(rospyvenv/lib/python3.10/site-packages/PyQt5/Qt5/qml/QtTest) by extensions ['ignore', 'ignore_ament_install']
[0.906s] Level 1:colcon.colcon_core.package_identification:_identify(rospyvenv/lib/python3.10/site-packages/PyQt5/Qt5/qml/QtTest) by extension 'ignore'
[0.906s] Level 1:colcon.colcon_core.package_identification:_identify(rospyvenv/lib/python3.10/site-packages/PyQt5/Qt5/qml/QtTest) by extension 'ignore_ament_install'
[0.906s] Level 1:colcon.colcon_core.package_identification:_identify(rospyvenv/lib/python3.10/site-packages/PyQt5/Qt5/qml/QtTest) by extensions ['colcon_pkg']
[0.906s] Level 1:colcon.colcon_core.package_identification:_identify(rospyvenv/lib/python3.10/site-packages/PyQt5/Qt5/qml/QtTest) by extension 'colcon_pkg'
[0.906s] Level 1:colcon.colcon_core.package_identification:_identify(rospyvenv/lib/python3.10/site-packages/PyQt5/Qt5/qml/QtTest) by extensions ['colcon_meta']
[0.906s] Level 1:colcon.colcon_core.package_identification:_identify(rospyvenv/lib/python3.10/site-packages/PyQt5/Qt5/qml/QtTest) by extension 'colcon_meta'
[0.906s] Level 1:colcon.colcon_core.package_identification:_identify(rospyvenv/lib/python3.10/site-packages/PyQt5/Qt5/qml/QtTest) by extensions ['ros']
[0.906s] Level 1:colcon.colcon_core.package_identification:_identify(rospyvenv/lib/python3.10/site-packages/PyQt5/Qt5/qml/QtTest) by extension 'ros'
[0.907s] Level 1:colcon.colcon_core.package_identification:_identify(rospyvenv/lib/python3.10/site-packages/PyQt5/Qt5/qml/QtTest) by extensions ['cmake', 'python']
[0.907s] Level 1:colcon.colcon_core.package_identification:_identify(rospyvenv/lib/python3.10/site-packages/PyQt5/Qt5/qml/QtTest) by extension 'cmake'
[0.907s] Level 1:colcon.colcon_core.package_identification:_identify(rospyvenv/lib/python3.10/site-packages/PyQt5/Qt5/qml/QtTest) by extension 'python'
[0.907s] Level 1:colcon.colcon_core.package_identification:_identify(rospyvenv/lib/python3.10/site-packages/PyQt5/Qt5/qml/QtTest) by extensions ['python_setup_py']
[0.907s] Level 1:colcon.colcon_core.package_identification:_identify(rospyvenv/lib/python3.10/site-packages/PyQt5/Qt5/qml/QtTest) by extension 'python_setup_py'
[0.907s] Level 1:colcon.colcon_core.package_identification:_identify(rospyvenv/lib/python3.10/site-packages/PyQt5/Qt5/qml/QtWebChannel) by extensions ['ignore', 'ignore_ament_install']
[0.907s] Level 1:colcon.colcon_core.package_identification:_identify(rospyvenv/lib/python3.10/site-packages/PyQt5/Qt5/qml/QtWebChannel) by extension 'ignore'
[0.907s] Level 1:colcon.colcon_core.package_identification:_identify(rospyvenv/lib/python3.10/site-packages/PyQt5/Qt5/qml/QtWebChannel) by extension 'ignore_ament_install'
[0.907s] Level 1:colcon.colcon_core.package_identification:_identify(rospyvenv/lib/python3.10/site-packages/PyQt5/Qt5/qml/QtWebChannel) by extensions ['colcon_pkg']
[0.907s] Level 1:colcon.colcon_core.package_identification:_identify(rospyvenv/lib/python3.10/site-packages/PyQt5/Qt5/qml/QtWebChannel) by extension 'colcon_pkg'
[0.907s] Level 1:colcon.colcon_core.package_identification:_identify(rospyvenv/lib/python3.10/site-packages/PyQt5/Qt5/qml/QtWebChannel) by extensions ['colcon_meta']
[0.907s] Level 1:colcon.colcon_core.package_identification:_identify(rospyvenv/lib/python3.10/site-packages/PyQt5/Qt5/qml/QtWebChannel) by extension 'colcon_meta'
[0.907s] Level 1:colcon.colcon_core.package_identification:_identify(rospyvenv/lib/python3.10/site-packages/PyQt5/Qt5/qml/QtWebChannel) by extensions ['ros']
[0.907s] Level 1:colcon.colcon_core.package_identification:_identify(rospyvenv/lib/python3.10/site-packages/PyQt5/Qt5/qml/QtWebChannel) by extension 'ros'
[0.907s] Level 1:colcon.colcon_core.package_identification:_identify(rospyvenv/lib/python3.10/site-packages/PyQt5/Qt5/qml/QtWebChannel) by extensions ['cmake', 'python']
[0.907s] Level 1:colcon.colcon_core.package_identification:_identify(rospyvenv/lib/python3.10/site-packages/PyQt5/Qt5/qml/QtWebChannel) by extension 'cmake'
[0.907s] Level 1:colcon.colcon_core.package_identification:_identify(rospyvenv/lib/python3.10/site-packages/PyQt5/Qt5/qml/QtWebChannel) by extension 'python'
[0.907s] Level 1:colcon.colcon_core.package_identification:_identify(rospyvenv/lib/python3.10/site-packages/PyQt5/Qt5/qml/QtWebChannel) by extensions ['python_setup_py']
[0.907s] Level 1:colcon.colcon_core.package_identification:_identify(rospyvenv/lib/python3.10/site-packages/PyQt5/Qt5/qml/QtWebChannel) by extension 'python_setup_py'
[0.908s] Level 1:colcon.colcon_core.package_identification:_identify(rospyvenv/lib/python3.10/site-packages/PyQt5/Qt5/qml/QtWebSockets) by extensions ['ignore', 'ignore_ament_install']
[0.908s] Level 1:colcon.colcon_core.package_identification:_identify(rospyvenv/lib/python3.10/site-packages/PyQt5/Qt5/qml/QtWebSockets) by extension 'ignore'
[0.908s] Level 1:colcon.colcon_core.package_identification:_identify(rospyvenv/lib/python3.10/site-packages/PyQt5/Qt5/qml/QtWebSockets) by extension 'ignore_ament_install'
[0.908s] Level 1:colcon.colcon_core.package_identification:_identify(rospyvenv/lib/python3.10/site-packages/PyQt5/Qt5/qml/QtWebSockets) by extensions ['colcon_pkg']
[0.908s] Level 1:colcon.colcon_core.package_identification:_identify(rospyvenv/lib/python3.10/site-packages/PyQt5/Qt5/qml/QtWebSockets) by extension 'colcon_pkg'
[0.908s] Level 1:colcon.colcon_core.package_identification:_identify(rospyvenv/lib/python3.10/site-packages/PyQt5/Qt5/qml/QtWebSockets) by extensions ['colcon_meta']
[0.908s] Level 1:colcon.colcon_core.package_identification:_identify(rospyvenv/lib/python3.10/site-packages/PyQt5/Qt5/qml/QtWebSockets) by extension 'colcon_meta'
[0.908s] Level 1:colcon.colcon_core.package_identification:_identify(rospyvenv/lib/python3.10/site-packages/PyQt5/Qt5/qml/QtWebSockets) by extensions ['ros']
[0.908s] Level 1:colcon.colcon_core.package_identification:_identify(rospyvenv/lib/python3.10/site-packages/PyQt5/Qt5/qml/QtWebSockets) by extension 'ros'
[0.908s] Level 1:colcon.colcon_core.package_identification:_identify(rospyvenv/lib/python3.10/site-packages/PyQt5/Qt5/qml/QtWebSockets) by extensions ['cmake', 'python']
[0.908s] Level 1:colcon.colcon_core.package_identification:_identify(rospyvenv/lib/python3.10/site-packages/PyQt5/Qt5/qml/QtWebSockets) by extension 'cmake'
[0.908s] Level 1:colcon.colcon_core.package_identification:_identify(rospyvenv/lib/python3.10/site-packages/PyQt5/Qt5/qml/QtWebSockets) by extension 'python'
[0.908s] Level 1:colcon.colcon_core.package_identification:_identify(rospyvenv/lib/python3.10/site-packages/PyQt5/Qt5/qml/QtWebSockets) by extensions ['python_setup_py']
[0.908s] Level 1:colcon.colcon_core.package_identification:_identify(rospyvenv/lib/python3.10/site-packages/PyQt5/Qt5/qml/QtWebSockets) by extension 'python_setup_py'
[0.909s] Level 1:colcon.colcon_core.package_identification:_identify(rospyvenv/lib/python3.10/site-packages/PyQt5/Qt5/qml/QtWebView) by extensions ['ignore', 'ignore_ament_install']
[0.909s] Level 1:colcon.colcon_core.package_identification:_identify(rospyvenv/lib/python3.10/site-packages/PyQt5/Qt5/qml/QtWebView) by extension 'ignore'
[0.909s] Level 1:colcon.colcon_core.package_identification:_identify(rospyvenv/lib/python3.10/site-packages/PyQt5/Qt5/qml/QtWebView) by extension 'ignore_ament_install'
[0.909s] Level 1:colcon.colcon_core.package_identification:_identify(rospyvenv/lib/python3.10/site-packages/PyQt5/Qt5/qml/QtWebView) by extensions ['colcon_pkg']
[0.909s] Level 1:colcon.colcon_core.package_identification:_identify(rospyvenv/lib/python3.10/site-packages/PyQt5/Qt5/qml/QtWebView) by extension 'colcon_pkg'
[0.909s] Level 1:colcon.colcon_core.package_identification:_identify(rospyvenv/lib/python3.10/site-packages/PyQt5/Qt5/qml/QtWebView) by extensions ['colcon_meta']
[0.909s] Level 1:colcon.colcon_core.package_identification:_identify(rospyvenv/lib/python3.10/site-packages/PyQt5/Qt5/qml/QtWebView) by extension 'colcon_meta'
[0.909s] Level 1:colcon.colcon_core.package_identification:_identify(rospyvenv/lib/python3.10/site-packages/PyQt5/Qt5/qml/QtWebView) by extensions ['ros']
[0.909s] Level 1:colcon.colcon_core.package_identification:_identify(rospyvenv/lib/python3.10/site-packages/PyQt5/Qt5/qml/QtWebView) by extension 'ros'
[0.909s] Level 1:colcon.colcon_core.package_identification:_identify(rospyvenv/lib/python3.10/site-packages/PyQt5/Qt5/qml/QtWebView) by extensions ['cmake', 'python']
[0.909s] Level 1:colcon.colcon_core.package_identification:_identify(rospyvenv/lib/python3.10/site-packages/PyQt5/Qt5/qml/QtWebView) by extension 'cmake'
[0.909s] Level 1:colcon.colcon_core.package_identification:_identify(rospyvenv/lib/python3.10/site-packages/PyQt5/Qt5/qml/QtWebView) by extension 'python'
[0.909s] Level 1:colcon.colcon_core.package_identification:_identify(rospyvenv/lib/python3.10/site-packages/PyQt5/Qt5/qml/QtWebView) by extensions ['python_setup_py']
[0.909s] Level 1:colcon.colcon_core.package_identification:_identify(rospyvenv/lib/python3.10/site-packages/PyQt5/Qt5/qml/QtWebView) by extension 'python_setup_py'
[0.910s] Level 1:colcon.colcon_core.package_identification:_identify(rospyvenv/lib/python3.10/site-packages/PyQt5/Qt5/qsci) by extensions ['ignore', 'ignore_ament_install']
[0.910s] Level 1:colcon.colcon_core.package_identification:_identify(rospyvenv/lib/python3.10/site-packages/PyQt5/Qt5/qsci) by extension 'ignore'
[0.910s] Level 1:colcon.colcon_core.package_identification:_identify(rospyvenv/lib/python3.10/site-packages/PyQt5/Qt5/qsci) by extension 'ignore_ament_install'
[0.910s] Level 1:colcon.colcon_core.package_identification:_identify(rospyvenv/lib/python3.10/site-packages/PyQt5/Qt5/qsci) by extensions ['colcon_pkg']
[0.910s] Level 1:colcon.colcon_core.package_identification:_identify(rospyvenv/lib/python3.10/site-packages/PyQt5/Qt5/qsci) by extension 'colcon_pkg'
[0.910s] Level 1:colcon.colcon_core.package_identification:_identify(rospyvenv/lib/python3.10/site-packages/PyQt5/Qt5/qsci) by extensions ['colcon_meta']
[0.910s] Level 1:colcon.colcon_core.package_identification:_identify(rospyvenv/lib/python3.10/site-packages/PyQt5/Qt5/qsci) by extension 'colcon_meta'
[0.910s] Level 1:colcon.colcon_core.package_identification:_identify(rospyvenv/lib/python3.10/site-packages/PyQt5/Qt5/qsci) by extensions ['ros']
[0.910s] Level 1:colcon.colcon_core.package_identification:_identify(rospyvenv/lib/python3.10/site-packages/PyQt5/Qt5/qsci) by extension 'ros'
[0.910s] Level 1:colcon.colcon_core.package_identification:_identify(rospyvenv/lib/python3.10/site-packages/PyQt5/Qt5/qsci) by extensions ['cmake', 'python']
[0.910s] Level 1:colcon.colcon_core.package_identification:_identify(rospyvenv/lib/python3.10/site-packages/PyQt5/Qt5/qsci) by extension 'cmake'
[0.910s] Level 1:colcon.colcon_core.package_identification:_identify(rospyvenv/lib/python3.10/site-packages/PyQt5/Qt5/qsci) by extension 'python'
[0.910s] Level 1:colcon.colcon_core.package_identification:_identify(rospyvenv/lib/python3.10/site-packages/PyQt5/Qt5/qsci) by extensions ['python_setup_py']
[0.910s] Level 1:colcon.colcon_core.package_identification:_identify(rospyvenv/lib/python3.10/site-packages/PyQt5/Qt5/qsci) by extension 'python_setup_py'
[0.911s] Level 1:colcon.colcon_core.package_identification:_identify(rospyvenv/lib/python3.10/site-packages/PyQt5/Qt5/qsci/api) by extensions ['ignore', 'ignore_ament_install']
[0.911s] Level 1:colcon.colcon_core.package_identification:_identify(rospyvenv/lib/python3.10/site-packages/PyQt5/Qt5/qsci/api) by extension 'ignore'
[0.911s] Level 1:colcon.colcon_core.package_identification:_identify(rospyvenv/lib/python3.10/site-packages/PyQt5/Qt5/qsci/api) by extension 'ignore_ament_install'
[0.911s] Level 1:colcon.colcon_core.package_identification:_identify(rospyvenv/lib/python3.10/site-packages/PyQt5/Qt5/qsci/api) by extensions ['colcon_pkg']
[0.911s] Level 1:colcon.colcon_core.package_identification:_identify(rospyvenv/lib/python3.10/site-packages/PyQt5/Qt5/qsci/api) by extension 'colcon_pkg'
[0.911s] Level 1:colcon.colcon_core.package_identification:_identify(rospyvenv/lib/python3.10/site-packages/PyQt5/Qt5/qsci/api) by extensions ['colcon_meta']
[0.911s] Level 1:colcon.colcon_core.package_identification:_identify(rospyvenv/lib/python3.10/site-packages/PyQt5/Qt5/qsci/api) by extension 'colcon_meta'
[0.911s] Level 1:colcon.colcon_core.package_identification:_identify(rospyvenv/lib/python3.10/site-packages/PyQt5/Qt5/qsci/api) by extensions ['ros']
[0.911s] Level 1:colcon.colcon_core.package_identification:_identify(rospyvenv/lib/python3.10/site-packages/PyQt5/Qt5/qsci/api) by extension 'ros'
[0.911s] Level 1:colcon.colcon_core.package_identification:_identify(rospyvenv/lib/python3.10/site-packages/PyQt5/Qt5/qsci/api) by extensions ['cmake', 'python']
[0.911s] Level 1:colcon.colcon_core.package_identification:_identify(rospyvenv/lib/python3.10/site-packages/PyQt5/Qt5/qsci/api) by extension 'cmake'
[0.911s] Level 1:colcon.colcon_core.package_identification:_identify(rospyvenv/lib/python3.10/site-packages/PyQt5/Qt5/qsci/api) by extension 'python'
[0.911s] Level 1:colcon.colcon_core.package_identification:_identify(rospyvenv/lib/python3.10/site-packages/PyQt5/Qt5/qsci/api) by extensions ['python_setup_py']
[0.911s] Level 1:colcon.colcon_core.package_identification:_identify(rospyvenv/lib/python3.10/site-packages/PyQt5/Qt5/qsci/api) by extension 'python_setup_py'
[0.912s] Level 1:colcon.colcon_core.package_identification:_identify(rospyvenv/lib/python3.10/site-packages/PyQt5/Qt5/qsci/api/python) by extensions ['ignore', 'ignore_ament_install']
[0.912s] Level 1:colcon.colcon_core.package_identification:_identify(rospyvenv/lib/python3.10/site-packages/PyQt5/Qt5/qsci/api/python) by extension 'ignore'
[0.912s] Level 1:colcon.colcon_core.package_identification:_identify(rospyvenv/lib/python3.10/site-packages/PyQt5/Qt5/qsci/api/python) by extension 'ignore_ament_install'
[0.912s] Level 1:colcon.colcon_core.package_identification:_identify(rospyvenv/lib/python3.10/site-packages/PyQt5/Qt5/qsci/api/python) by extensions ['colcon_pkg']
[0.912s] Level 1:colcon.colcon_core.package_identification:_identify(rospyvenv/lib/python3.10/site-packages/PyQt5/Qt5/qsci/api/python) by extension 'colcon_pkg'
[0.912s] Level 1:colcon.colcon_core.package_identification:_identify(rospyvenv/lib/python3.10/site-packages/PyQt5/Qt5/qsci/api/python) by extensions ['colcon_meta']
[0.912s] Level 1:colcon.colcon_core.package_identification:_identify(rospyvenv/lib/python3.10/site-packages/PyQt5/Qt5/qsci/api/python) by extension 'colcon_meta'
[0.912s] Level 1:colcon.colcon_core.package_identification:_identify(rospyvenv/lib/python3.10/site-packages/PyQt5/Qt5/qsci/api/python) by extensions ['ros']
[0.912s] Level 1:colcon.colcon_core.package_identification:_identify(rospyvenv/lib/python3.10/site-packages/PyQt5/Qt5/qsci/api/python) by extension 'ros'
[0.912s] Level 1:colcon.colcon_core.package_identification:_identify(rospyvenv/lib/python3.10/site-packages/PyQt5/Qt5/qsci/api/python) by extensions ['cmake', 'python']
[0.912s] Level 1:colcon.colcon_core.package_identification:_identify(rospyvenv/lib/python3.10/site-packages/PyQt5/Qt5/qsci/api/python) by extension 'cmake'
[0.912s] Level 1:colcon.colcon_core.package_identification:_identify(rospyvenv/lib/python3.10/site-packages/PyQt5/Qt5/qsci/api/python) by extension 'python'
[0.912s] Level 1:colcon.colcon_core.package_identification:_identify(rospyvenv/lib/python3.10/site-packages/PyQt5/Qt5/qsci/api/python) by extensions ['python_setup_py']
[0.912s] Level 1:colcon.colcon_core.package_identification:_identify(rospyvenv/lib/python3.10/site-packages/PyQt5/Qt5/qsci/api/python) by extension 'python_setup_py'
[0.913s] Level 1:colcon.colcon_core.package_identification:_identify(rospyvenv/lib/python3.10/site-packages/PyQt5/Qt5/translations) by extensions ['ignore', 'ignore_ament_install']
[0.913s] Level 1:colcon.colcon_core.package_identification:_identify(rospyvenv/lib/python3.10/site-packages/PyQt5/Qt5/translations) by extension 'ignore'
[0.913s] Level 1:colcon.colcon_core.package_identification:_identify(rospyvenv/lib/python3.10/site-packages/PyQt5/Qt5/translations) by extension 'ignore_ament_install'
[0.913s] Level 1:colcon.colcon_core.package_identification:_identify(rospyvenv/lib/python3.10/site-packages/PyQt5/Qt5/translations) by extensions ['colcon_pkg']
[0.913s] Level 1:colcon.colcon_core.package_identification:_identify(rospyvenv/lib/python3.10/site-packages/PyQt5/Qt5/translations) by extension 'colcon_pkg'
[0.913s] Level 1:colcon.colcon_core.package_identification:_identify(rospyvenv/lib/python3.10/site-packages/PyQt5/Qt5/translations) by extensions ['colcon_meta']
[0.913s] Level 1:colcon.colcon_core.package_identification:_identify(rospyvenv/lib/python3.10/site-packages/PyQt5/Qt5/translations) by extension 'colcon_meta'
[0.913s] Level 1:colcon.colcon_core.package_identification:_identify(rospyvenv/lib/python3.10/site-packages/PyQt5/Qt5/translations) by extensions ['ros']
[0.913s] Level 1:colcon.colcon_core.package_identification:_identify(rospyvenv/lib/python3.10/site-packages/PyQt5/Qt5/translations) by extension 'ros'
[0.914s] Level 1:colcon.colcon_core.package_identification:_identify(rospyvenv/lib/python3.10/site-packages/PyQt5/Qt5/translations) by extensions ['cmake', 'python']
[0.914s] Level 1:colcon.colcon_core.package_identification:_identify(rospyvenv/lib/python3.10/site-packages/PyQt5/Qt5/translations) by extension 'cmake'
[0.914s] Level 1:colcon.colcon_core.package_identification:_identify(rospyvenv/lib/python3.10/site-packages/PyQt5/Qt5/translations) by extension 'python'
[0.914s] Level 1:colcon.colcon_core.package_identification:_identify(rospyvenv/lib/python3.10/site-packages/PyQt5/Qt5/translations) by extensions ['python_setup_py']
[0.914s] Level 1:colcon.colcon_core.package_identification:_identify(rospyvenv/lib/python3.10/site-packages/PyQt5/Qt5/translations) by extension 'python_setup_py'
[0.914s] Level 1:colcon.colcon_core.package_identification:_identify(rospyvenv/lib/python3.10/site-packages/PyQt5/__pycache__) by extensions ['ignore', 'ignore_ament_install']
[0.914s] Level 1:colcon.colcon_core.package_identification:_identify(rospyvenv/lib/python3.10/site-packages/PyQt5/__pycache__) by extension 'ignore'
[0.914s] Level 1:colcon.colcon_core.package_identification:_identify(rospyvenv/lib/python3.10/site-packages/PyQt5/__pycache__) by extension 'ignore_ament_install'
[0.914s] Level 1:colcon.colcon_core.package_identification:_identify(rospyvenv/lib/python3.10/site-packages/PyQt5/__pycache__) by extensions ['colcon_pkg']
[0.914s] Level 1:colcon.colcon_core.package_identification:_identify(rospyvenv/lib/python3.10/site-packages/PyQt5/__pycache__) by extension 'colcon_pkg'
[0.914s] Level 1:colcon.colcon_core.package_identification:_identify(rospyvenv/lib/python3.10/site-packages/PyQt5/__pycache__) by extensions ['colcon_meta']
[0.914s] Level 1:colcon.colcon_core.package_identification:_identify(rospyvenv/lib/python3.10/site-packages/PyQt5/__pycache__) by extension 'colcon_meta'
[0.914s] Level 1:colcon.colcon_core.package_identification:_identify(rospyvenv/lib/python3.10/site-packages/PyQt5/__pycache__) by extensions ['ros']
[0.914s] Level 1:colcon.colcon_core.package_identification:_identify(rospyvenv/lib/python3.10/site-packages/PyQt5/__pycache__) by extension 'ros'
[0.914s] Level 1:colcon.colcon_core.package_identification:_identify(rospyvenv/lib/python3.10/site-packages/PyQt5/__pycache__) by extensions ['cmake', 'python']
[0.914s] Level 1:colcon.colcon_core.package_identification:_identify(rospyvenv/lib/python3.10/site-packages/PyQt5/__pycache__) by extension 'cmake'
[0.915s] Level 1:colcon.colcon_core.package_identification:_identify(rospyvenv/lib/python3.10/site-packages/PyQt5/__pycache__) by extension 'python'
[0.915s] Level 1:colcon.colcon_core.package_identification:_identify(rospyvenv/lib/python3.10/site-packages/PyQt5/__pycache__) by extensions ['python_setup_py']
[0.915s] Level 1:colcon.colcon_core.package_identification:_identify(rospyvenv/lib/python3.10/site-packages/PyQt5/__pycache__) by extension 'python_setup_py'
[0.915s] Level 1:colcon.colcon_core.package_identification:_identify(rospyvenv/lib/python3.10/site-packages/PyQt5/bindings) by extensions ['ignore', 'ignore_ament_install']
[0.915s] Level 1:colcon.colcon_core.package_identification:_identify(rospyvenv/lib/python3.10/site-packages/PyQt5/bindings) by extension 'ignore'
[0.915s] Level 1:colcon.colcon_core.package_identification:_identify(rospyvenv/lib/python3.10/site-packages/PyQt5/bindings) by extension 'ignore_ament_install'
[0.915s] Level 1:colcon.colcon_core.package_identification:_identify(rospyvenv/lib/python3.10/site-packages/PyQt5/bindings) by extensions ['colcon_pkg']
[0.915s] Level 1:colcon.colcon_core.package_identification:_identify(rospyvenv/lib/python3.10/site-packages/PyQt5/bindings) by extension 'colcon_pkg'
[0.915s] Level 1:colcon.colcon_core.package_identification:_identify(rospyvenv/lib/python3.10/site-packages/PyQt5/bindings) by extensions ['colcon_meta']
[0.915s] Level 1:colcon.colcon_core.package_identification:_identify(rospyvenv/lib/python3.10/site-packages/PyQt5/bindings) by extension 'colcon_meta'
[0.915s] Level 1:colcon.colcon_core.package_identification:_identify(rospyvenv/lib/python3.10/site-packages/PyQt5/bindings) by extensions ['ros']
[0.915s] Level 1:colcon.colcon_core.package_identification:_identify(rospyvenv/lib/python3.10/site-packages/PyQt5/bindings) by extension 'ros'
[0.915s] Level 1:colcon.colcon_core.package_identification:_identify(rospyvenv/lib/python3.10/site-packages/PyQt5/bindings) by extensions ['cmake', 'python']
[0.915s] Level 1:colcon.colcon_core.package_identification:_identify(rospyvenv/lib/python3.10/site-packages/PyQt5/bindings) by extension 'cmake'
[0.916s] Level 1:colcon.colcon_core.package_identification:_identify(rospyvenv/lib/python3.10/site-packages/PyQt5/bindings) by extension 'python'
[0.916s] Level 1:colcon.colcon_core.package_identification:_identify(rospyvenv/lib/python3.10/site-packages/PyQt5/bindings) by extensions ['python_setup_py']
[0.916s] Level 1:colcon.colcon_core.package_identification:_identify(rospyvenv/lib/python3.10/site-packages/PyQt5/bindings) by extension 'python_setup_py'
[0.916s] Level 1:colcon.colcon_core.package_identification:_identify(rospyvenv/lib/python3.10/site-packages/PyQt5/bindings/QtBluetooth) by extensions ['ignore', 'ignore_ament_install']
[0.916s] Level 1:colcon.colcon_core.package_identification:_identify(rospyvenv/lib/python3.10/site-packages/PyQt5/bindings/QtBluetooth) by extension 'ignore'
[0.916s] Level 1:colcon.colcon_core.package_identification:_identify(rospyvenv/lib/python3.10/site-packages/PyQt5/bindings/QtBluetooth) by extension 'ignore_ament_install'
[0.916s] Level 1:colcon.colcon_core.package_identification:_identify(rospyvenv/lib/python3.10/site-packages/PyQt5/bindings/QtBluetooth) by extensions ['colcon_pkg']
[0.916s] Level 1:colcon.colcon_core.package_identification:_identify(rospyvenv/lib/python3.10/site-packages/PyQt5/bindings/QtBluetooth) by extension 'colcon_pkg'
[0.916s] Level 1:colcon.colcon_core.package_identification:_identify(rospyvenv/lib/python3.10/site-packages/PyQt5/bindings/QtBluetooth) by extensions ['colcon_meta']
[0.916s] Level 1:colcon.colcon_core.package_identification:_identify(rospyvenv/lib/python3.10/site-packages/PyQt5/bindings/QtBluetooth) by extension 'colcon_meta'
[0.916s] Level 1:colcon.colcon_core.package_identification:_identify(rospyvenv/lib/python3.10/site-packages/PyQt5/bindings/QtBluetooth) by extensions ['ros']
[0.916s] Level 1:colcon.colcon_core.package_identification:_identify(rospyvenv/lib/python3.10/site-packages/PyQt5/bindings/QtBluetooth) by extension 'ros'
[0.916s] Level 1:colcon.colcon_core.package_identification:_identify(rospyvenv/lib/python3.10/site-packages/PyQt5/bindings/QtBluetooth) by extensions ['cmake', 'python']
[0.916s] Level 1:colcon.colcon_core.package_identification:_identify(rospyvenv/lib/python3.10/site-packages/PyQt5/bindings/QtBluetooth) by extension 'cmake'
[0.916s] Level 1:colcon.colcon_core.package_identification:_identify(rospyvenv/lib/python3.10/site-packages/PyQt5/bindings/QtBluetooth) by extension 'python'
[0.917s] Level 1:colcon.colcon_core.package_identification:_identify(rospyvenv/lib/python3.10/site-packages/PyQt5/bindings/QtBluetooth) by extensions ['python_setup_py']
[0.917s] Level 1:colcon.colcon_core.package_identification:_identify(rospyvenv/lib/python3.10/site-packages/PyQt5/bindings/QtBluetooth) by extension 'python_setup_py'
[0.917s] Level 1:colcon.colcon_core.package_identification:_identify(rospyvenv/lib/python3.10/site-packages/PyQt5/bindings/QtCore) by extensions ['ignore', 'ignore_ament_install']
[0.917s] Level 1:colcon.colcon_core.package_identification:_identify(rospyvenv/lib/python3.10/site-packages/PyQt5/bindings/QtCore) by extension 'ignore'
[0.917s] Level 1:colcon.colcon_core.package_identification:_identify(rospyvenv/lib/python3.10/site-packages/PyQt5/bindings/QtCore) by extension 'ignore_ament_install'
[0.917s] Level 1:colcon.colcon_core.package_identification:_identify(rospyvenv/lib/python3.10/site-packages/PyQt5/bindings/QtCore) by extensions ['colcon_pkg']
[0.917s] Level 1:colcon.colcon_core.package_identification:_identify(rospyvenv/lib/python3.10/site-packages/PyQt5/bindings/QtCore) by extension 'colcon_pkg'
[0.917s] Level 1:colcon.colcon_core.package_identification:_identify(rospyvenv/lib/python3.10/site-packages/PyQt5/bindings/QtCore) by extensions ['colcon_meta']
[0.917s] Level 1:colcon.colcon_core.package_identification:_identify(rospyvenv/lib/python3.10/site-packages/PyQt5/bindings/QtCore) by extension 'colcon_meta'
[0.917s] Level 1:colcon.colcon_core.package_identification:_identify(rospyvenv/lib/python3.10/site-packages/PyQt5/bindings/QtCore) by extensions ['ros']
[0.917s] Level 1:colcon.colcon_core.package_identification:_identify(rospyvenv/lib/python3.10/site-packages/PyQt5/bindings/QtCore) by extension 'ros'
[0.917s] Level 1:colcon.colcon_core.package_identification:_identify(rospyvenv/lib/python3.10/site-packages/PyQt5/bindings/QtCore) by extensions ['cmake', 'python']
[0.917s] Level 1:colcon.colcon_core.package_identification:_identify(rospyvenv/lib/python3.10/site-packages/PyQt5/bindings/QtCore) by extension 'cmake'
[0.917s] Level 1:colcon.colcon_core.package_identification:_identify(rospyvenv/lib/python3.10/site-packages/PyQt5/bindings/QtCore) by extension 'python'
[0.918s] Level 1:colcon.colcon_core.package_identification:_identify(rospyvenv/lib/python3.10/site-packages/PyQt5/bindings/QtCore) by extensions ['python_setup_py']
[0.918s] Level 1:colcon.colcon_core.package_identification:_identify(rospyvenv/lib/python3.10/site-packages/PyQt5/bindings/QtCore) by extension 'python_setup_py'
[0.918s] Level 1:colcon.colcon_core.package_identification:_identify(rospyvenv/lib/python3.10/site-packages/PyQt5/bindings/QtDBus) by extensions ['ignore', 'ignore_ament_install']
[0.918s] Level 1:colcon.colcon_core.package_identification:_identify(rospyvenv/lib/python3.10/site-packages/PyQt5/bindings/QtDBus) by extension 'ignore'
[0.918s] Level 1:colcon.colcon_core.package_identification:_identify(rospyvenv/lib/python3.10/site-packages/PyQt5/bindings/QtDBus) by extension 'ignore_ament_install'
[0.918s] Level 1:colcon.colcon_core.package_identification:_identify(rospyvenv/lib/python3.10/site-packages/PyQt5/bindings/QtDBus) by extensions ['colcon_pkg']
[0.918s] Level 1:colcon.colcon_core.package_identification:_identify(rospyvenv/lib/python3.10/site-packages/PyQt5/bindings/QtDBus) by extension 'colcon_pkg'
[0.918s] Level 1:colcon.colcon_core.package_identification:_identify(rospyvenv/lib/python3.10/site-packages/PyQt5/bindings/QtDBus) by extensions ['colcon_meta']
[0.918s] Level 1:colcon.colcon_core.package_identification:_identify(rospyvenv/lib/python3.10/site-packages/PyQt5/bindings/QtDBus) by extension 'colcon_meta'
[0.918s] Level 1:colcon.colcon_core.package_identification:_identify(rospyvenv/lib/python3.10/site-packages/PyQt5/bindings/QtDBus) by extensions ['ros']
[0.918s] Level 1:colcon.colcon_core.package_identification:_identify(rospyvenv/lib/python3.10/site-packages/PyQt5/bindings/QtDBus) by extension 'ros'
[0.918s] Level 1:colcon.colcon_core.package_identification:_identify(rospyvenv/lib/python3.10/site-packages/PyQt5/bindings/QtDBus) by extensions ['cmake', 'python']
[0.918s] Level 1:colcon.colcon_core.package_identification:_identify(rospyvenv/lib/python3.10/site-packages/PyQt5/bindings/QtDBus) by extension 'cmake'
[0.918s] Level 1:colcon.colcon_core.package_identification:_identify(rospyvenv/lib/python3.10/site-packages/PyQt5/bindings/QtDBus) by extension 'python'
[0.918s] Level 1:colcon.colcon_core.package_identification:_identify(rospyvenv/lib/python3.10/site-packages/PyQt5/bindings/QtDBus) by extensions ['python_setup_py']
[0.918s] Level 1:colcon.colcon_core.package_identification:_identify(rospyvenv/lib/python3.10/site-packages/PyQt5/bindings/QtDBus) by extension 'python_setup_py'
[0.919s] Level 1:colcon.colcon_core.package_identification:_identify(rospyvenv/lib/python3.10/site-packages/PyQt5/bindings/QtDesigner) by extensions ['ignore', 'ignore_ament_install']
[0.919s] Level 1:colcon.colcon_core.package_identification:_identify(rospyvenv/lib/python3.10/site-packages/PyQt5/bindings/QtDesigner) by extension 'ignore'
[0.919s] Level 1:colcon.colcon_core.package_identification:_identify(rospyvenv/lib/python3.10/site-packages/PyQt5/bindings/QtDesigner) by extension 'ignore_ament_install'
[0.919s] Level 1:colcon.colcon_core.package_identification:_identify(rospyvenv/lib/python3.10/site-packages/PyQt5/bindings/QtDesigner) by extensions ['colcon_pkg']
[0.919s] Level 1:colcon.colcon_core.package_identification:_identify(rospyvenv/lib/python3.10/site-packages/PyQt5/bindings/QtDesigner) by extension 'colcon_pkg'
[0.919s] Level 1:colcon.colcon_core.package_identification:_identify(rospyvenv/lib/python3.10/site-packages/PyQt5/bindings/QtDesigner) by extensions ['colcon_meta']
[0.919s] Level 1:colcon.colcon_core.package_identification:_identify(rospyvenv/lib/python3.10/site-packages/PyQt5/bindings/QtDesigner) by extension 'colcon_meta'
[0.919s] Level 1:colcon.colcon_core.package_identification:_identify(rospyvenv/lib/python3.10/site-packages/PyQt5/bindings/QtDesigner) by extensions ['ros']
[0.919s] Level 1:colcon.colcon_core.package_identification:_identify(rospyvenv/lib/python3.10/site-packages/PyQt5/bindings/QtDesigner) by extension 'ros'
[0.919s] Level 1:colcon.colcon_core.package_identification:_identify(rospyvenv/lib/python3.10/site-packages/PyQt5/bindings/QtDesigner) by extensions ['cmake', 'python']
[0.919s] Level 1:colcon.colcon_core.package_identification:_identify(rospyvenv/lib/python3.10/site-packages/PyQt5/bindings/QtDesigner) by extension 'cmake'
[0.919s] Level 1:colcon.colcon_core.package_identification:_identify(rospyvenv/lib/python3.10/site-packages/PyQt5/bindings/QtDesigner) by extension 'python'
[0.919s] Level 1:colcon.colcon_core.package_identification:_identify(rospyvenv/lib/python3.10/site-packages/PyQt5/bindings/QtDesigner) by extensions ['python_setup_py']
[0.919s] Level 1:colcon.colcon_core.package_identification:_identify(rospyvenv/lib/python3.10/site-packages/PyQt5/bindings/QtDesigner) by extension 'python_setup_py'
[0.920s] Level 1:colcon.colcon_core.package_identification:_identify(rospyvenv/lib/python3.10/site-packages/PyQt5/bindings/QtGui) by extensions ['ignore', 'ignore_ament_install']
[0.920s] Level 1:colcon.colcon_core.package_identification:_identify(rospyvenv/lib/python3.10/site-packages/PyQt5/bindings/QtGui) by extension 'ignore'
[0.920s] Level 1:colcon.colcon_core.package_identification:_identify(rospyvenv/lib/python3.10/site-packages/PyQt5/bindings/QtGui) by extension 'ignore_ament_install'
[0.920s] Level 1:colcon.colcon_core.package_identification:_identify(rospyvenv/lib/python3.10/site-packages/PyQt5/bindings/QtGui) by extensions ['colcon_pkg']
[0.920s] Level 1:colcon.colcon_core.package_identification:_identify(rospyvenv/lib/python3.10/site-packages/PyQt5/bindings/QtGui) by extension 'colcon_pkg'
[0.920s] Level 1:colcon.colcon_core.package_identification:_identify(rospyvenv/lib/python3.10/site-packages/PyQt5/bindings/QtGui) by extensions ['colcon_meta']
[0.920s] Level 1:colcon.colcon_core.package_identification:_identify(rospyvenv/lib/python3.10/site-packages/PyQt5/bindings/QtGui) by extension 'colcon_meta'
[0.920s] Level 1:colcon.colcon_core.package_identification:_identify(rospyvenv/lib/python3.10/site-packages/PyQt5/bindings/QtGui) by extensions ['ros']
[0.920s] Level 1:colcon.colcon_core.package_identification:_identify(rospyvenv/lib/python3.10/site-packages/PyQt5/bindings/QtGui) by extension 'ros'
[0.920s] Level 1:colcon.colcon_core.package_identification:_identify(rospyvenv/lib/python3.10/site-packages/PyQt5/bindings/QtGui) by extensions ['cmake', 'python']
[0.920s] Level 1:colcon.colcon_core.package_identification:_identify(rospyvenv/lib/python3.10/site-packages/PyQt5/bindings/QtGui) by extension 'cmake'
[0.920s] Level 1:colcon.colcon_core.package_identification:_identify(rospyvenv/lib/python3.10/site-packages/PyQt5/bindings/QtGui) by extension 'python'
[0.920s] Level 1:colcon.colcon_core.package_identification:_identify(rospyvenv/lib/python3.10/site-packages/PyQt5/bindings/QtGui) by extensions ['python_setup_py']
[0.920s] Level 1:colcon.colcon_core.package_identification:_identify(rospyvenv/lib/python3.10/site-packages/PyQt5/bindings/QtGui) by extension 'python_setup_py'
[0.921s] Level 1:colcon.colcon_core.package_identification:_identify(rospyvenv/lib/python3.10/site-packages/PyQt5/bindings/QtHelp) by extensions ['ignore', 'ignore_ament_install']
[0.921s] Level 1:colcon.colcon_core.package_identification:_identify(rospyvenv/lib/python3.10/site-packages/PyQt5/bindings/QtHelp) by extension 'ignore'
[0.921s] Level 1:colcon.colcon_core.package_identification:_identify(rospyvenv/lib/python3.10/site-packages/PyQt5/bindings/QtHelp) by extension 'ignore_ament_install'
[0.921s] Level 1:colcon.colcon_core.package_identification:_identify(rospyvenv/lib/python3.10/site-packages/PyQt5/bindings/QtHelp) by extensions ['colcon_pkg']
[0.921s] Level 1:colcon.colcon_core.package_identification:_identify(rospyvenv/lib/python3.10/site-packages/PyQt5/bindings/QtHelp) by extension 'colcon_pkg'
[0.921s] Level 1:colcon.colcon_core.package_identification:_identify(rospyvenv/lib/python3.10/site-packages/PyQt5/bindings/QtHelp) by extensions ['colcon_meta']
[0.921s] Level 1:colcon.colcon_core.package_identification:_identify(rospyvenv/lib/python3.10/site-packages/PyQt5/bindings/QtHelp) by extension 'colcon_meta'
[0.921s] Level 1:colcon.colcon_core.package_identification:_identify(rospyvenv/lib/python3.10/site-packages/PyQt5/bindings/QtHelp) by extensions ['ros']
[0.921s] Level 1:colcon.colcon_core.package_identification:_identify(rospyvenv/lib/python3.10/site-packages/PyQt5/bindings/QtHelp) by extension 'ros'
[0.921s] Level 1:colcon.colcon_core.package_identification:_identify(rospyvenv/lib/python3.10/site-packages/PyQt5/bindings/QtHelp) by extensions ['cmake', 'python']
[0.921s] Level 1:colcon.colcon_core.package_identification:_identify(rospyvenv/lib/python3.10/site-packages/PyQt5/bindings/QtHelp) by extension 'cmake'
[0.921s] Level 1:colcon.colcon_core.package_identification:_identify(rospyvenv/lib/python3.10/site-packages/PyQt5/bindings/QtHelp) by extension 'python'
[0.921s] Level 1:colcon.colcon_core.package_identification:_identify(rospyvenv/lib/python3.10/site-packages/PyQt5/bindings/QtHelp) by extensions ['python_setup_py']
[0.921s] Level 1:colcon.colcon_core.package_identification:_identify(rospyvenv/lib/python3.10/site-packages/PyQt5/bindings/QtHelp) by extension 'python_setup_py'
[0.922s] Level 1:colcon.colcon_core.package_identification:_identify(rospyvenv/lib/python3.10/site-packages/PyQt5/bindings/QtLocation) by extensions ['ignore', 'ignore_ament_install']
[0.922s] Level 1:colcon.colcon_core.package_identification:_identify(rospyvenv/lib/python3.10/site-packages/PyQt5/bindings/QtLocation) by extension 'ignore'
[0.922s] Level 1:colcon.colcon_core.package_identification:_identify(rospyvenv/lib/python3.10/site-packages/PyQt5/bindings/QtLocation) by extension 'ignore_ament_install'
[0.922s] Level 1:colcon.colcon_core.package_identification:_identify(rospyvenv/lib/python3.10/site-packages/PyQt5/bindings/QtLocation) by extensions ['colcon_pkg']
[0.922s] Level 1:colcon.colcon_core.package_identification:_identify(rospyvenv/lib/python3.10/site-packages/PyQt5/bindings/QtLocation) by extension 'colcon_pkg'
[0.922s] Level 1:colcon.colcon_core.package_identification:_identify(rospyvenv/lib/python3.10/site-packages/PyQt5/bindings/QtLocation) by extensions ['colcon_meta']
[0.922s] Level 1:colcon.colcon_core.package_identification:_identify(rospyvenv/lib/python3.10/site-packages/PyQt5/bindings/QtLocation) by extension 'colcon_meta'
[0.922s] Level 1:colcon.colcon_core.package_identification:_identify(rospyvenv/lib/python3.10/site-packages/PyQt5/bindings/QtLocation) by extensions ['ros']
[0.922s] Level 1:colcon.colcon_core.package_identification:_identify(rospyvenv/lib/python3.10/site-packages/PyQt5/bindings/QtLocation) by extension 'ros'
[0.922s] Level 1:colcon.colcon_core.package_identification:_identify(rospyvenv/lib/python3.10/site-packages/PyQt5/bindings/QtLocation) by extensions ['cmake', 'python']
[0.922s] Level 1:colcon.colcon_core.package_identification:_identify(rospyvenv/lib/python3.10/site-packages/PyQt5/bindings/QtLocation) by extension 'cmake'
[0.922s] Level 1:colcon.colcon_core.package_identification:_identify(rospyvenv/lib/python3.10/site-packages/PyQt5/bindings/QtLocation) by extension 'python'
[0.922s] Level 1:colcon.colcon_core.package_identification:_identify(rospyvenv/lib/python3.10/site-packages/PyQt5/bindings/QtLocation) by extensions ['python_setup_py']
[0.922s] Level 1:colcon.colcon_core.package_identification:_identify(rospyvenv/lib/python3.10/site-packages/PyQt5/bindings/QtLocation) by extension 'python_setup_py'
[0.923s] Level 1:colcon.colcon_core.package_identification:_identify(rospyvenv/lib/python3.10/site-packages/PyQt5/bindings/QtMultimedia) by extensions ['ignore', 'ignore_ament_install']
[0.923s] Level 1:colcon.colcon_core.package_identification:_identify(rospyvenv/lib/python3.10/site-packages/PyQt5/bindings/QtMultimedia) by extension 'ignore'
[0.923s] Level 1:colcon.colcon_core.package_identification:_identify(rospyvenv/lib/python3.10/site-packages/PyQt5/bindings/QtMultimedia) by extension 'ignore_ament_install'
[0.923s] Level 1:colcon.colcon_core.package_identification:_identify(rospyvenv/lib/python3.10/site-packages/PyQt5/bindings/QtMultimedia) by extensions ['colcon_pkg']
[0.923s] Level 1:colcon.colcon_core.package_identification:_identify(rospyvenv/lib/python3.10/site-packages/PyQt5/bindings/QtMultimedia) by extension 'colcon_pkg'
[0.923s] Level 1:colcon.colcon_core.package_identification:_identify(rospyvenv/lib/python3.10/site-packages/PyQt5/bindings/QtMultimedia) by extensions ['colcon_meta']
[0.923s] Level 1:colcon.colcon_core.package_identification:_identify(rospyvenv/lib/python3.10/site-packages/PyQt5/bindings/QtMultimedia) by extension 'colcon_meta'
[0.923s] Level 1:colcon.colcon_core.package_identification:_identify(rospyvenv/lib/python3.10/site-packages/PyQt5/bindings/QtMultimedia) by extensions ['ros']
[0.923s] Level 1:colcon.colcon_core.package_identification:_identify(rospyvenv/lib/python3.10/site-packages/PyQt5/bindings/QtMultimedia) by extension 'ros'
[0.923s] Level 1:colcon.colcon_core.package_identification:_identify(rospyvenv/lib/python3.10/site-packages/PyQt5/bindings/QtMultimedia) by extensions ['cmake', 'python']
[0.923s] Level 1:colcon.colcon_core.package_identification:_identify(rospyvenv/lib/python3.10/site-packages/PyQt5/bindings/QtMultimedia) by extension 'cmake'
[0.923s] Level 1:colcon.colcon_core.package_identification:_identify(rospyvenv/lib/python3.10/site-packages/PyQt5/bindings/QtMultimedia) by extension 'python'
[0.923s] Level 1:colcon.colcon_core.package_identification:_identify(rospyvenv/lib/python3.10/site-packages/PyQt5/bindings/QtMultimedia) by extensions ['python_setup_py']
[0.923s] Level 1:colcon.colcon_core.package_identification:_identify(rospyvenv/lib/python3.10/site-packages/PyQt5/bindings/QtMultimedia) by extension 'python_setup_py'
[0.923s] Level 1:colcon.colcon_core.package_identification:_identify(rospyvenv/lib/python3.10/site-packages/PyQt5/bindings/QtMultimediaWidgets) by extensions ['ignore', 'ignore_ament_install']
[0.923s] Level 1:colcon.colcon_core.package_identification:_identify(rospyvenv/lib/python3.10/site-packages/PyQt5/bindings/QtMultimediaWidgets) by extension 'ignore'
[0.924s] Level 1:colcon.colcon_core.package_identification:_identify(rospyvenv/lib/python3.10/site-packages/PyQt5/bindings/QtMultimediaWidgets) by extension 'ignore_ament_install'
[0.924s] Level 1:colcon.colcon_core.package_identification:_identify(rospyvenv/lib/python3.10/site-packages/PyQt5/bindings/QtMultimediaWidgets) by extensions ['colcon_pkg']
[0.924s] Level 1:colcon.colcon_core.package_identification:_identify(rospyvenv/lib/python3.10/site-packages/PyQt5/bindings/QtMultimediaWidgets) by extension 'colcon_pkg'
[0.924s] Level 1:colcon.colcon_core.package_identification:_identify(rospyvenv/lib/python3.10/site-packages/PyQt5/bindings/QtMultimediaWidgets) by extensions ['colcon_meta']
[0.924s] Level 1:colcon.colcon_core.package_identification:_identify(rospyvenv/lib/python3.10/site-packages/PyQt5/bindings/QtMultimediaWidgets) by extension 'colcon_meta'
[0.924s] Level 1:colcon.colcon_core.package_identification:_identify(rospyvenv/lib/python3.10/site-packages/PyQt5/bindings/QtMultimediaWidgets) by extensions ['ros']
[0.924s] Level 1:colcon.colcon_core.package_identification:_identify(rospyvenv/lib/python3.10/site-packages/PyQt5/bindings/QtMultimediaWidgets) by extension 'ros'
[0.924s] Level 1:colcon.colcon_core.package_identification:_identify(rospyvenv/lib/python3.10/site-packages/PyQt5/bindings/QtMultimediaWidgets) by extensions ['cmake', 'python']
[0.924s] Level 1:colcon.colcon_core.package_identification:_identify(rospyvenv/lib/python3.10/site-packages/PyQt5/bindings/QtMultimediaWidgets) by extension 'cmake'
[0.924s] Level 1:colcon.colcon_core.package_identification:_identify(rospyvenv/lib/python3.10/site-packages/PyQt5/bindings/QtMultimediaWidgets) by extension 'python'
[0.924s] Level 1:colcon.colcon_core.package_identification:_identify(rospyvenv/lib/python3.10/site-packages/PyQt5/bindings/QtMultimediaWidgets) by extensions ['python_setup_py']
[0.924s] Level 1:colcon.colcon_core.package_identification:_identify(rospyvenv/lib/python3.10/site-packages/PyQt5/bindings/QtMultimediaWidgets) by extension 'python_setup_py'
[0.924s] Level 1:colcon.colcon_core.package_identification:_identify(rospyvenv/lib/python3.10/site-packages/PyQt5/bindings/QtNetwork) by extensions ['ignore', 'ignore_ament_install']
[0.925s] Level 1:colcon.colcon_core.package_identification:_identify(rospyvenv/lib/python3.10/site-packages/PyQt5/bindings/QtNetwork) by extension 'ignore'
[0.925s] Level 1:colcon.colcon_core.package_identification:_identify(rospyvenv/lib/python3.10/site-packages/PyQt5/bindings/QtNetwork) by extension 'ignore_ament_install'
[0.925s] Level 1:colcon.colcon_core.package_identification:_identify(rospyvenv/lib/python3.10/site-packages/PyQt5/bindings/QtNetwork) by extensions ['colcon_pkg']
[0.925s] Level 1:colcon.colcon_core.package_identification:_identify(rospyvenv/lib/python3.10/site-packages/PyQt5/bindings/QtNetwork) by extension 'colcon_pkg'
[0.925s] Level 1:colcon.colcon_core.package_identification:_identify(rospyvenv/lib/python3.10/site-packages/PyQt5/bindings/QtNetwork) by extensions ['colcon_meta']
[0.925s] Level 1:colcon.colcon_core.package_identification:_identify(rospyvenv/lib/python3.10/site-packages/PyQt5/bindings/QtNetwork) by extension 'colcon_meta'
[0.925s] Level 1:colcon.colcon_core.package_identification:_identify(rospyvenv/lib/python3.10/site-packages/PyQt5/bindings/QtNetwork) by extensions ['ros']
[0.925s] Level 1:colcon.colcon_core.package_identification:_identify(rospyvenv/lib/python3.10/site-packages/PyQt5/bindings/QtNetwork) by extension 'ros'
[0.925s] Level 1:colcon.colcon_core.package_identification:_identify(rospyvenv/lib/python3.10/site-packages/PyQt5/bindings/QtNetwork) by extensions ['cmake', 'python']
[0.925s] Level 1:colcon.colcon_core.package_identification:_identify(rospyvenv/lib/python3.10/site-packages/PyQt5/bindings/QtNetwork) by extension 'cmake'
[0.925s] Level 1:colcon.colcon_core.package_identification:_identify(rospyvenv/lib/python3.10/site-packages/PyQt5/bindings/QtNetwork) by extension 'python'
[0.925s] Level 1:colcon.colcon_core.package_identification:_identify(rospyvenv/lib/python3.10/site-packages/PyQt5/bindings/QtNetwork) by extensions ['python_setup_py']
[0.925s] Level 1:colcon.colcon_core.package_identification:_identify(rospyvenv/lib/python3.10/site-packages/PyQt5/bindings/QtNetwork) by extension 'python_setup_py'
[0.925s] Level 1:colcon.colcon_core.package_identification:_identify(rospyvenv/lib/python3.10/site-packages/PyQt5/bindings/QtNfc) by extensions ['ignore', 'ignore_ament_install']
[0.926s] Level 1:colcon.colcon_core.package_identification:_identify(rospyvenv/lib/python3.10/site-packages/PyQt5/bindings/QtNfc) by extension 'ignore'
[0.926s] Level 1:colcon.colcon_core.package_identification:_identify(rospyvenv/lib/python3.10/site-packages/PyQt5/bindings/QtNfc) by extension 'ignore_ament_install'
[0.926s] Level 1:colcon.colcon_core.package_identification:_identify(rospyvenv/lib/python3.10/site-packages/PyQt5/bindings/QtNfc) by extensions ['colcon_pkg']
[0.926s] Level 1:colcon.colcon_core.package_identification:_identify(rospyvenv/lib/python3.10/site-packages/PyQt5/bindings/QtNfc) by extension 'colcon_pkg'
[0.926s] Level 1:colcon.colcon_core.package_identification:_identify(rospyvenv/lib/python3.10/site-packages/PyQt5/bindings/QtNfc) by extensions ['colcon_meta']
[0.926s] Level 1:colcon.colcon_core.package_identification:_identify(rospyvenv/lib/python3.10/site-packages/PyQt5/bindings/QtNfc) by extension 'colcon_meta'
[0.926s] Level 1:colcon.colcon_core.package_identification:_identify(rospyvenv/lib/python3.10/site-packages/PyQt5/bindings/QtNfc) by extensions ['ros']
[0.926s] Level 1:colcon.colcon_core.package_identification:_identify(rospyvenv/lib/python3.10/site-packages/PyQt5/bindings/QtNfc) by extension 'ros'
[0.926s] Level 1:colcon.colcon_core.package_identification:_identify(rospyvenv/lib/python3.10/site-packages/PyQt5/bindings/QtNfc) by extensions ['cmake', 'python']
[0.926s] Level 1:colcon.colcon_core.package_identification:_identify(rospyvenv/lib/python3.10/site-packages/PyQt5/bindings/QtNfc) by extension 'cmake'
[0.926s] Level 1:colcon.colcon_core.package_identification:_identify(rospyvenv/lib/python3.10/site-packages/PyQt5/bindings/QtNfc) by extension 'python'
[0.926s] Level 1:colcon.colcon_core.package_identification:_identify(rospyvenv/lib/python3.10/site-packages/PyQt5/bindings/QtNfc) by extensions ['python_setup_py']
[0.926s] Level 1:colcon.colcon_core.package_identification:_identify(rospyvenv/lib/python3.10/site-packages/PyQt5/bindings/QtNfc) by extension 'python_setup_py'
[0.927s] Level 1:colcon.colcon_core.package_identification:_identify(rospyvenv/lib/python3.10/site-packages/PyQt5/bindings/QtOpenGL) by extensions ['ignore', 'ignore_ament_install']
[0.927s] Level 1:colcon.colcon_core.package_identification:_identify(rospyvenv/lib/python3.10/site-packages/PyQt5/bindings/QtOpenGL) by extension 'ignore'
[0.927s] Level 1:colcon.colcon_core.package_identification:_identify(rospyvenv/lib/python3.10/site-packages/PyQt5/bindings/QtOpenGL) by extension 'ignore_ament_install'
[0.927s] Level 1:colcon.colcon_core.package_identification:_identify(rospyvenv/lib/python3.10/site-packages/PyQt5/bindings/QtOpenGL) by extensions ['colcon_pkg']
[0.927s] Level 1:colcon.colcon_core.package_identification:_identify(rospyvenv/lib/python3.10/site-packages/PyQt5/bindings/QtOpenGL) by extension 'colcon_pkg'
[0.927s] Level 1:colcon.colcon_core.package_identification:_identify(rospyvenv/lib/python3.10/site-packages/PyQt5/bindings/QtOpenGL) by extensions ['colcon_meta']
[0.927s] Level 1:colcon.colcon_core.package_identification:_identify(rospyvenv/lib/python3.10/site-packages/PyQt5/bindings/QtOpenGL) by extension 'colcon_meta'
[0.927s] Level 1:colcon.colcon_core.package_identification:_identify(rospyvenv/lib/python3.10/site-packages/PyQt5/bindings/QtOpenGL) by extensions ['ros']
[0.927s] Level 1:colcon.colcon_core.package_identification:_identify(rospyvenv/lib/python3.10/site-packages/PyQt5/bindings/QtOpenGL) by extension 'ros'
[0.927s] Level 1:colcon.colcon_core.package_identification:_identify(rospyvenv/lib/python3.10/site-packages/PyQt5/bindings/QtOpenGL) by extensions ['cmake', 'python']
[0.927s] Level 1:colcon.colcon_core.package_identification:_identify(rospyvenv/lib/python3.10/site-packages/PyQt5/bindings/QtOpenGL) by extension 'cmake'
[0.927s] Level 1:colcon.colcon_core.package_identification:_identify(rospyvenv/lib/python3.10/site-packages/PyQt5/bindings/QtOpenGL) by extension 'python'
[0.927s] Level 1:colcon.colcon_core.package_identification:_identify(rospyvenv/lib/python3.10/site-packages/PyQt5/bindings/QtOpenGL) by extensions ['python_setup_py']
[0.927s] Level 1:colcon.colcon_core.package_identification:_identify(rospyvenv/lib/python3.10/site-packages/PyQt5/bindings/QtOpenGL) by extension 'python_setup_py'
[0.927s] Level 1:colcon.colcon_core.package_identification:_identify(rospyvenv/lib/python3.10/site-packages/PyQt5/bindings/QtPositioning) by extensions ['ignore', 'ignore_ament_install']
[0.927s] Level 1:colcon.colcon_core.package_identification:_identify(rospyvenv/lib/python3.10/site-packages/PyQt5/bindings/QtPositioning) by extension 'ignore'
[0.928s] Level 1:colcon.colcon_core.package_identification:_identify(rospyvenv/lib/python3.10/site-packages/PyQt5/bindings/QtPositioning) by extension 'ignore_ament_install'
[0.928s] Level 1:colcon.colcon_core.package_identification:_identify(rospyvenv/lib/python3.10/site-packages/PyQt5/bindings/QtPositioning) by extensions ['colcon_pkg']
[0.928s] Level 1:colcon.colcon_core.package_identification:_identify(rospyvenv/lib/python3.10/site-packages/PyQt5/bindings/QtPositioning) by extension 'colcon_pkg'
[0.928s] Level 1:colcon.colcon_core.package_identification:_identify(rospyvenv/lib/python3.10/site-packages/PyQt5/bindings/QtPositioning) by extensions ['colcon_meta']
[0.928s] Level 1:colcon.colcon_core.package_identification:_identify(rospyvenv/lib/python3.10/site-packages/PyQt5/bindings/QtPositioning) by extension 'colcon_meta'
[0.928s] Level 1:colcon.colcon_core.package_identification:_identify(rospyvenv/lib/python3.10/site-packages/PyQt5/bindings/QtPositioning) by extensions ['ros']
[0.928s] Level 1:colcon.colcon_core.package_identification:_identify(rospyvenv/lib/python3.10/site-packages/PyQt5/bindings/QtPositioning) by extension 'ros'
[0.928s] Level 1:colcon.colcon_core.package_identification:_identify(rospyvenv/lib/python3.10/site-packages/PyQt5/bindings/QtPositioning) by extensions ['cmake', 'python']
[0.928s] Level 1:colcon.colcon_core.package_identification:_identify(rospyvenv/lib/python3.10/site-packages/PyQt5/bindings/QtPositioning) by extension 'cmake'
[0.928s] Level 1:colcon.colcon_core.package_identification:_identify(rospyvenv/lib/python3.10/site-packages/PyQt5/bindings/QtPositioning) by extension 'python'
[0.928s] Level 1:colcon.colcon_core.package_identification:_identify(rospyvenv/lib/python3.10/site-packages/PyQt5/bindings/QtPositioning) by extensions ['python_setup_py']
[0.928s] Level 1:colcon.colcon_core.package_identification:_identify(rospyvenv/lib/python3.10/site-packages/PyQt5/bindings/QtPositioning) by extension 'python_setup_py'
[0.928s] Level 1:colcon.colcon_core.package_identification:_identify(rospyvenv/lib/python3.10/site-packages/PyQt5/bindings/QtPrintSupport) by extensions ['ignore', 'ignore_ament_install']
[0.928s] Level 1:colcon.colcon_core.package_identification:_identify(rospyvenv/lib/python3.10/site-packages/PyQt5/bindings/QtPrintSupport) by extension 'ignore'
[0.928s] Level 1:colcon.colcon_core.package_identification:_identify(rospyvenv/lib/python3.10/site-packages/PyQt5/bindings/QtPrintSupport) by extension 'ignore_ament_install'
[0.928s] Level 1:colcon.colcon_core.package_identification:_identify(rospyvenv/lib/python3.10/site-packages/PyQt5/bindings/QtPrintSupport) by extensions ['colcon_pkg']
[0.928s] Level 1:colcon.colcon_core.package_identification:_identify(rospyvenv/lib/python3.10/site-packages/PyQt5/bindings/QtPrintSupport) by extension 'colcon_pkg'
[0.929s] Level 1:colcon.colcon_core.package_identification:_identify(rospyvenv/lib/python3.10/site-packages/PyQt5/bindings/QtPrintSupport) by extensions ['colcon_meta']
[0.929s] Level 1:colcon.colcon_core.package_identification:_identify(rospyvenv/lib/python3.10/site-packages/PyQt5/bindings/QtPrintSupport) by extension 'colcon_meta'
[0.929s] Level 1:colcon.colcon_core.package_identification:_identify(rospyvenv/lib/python3.10/site-packages/PyQt5/bindings/QtPrintSupport) by extensions ['ros']
[0.929s] Level 1:colcon.colcon_core.package_identification:_identify(rospyvenv/lib/python3.10/site-packages/PyQt5/bindings/QtPrintSupport) by extension 'ros'
[0.929s] Level 1:colcon.colcon_core.package_identification:_identify(rospyvenv/lib/python3.10/site-packages/PyQt5/bindings/QtPrintSupport) by extensions ['cmake', 'python']
[0.929s] Level 1:colcon.colcon_core.package_identification:_identify(rospyvenv/lib/python3.10/site-packages/PyQt5/bindings/QtPrintSupport) by extension 'cmake'
[0.929s] Level 1:colcon.colcon_core.package_identification:_identify(rospyvenv/lib/python3.10/site-packages/PyQt5/bindings/QtPrintSupport) by extension 'python'
[0.929s] Level 1:colcon.colcon_core.package_identification:_identify(rospyvenv/lib/python3.10/site-packages/PyQt5/bindings/QtPrintSupport) by extensions ['python_setup_py']
[0.929s] Level 1:colcon.colcon_core.package_identification:_identify(rospyvenv/lib/python3.10/site-packages/PyQt5/bindings/QtPrintSupport) by extension 'python_setup_py'
[0.929s] Level 1:colcon.colcon_core.package_identification:_identify(rospyvenv/lib/python3.10/site-packages/PyQt5/bindings/QtQml) by extensions ['ignore', 'ignore_ament_install']
[0.929s] Level 1:colcon.colcon_core.package_identification:_identify(rospyvenv/lib/python3.10/site-packages/PyQt5/bindings/QtQml) by extension 'ignore'
[0.929s] Level 1:colcon.colcon_core.package_identification:_identify(rospyvenv/lib/python3.10/site-packages/PyQt5/bindings/QtQml) by extension 'ignore_ament_install'
[0.929s] Level 1:colcon.colcon_core.package_identification:_identify(rospyvenv/lib/python3.10/site-packages/PyQt5/bindings/QtQml) by extensions ['colcon_pkg']
[0.929s] Level 1:colcon.colcon_core.package_identification:_identify(rospyvenv/lib/python3.10/site-packages/PyQt5/bindings/QtQml) by extension 'colcon_pkg'
[0.929s] Level 1:colcon.colcon_core.package_identification:_identify(rospyvenv/lib/python3.10/site-packages/PyQt5/bindings/QtQml) by extensions ['colcon_meta']
[0.929s] Level 1:colcon.colcon_core.package_identification:_identify(rospyvenv/lib/python3.10/site-packages/PyQt5/bindings/QtQml) by extension 'colcon_meta'
[0.930s] Level 1:colcon.colcon_core.package_identification:_identify(rospyvenv/lib/python3.10/site-packages/PyQt5/bindings/QtQml) by extensions ['ros']
[0.930s] Level 1:colcon.colcon_core.package_identification:_identify(rospyvenv/lib/python3.10/site-packages/PyQt5/bindings/QtQml) by extension 'ros'
[0.930s] Level 1:colcon.colcon_core.package_identification:_identify(rospyvenv/lib/python3.10/site-packages/PyQt5/bindings/QtQml) by extensions ['cmake', 'python']
[0.930s] Level 1:colcon.colcon_core.package_identification:_identify(rospyvenv/lib/python3.10/site-packages/PyQt5/bindings/QtQml) by extension 'cmake'
[0.930s] Level 1:colcon.colcon_core.package_identification:_identify(rospyvenv/lib/python3.10/site-packages/PyQt5/bindings/QtQml) by extension 'python'
[0.930s] Level 1:colcon.colcon_core.package_identification:_identify(rospyvenv/lib/python3.10/site-packages/PyQt5/bindings/QtQml) by extensions ['python_setup_py']
[0.930s] Level 1:colcon.colcon_core.package_identification:_identify(rospyvenv/lib/python3.10/site-packages/PyQt5/bindings/QtQml) by extension 'python_setup_py'
[0.930s] Level 1:colcon.colcon_core.package_identification:_identify(rospyvenv/lib/python3.10/site-packages/PyQt5/bindings/QtQuick) by extensions ['ignore', 'ignore_ament_install']
[0.930s] Level 1:colcon.colcon_core.package_identification:_identify(rospyvenv/lib/python3.10/site-packages/PyQt5/bindings/QtQuick) by extension 'ignore'
[0.930s] Level 1:colcon.colcon_core.package_identification:_identify(rospyvenv/lib/python3.10/site-packages/PyQt5/bindings/QtQuick) by extension 'ignore_ament_install'
[0.930s] Level 1:colcon.colcon_core.package_identification:_identify(rospyvenv/lib/python3.10/site-packages/PyQt5/bindings/QtQuick) by extensions ['colcon_pkg']
[0.930s] Level 1:colcon.colcon_core.package_identification:_identify(rospyvenv/lib/python3.10/site-packages/PyQt5/bindings/QtQuick) by extension 'colcon_pkg'
[0.930s] Level 1:colcon.colcon_core.package_identification:_identify(rospyvenv/lib/python3.10/site-packages/PyQt5/bindings/QtQuick) by extensions ['colcon_meta']
[0.930s] Level 1:colcon.colcon_core.package_identification:_identify(rospyvenv/lib/python3.10/site-packages/PyQt5/bindings/QtQuick) by extension 'colcon_meta'
[0.930s] Level 1:colcon.colcon_core.package_identification:_identify(rospyvenv/lib/python3.10/site-packages/PyQt5/bindings/QtQuick) by extensions ['ros']
[0.930s] Level 1:colcon.colcon_core.package_identification:_identify(rospyvenv/lib/python3.10/site-packages/PyQt5/bindings/QtQuick) by extension 'ros'
[0.931s] Level 1:colcon.colcon_core.package_identification:_identify(rospyvenv/lib/python3.10/site-packages/PyQt5/bindings/QtQuick) by extensions ['cmake', 'python']
[0.931s] Level 1:colcon.colcon_core.package_identification:_identify(rospyvenv/lib/python3.10/site-packages/PyQt5/bindings/QtQuick) by extension 'cmake'
[0.931s] Level 1:colcon.colcon_core.package_identification:_identify(rospyvenv/lib/python3.10/site-packages/PyQt5/bindings/QtQuick) by extension 'python'
[0.931s] Level 1:colcon.colcon_core.package_identification:_identify(rospyvenv/lib/python3.10/site-packages/PyQt5/bindings/QtQuick) by extensions ['python_setup_py']
[0.931s] Level 1:colcon.colcon_core.package_identification:_identify(rospyvenv/lib/python3.10/site-packages/PyQt5/bindings/QtQuick) by extension 'python_setup_py'
[0.931s] Level 1:colcon.colcon_core.package_identification:_identify(rospyvenv/lib/python3.10/site-packages/PyQt5/bindings/QtQuick3D) by extensions ['ignore', 'ignore_ament_install']
[0.931s] Level 1:colcon.colcon_core.package_identification:_identify(rospyvenv/lib/python3.10/site-packages/PyQt5/bindings/QtQuick3D) by extension 'ignore'
[0.931s] Level 1:colcon.colcon_core.package_identification:_identify(rospyvenv/lib/python3.10/site-packages/PyQt5/bindings/QtQuick3D) by extension 'ignore_ament_install'
[0.931s] Level 1:colcon.colcon_core.package_identification:_identify(rospyvenv/lib/python3.10/site-packages/PyQt5/bindings/QtQuick3D) by extensions ['colcon_pkg']
[0.931s] Level 1:colcon.colcon_core.package_identification:_identify(rospyvenv/lib/python3.10/site-packages/PyQt5/bindings/QtQuick3D) by extension 'colcon_pkg'
[0.931s] Level 1:colcon.colcon_core.package_identification:_identify(rospyvenv/lib/python3.10/site-packages/PyQt5/bindings/QtQuick3D) by extensions ['colcon_meta']
[0.931s] Level 1:colcon.colcon_core.package_identification:_identify(rospyvenv/lib/python3.10/site-packages/PyQt5/bindings/QtQuick3D) by extension 'colcon_meta'
[0.931s] Level 1:colcon.colcon_core.package_identification:_identify(rospyvenv/lib/python3.10/site-packages/PyQt5/bindings/QtQuick3D) by extensions ['ros']
[0.931s] Level 1:colcon.colcon_core.package_identification:_identify(rospyvenv/lib/python3.10/site-packages/PyQt5/bindings/QtQuick3D) by extension 'ros'
[0.931s] Level 1:colcon.colcon_core.package_identification:_identify(rospyvenv/lib/python3.10/site-packages/PyQt5/bindings/QtQuick3D) by extensions ['cmake', 'python']
[0.931s] Level 1:colcon.colcon_core.package_identification:_identify(rospyvenv/lib/python3.10/site-packages/PyQt5/bindings/QtQuick3D) by extension 'cmake'
[0.931s] Level 1:colcon.colcon_core.package_identification:_identify(rospyvenv/lib/python3.10/site-packages/PyQt5/bindings/QtQuick3D) by extension 'python'
[0.931s] Level 1:colcon.colcon_core.package_identification:_identify(rospyvenv/lib/python3.10/site-packages/PyQt5/bindings/QtQuick3D) by extensions ['python_setup_py']
[0.931s] Level 1:colcon.colcon_core.package_identification:_identify(rospyvenv/lib/python3.10/site-packages/PyQt5/bindings/QtQuick3D) by extension 'python_setup_py'
[0.932s] Level 1:colcon.colcon_core.package_identification:_identify(rospyvenv/lib/python3.10/site-packages/PyQt5/bindings/QtQuickWidgets) by extensions ['ignore', 'ignore_ament_install']
[0.932s] Level 1:colcon.colcon_core.package_identification:_identify(rospyvenv/lib/python3.10/site-packages/PyQt5/bindings/QtQuickWidgets) by extension 'ignore'
[0.932s] Level 1:colcon.colcon_core.package_identification:_identify(rospyvenv/lib/python3.10/site-packages/PyQt5/bindings/QtQuickWidgets) by extension 'ignore_ament_install'
[0.932s] Level 1:colcon.colcon_core.package_identification:_identify(rospyvenv/lib/python3.10/site-packages/PyQt5/bindings/QtQuickWidgets) by extensions ['colcon_pkg']
[0.932s] Level 1:colcon.colcon_core.package_identification:_identify(rospyvenv/lib/python3.10/site-packages/PyQt5/bindings/QtQuickWidgets) by extension 'colcon_pkg'
[0.932s] Level 1:colcon.colcon_core.package_identification:_identify(rospyvenv/lib/python3.10/site-packages/PyQt5/bindings/QtQuickWidgets) by extensions ['colcon_meta']
[0.932s] Level 1:colcon.colcon_core.package_identification:_identify(rospyvenv/lib/python3.10/site-packages/PyQt5/bindings/QtQuickWidgets) by extension 'colcon_meta'
[0.932s] Level 1:colcon.colcon_core.package_identification:_identify(rospyvenv/lib/python3.10/site-packages/PyQt5/bindings/QtQuickWidgets) by extensions ['ros']
[0.932s] Level 1:colcon.colcon_core.package_identification:_identify(rospyvenv/lib/python3.10/site-packages/PyQt5/bindings/QtQuickWidgets) by extension 'ros'
[0.932s] Level 1:colcon.colcon_core.package_identification:_identify(rospyvenv/lib/python3.10/site-packages/PyQt5/bindings/QtQuickWidgets) by extensions ['cmake', 'python']
[0.932s] Level 1:colcon.colcon_core.package_identification:_identify(rospyvenv/lib/python3.10/site-packages/PyQt5/bindings/QtQuickWidgets) by extension 'cmake'
[0.932s] Level 1:colcon.colcon_core.package_identification:_identify(rospyvenv/lib/python3.10/site-packages/PyQt5/bindings/QtQuickWidgets) by extension 'python'
[0.932s] Level 1:colcon.colcon_core.package_identification:_identify(rospyvenv/lib/python3.10/site-packages/PyQt5/bindings/QtQuickWidgets) by extensions ['python_setup_py']
[0.932s] Level 1:colcon.colcon_core.package_identification:_identify(rospyvenv/lib/python3.10/site-packages/PyQt5/bindings/QtQuickWidgets) by extension 'python_setup_py'
[0.933s] Level 1:colcon.colcon_core.package_identification:_identify(rospyvenv/lib/python3.10/site-packages/PyQt5/bindings/QtRemoteObjects) by extensions ['ignore', 'ignore_ament_install']
[0.933s] Level 1:colcon.colcon_core.package_identification:_identify(rospyvenv/lib/python3.10/site-packages/PyQt5/bindings/QtRemoteObjects) by extension 'ignore'
[0.933s] Level 1:colcon.colcon_core.package_identification:_identify(rospyvenv/lib/python3.10/site-packages/PyQt5/bindings/QtRemoteObjects) by extension 'ignore_ament_install'
[0.933s] Level 1:colcon.colcon_core.package_identification:_identify(rospyvenv/lib/python3.10/site-packages/PyQt5/bindings/QtRemoteObjects) by extensions ['colcon_pkg']
[0.933s] Level 1:colcon.colcon_core.package_identification:_identify(rospyvenv/lib/python3.10/site-packages/PyQt5/bindings/QtRemoteObjects) by extension 'colcon_pkg'
[0.933s] Level 1:colcon.colcon_core.package_identification:_identify(rospyvenv/lib/python3.10/site-packages/PyQt5/bindings/QtRemoteObjects) by extensions ['colcon_meta']
[0.933s] Level 1:colcon.colcon_core.package_identification:_identify(rospyvenv/lib/python3.10/site-packages/PyQt5/bindings/QtRemoteObjects) by extension 'colcon_meta'
[0.933s] Level 1:colcon.colcon_core.package_identification:_identify(rospyvenv/lib/python3.10/site-packages/PyQt5/bindings/QtRemoteObjects) by extensions ['ros']
[0.933s] Level 1:colcon.colcon_core.package_identification:_identify(rospyvenv/lib/python3.10/site-packages/PyQt5/bindings/QtRemoteObjects) by extension 'ros'
[0.933s] Level 1:colcon.colcon_core.package_identification:_identify(rospyvenv/lib/python3.10/site-packages/PyQt5/bindings/QtRemoteObjects) by extensions ['cmake', 'python']
[0.933s] Level 1:colcon.colcon_core.package_identification:_identify(rospyvenv/lib/python3.10/site-packages/PyQt5/bindings/QtRemoteObjects) by extension 'cmake'
[0.933s] Level 1:colcon.colcon_core.package_identification:_identify(rospyvenv/lib/python3.10/site-packages/PyQt5/bindings/QtRemoteObjects) by extension 'python'
[0.933s] Level 1:colcon.colcon_core.package_identification:_identify(rospyvenv/lib/python3.10/site-packages/PyQt5/bindings/QtRemoteObjects) by extensions ['python_setup_py']
[0.933s] Level 1:colcon.colcon_core.package_identification:_identify(rospyvenv/lib/python3.10/site-packages/PyQt5/bindings/QtRemoteObjects) by extension 'python_setup_py'
[0.933s] Level 1:colcon.colcon_core.package_identification:_identify(rospyvenv/lib/python3.10/site-packages/PyQt5/bindings/QtSensors) by extensions ['ignore', 'ignore_ament_install']
[0.933s] Level 1:colcon.colcon_core.package_identification:_identify(rospyvenv/lib/python3.10/site-packages/PyQt5/bindings/QtSensors) by extension 'ignore'
[0.934s] Level 1:colcon.colcon_core.package_identification:_identify(rospyvenv/lib/python3.10/site-packages/PyQt5/bindings/QtSensors) by extension 'ignore_ament_install'
[0.934s] Level 1:colcon.colcon_core.package_identification:_identify(rospyvenv/lib/python3.10/site-packages/PyQt5/bindings/QtSensors) by extensions ['colcon_pkg']
[0.934s] Level 1:colcon.colcon_core.package_identification:_identify(rospyvenv/lib/python3.10/site-packages/PyQt5/bindings/QtSensors) by extension 'colcon_pkg'
[0.934s] Level 1:colcon.colcon_core.package_identification:_identify(rospyvenv/lib/python3.10/site-packages/PyQt5/bindings/QtSensors) by extensions ['colcon_meta']
[0.934s] Level 1:colcon.colcon_core.package_identification:_identify(rospyvenv/lib/python3.10/site-packages/PyQt5/bindings/QtSensors) by extension 'colcon_meta'
[0.934s] Level 1:colcon.colcon_core.package_identification:_identify(rospyvenv/lib/python3.10/site-packages/PyQt5/bindings/QtSensors) by extensions ['ros']
[0.934s] Level 1:colcon.colcon_core.package_identification:_identify(rospyvenv/lib/python3.10/site-packages/PyQt5/bindings/QtSensors) by extension 'ros'
[0.934s] Level 1:colcon.colcon_core.package_identification:_identify(rospyvenv/lib/python3.10/site-packages/PyQt5/bindings/QtSensors) by extensions ['cmake', 'python']
[0.934s] Level 1:colcon.colcon_core.package_identification:_identify(rospyvenv/lib/python3.10/site-packages/PyQt5/bindings/QtSensors) by extension 'cmake'
[0.934s] Level 1:colcon.colcon_core.package_identification:_identify(rospyvenv/lib/python3.10/site-packages/PyQt5/bindings/QtSensors) by extension 'python'
[0.934s] Level 1:colcon.colcon_core.package_identification:_identify(rospyvenv/lib/python3.10/site-packages/PyQt5/bindings/QtSensors) by extensions ['python_setup_py']
[0.934s] Level 1:colcon.colcon_core.package_identification:_identify(rospyvenv/lib/python3.10/site-packages/PyQt5/bindings/QtSensors) by extension 'python_setup_py'
[0.934s] Level 1:colcon.colcon_core.package_identification:_identify(rospyvenv/lib/python3.10/site-packages/PyQt5/bindings/QtSerialPort) by extensions ['ignore', 'ignore_ament_install']
[0.934s] Level 1:colcon.colcon_core.package_identification:_identify(rospyvenv/lib/python3.10/site-packages/PyQt5/bindings/QtSerialPort) by extension 'ignore'
[0.934s] Level 1:colcon.colcon_core.package_identification:_identify(rospyvenv/lib/python3.10/site-packages/PyQt5/bindings/QtSerialPort) by extension 'ignore_ament_install'
[0.935s] Level 1:colcon.colcon_core.package_identification:_identify(rospyvenv/lib/python3.10/site-packages/PyQt5/bindings/QtSerialPort) by extensions ['colcon_pkg']
[0.935s] Level 1:colcon.colcon_core.package_identification:_identify(rospyvenv/lib/python3.10/site-packages/PyQt5/bindings/QtSerialPort) by extension 'colcon_pkg'
[0.935s] Level 1:colcon.colcon_core.package_identification:_identify(rospyvenv/lib/python3.10/site-packages/PyQt5/bindings/QtSerialPort) by extensions ['colcon_meta']
[0.935s] Level 1:colcon.colcon_core.package_identification:_identify(rospyvenv/lib/python3.10/site-packages/PyQt5/bindings/QtSerialPort) by extension 'colcon_meta'
[0.935s] Level 1:colcon.colcon_core.package_identification:_identify(rospyvenv/lib/python3.10/site-packages/PyQt5/bindings/QtSerialPort) by extensions ['ros']
[0.935s] Level 1:colcon.colcon_core.package_identification:_identify(rospyvenv/lib/python3.10/site-packages/PyQt5/bindings/QtSerialPort) by extension 'ros'
[0.935s] Level 1:colcon.colcon_core.package_identification:_identify(rospyvenv/lib/python3.10/site-packages/PyQt5/bindings/QtSerialPort) by extensions ['cmake', 'python']
[0.935s] Level 1:colcon.colcon_core.package_identification:_identify(rospyvenv/lib/python3.10/site-packages/PyQt5/bindings/QtSerialPort) by extension 'cmake'
[0.935s] Level 1:colcon.colcon_core.package_identification:_identify(rospyvenv/lib/python3.10/site-packages/PyQt5/bindings/QtSerialPort) by extension 'python'
[0.935s] Level 1:colcon.colcon_core.package_identification:_identify(rospyvenv/lib/python3.10/site-packages/PyQt5/bindings/QtSerialPort) by extensions ['python_setup_py']
[0.935s] Level 1:colcon.colcon_core.package_identification:_identify(rospyvenv/lib/python3.10/site-packages/PyQt5/bindings/QtSerialPort) by extension 'python_setup_py'
[0.935s] Level 1:colcon.colcon_core.package_identification:_identify(rospyvenv/lib/python3.10/site-packages/PyQt5/bindings/QtSql) by extensions ['ignore', 'ignore_ament_install']
[0.935s] Level 1:colcon.colcon_core.package_identification:_identify(rospyvenv/lib/python3.10/site-packages/PyQt5/bindings/QtSql) by extension 'ignore'
[0.935s] Level 1:colcon.colcon_core.package_identification:_identify(rospyvenv/lib/python3.10/site-packages/PyQt5/bindings/QtSql) by extension 'ignore_ament_install'
[0.935s] Level 1:colcon.colcon_core.package_identification:_identify(rospyvenv/lib/python3.10/site-packages/PyQt5/bindings/QtSql) by extensions ['colcon_pkg']
[0.935s] Level 1:colcon.colcon_core.package_identification:_identify(rospyvenv/lib/python3.10/site-packages/PyQt5/bindings/QtSql) by extension 'colcon_pkg'
[0.935s] Level 1:colcon.colcon_core.package_identification:_identify(rospyvenv/lib/python3.10/site-packages/PyQt5/bindings/QtSql) by extensions ['colcon_meta']
[0.935s] Level 1:colcon.colcon_core.package_identification:_identify(rospyvenv/lib/python3.10/site-packages/PyQt5/bindings/QtSql) by extension 'colcon_meta'
[0.935s] Level 1:colcon.colcon_core.package_identification:_identify(rospyvenv/lib/python3.10/site-packages/PyQt5/bindings/QtSql) by extensions ['ros']
[0.935s] Level 1:colcon.colcon_core.package_identification:_identify(rospyvenv/lib/python3.10/site-packages/PyQt5/bindings/QtSql) by extension 'ros'
[0.936s] Level 1:colcon.colcon_core.package_identification:_identify(rospyvenv/lib/python3.10/site-packages/PyQt5/bindings/QtSql) by extensions ['cmake', 'python']
[0.936s] Level 1:colcon.colcon_core.package_identification:_identify(rospyvenv/lib/python3.10/site-packages/PyQt5/bindings/QtSql) by extension 'cmake'
[0.936s] Level 1:colcon.colcon_core.package_identification:_identify(rospyvenv/lib/python3.10/site-packages/PyQt5/bindings/QtSql) by extension 'python'
[0.936s] Level 1:colcon.colcon_core.package_identification:_identify(rospyvenv/lib/python3.10/site-packages/PyQt5/bindings/QtSql) by extensions ['python_setup_py']
[0.936s] Level 1:colcon.colcon_core.package_identification:_identify(rospyvenv/lib/python3.10/site-packages/PyQt5/bindings/QtSql) by extension 'python_setup_py'
[0.936s] Level 1:colcon.colcon_core.package_identification:_identify(rospyvenv/lib/python3.10/site-packages/PyQt5/bindings/QtSvg) by extensions ['ignore', 'ignore_ament_install']
[0.936s] Level 1:colcon.colcon_core.package_identification:_identify(rospyvenv/lib/python3.10/site-packages/PyQt5/bindings/QtSvg) by extension 'ignore'
[0.936s] Level 1:colcon.colcon_core.package_identification:_identify(rospyvenv/lib/python3.10/site-packages/PyQt5/bindings/QtSvg) by extension 'ignore_ament_install'
[0.936s] Level 1:colcon.colcon_core.package_identification:_identify(rospyvenv/lib/python3.10/site-packages/PyQt5/bindings/QtSvg) by extensions ['colcon_pkg']
[0.936s] Level 1:colcon.colcon_core.package_identification:_identify(rospyvenv/lib/python3.10/site-packages/PyQt5/bindings/QtSvg) by extension 'colcon_pkg'
[0.936s] Level 1:colcon.colcon_core.package_identification:_identify(rospyvenv/lib/python3.10/site-packages/PyQt5/bindings/QtSvg) by extensions ['colcon_meta']
[0.936s] Level 1:colcon.colcon_core.package_identification:_identify(rospyvenv/lib/python3.10/site-packages/PyQt5/bindings/QtSvg) by extension 'colcon_meta'
[0.936s] Level 1:colcon.colcon_core.package_identification:_identify(rospyvenv/lib/python3.10/site-packages/PyQt5/bindings/QtSvg) by extensions ['ros']
[0.936s] Level 1:colcon.colcon_core.package_identification:_identify(rospyvenv/lib/python3.10/site-packages/PyQt5/bindings/QtSvg) by extension 'ros'
[0.936s] Level 1:colcon.colcon_core.package_identification:_identify(rospyvenv/lib/python3.10/site-packages/PyQt5/bindings/QtSvg) by extensions ['cmake', 'python']
[0.936s] Level 1:colcon.colcon_core.package_identification:_identify(rospyvenv/lib/python3.10/site-packages/PyQt5/bindings/QtSvg) by extension 'cmake'
[0.936s] Level 1:colcon.colcon_core.package_identification:_identify(rospyvenv/lib/python3.10/site-packages/PyQt5/bindings/QtSvg) by extension 'python'
[0.937s] Level 1:colcon.colcon_core.package_identification:_identify(rospyvenv/lib/python3.10/site-packages/PyQt5/bindings/QtSvg) by extensions ['python_setup_py']
[0.937s] Level 1:colcon.colcon_core.package_identification:_identify(rospyvenv/lib/python3.10/site-packages/PyQt5/bindings/QtSvg) by extension 'python_setup_py'
[0.937s] Level 1:colcon.colcon_core.package_identification:_identify(rospyvenv/lib/python3.10/site-packages/PyQt5/bindings/QtTest) by extensions ['ignore', 'ignore_ament_install']
[0.937s] Level 1:colcon.colcon_core.package_identification:_identify(rospyvenv/lib/python3.10/site-packages/PyQt5/bindings/QtTest) by extension 'ignore'
[0.937s] Level 1:colcon.colcon_core.package_identification:_identify(rospyvenv/lib/python3.10/site-packages/PyQt5/bindings/QtTest) by extension 'ignore_ament_install'
[0.937s] Level 1:colcon.colcon_core.package_identification:_identify(rospyvenv/lib/python3.10/site-packages/PyQt5/bindings/QtTest) by extensions ['colcon_pkg']
[0.937s] Level 1:colcon.colcon_core.package_identification:_identify(rospyvenv/lib/python3.10/site-packages/PyQt5/bindings/QtTest) by extension 'colcon_pkg'
[0.937s] Level 1:colcon.colcon_core.package_identification:_identify(rospyvenv/lib/python3.10/site-packages/PyQt5/bindings/QtTest) by extensions ['colcon_meta']
[0.937s] Level 1:colcon.colcon_core.package_identification:_identify(rospyvenv/lib/python3.10/site-packages/PyQt5/bindings/QtTest) by extension 'colcon_meta'
[0.937s] Level 1:colcon.colcon_core.package_identification:_identify(rospyvenv/lib/python3.10/site-packages/PyQt5/bindings/QtTest) by extensions ['ros']
[0.937s] Level 1:colcon.colcon_core.package_identification:_identify(rospyvenv/lib/python3.10/site-packages/PyQt5/bindings/QtTest) by extension 'ros'
[0.937s] Level 1:colcon.colcon_core.package_identification:_identify(rospyvenv/lib/python3.10/site-packages/PyQt5/bindings/QtTest) by extensions ['cmake', 'python']
[0.937s] Level 1:colcon.colcon_core.package_identification:_identify(rospyvenv/lib/python3.10/site-packages/PyQt5/bindings/QtTest) by extension 'cmake'
[0.937s] Level 1:colcon.colcon_core.package_identification:_identify(rospyvenv/lib/python3.10/site-packages/PyQt5/bindings/QtTest) by extension 'python'
[0.937s] Level 1:colcon.colcon_core.package_identification:_identify(rospyvenv/lib/python3.10/site-packages/PyQt5/bindings/QtTest) by extensions ['python_setup_py']
[0.937s] Level 1:colcon.colcon_core.package_identification:_identify(rospyvenv/lib/python3.10/site-packages/PyQt5/bindings/QtTest) by extension 'python_setup_py'
[0.938s] Level 1:colcon.colcon_core.package_identification:_identify(rospyvenv/lib/python3.10/site-packages/PyQt5/bindings/QtTextToSpeech) by extensions ['ignore', 'ignore_ament_install']
[0.938s] Level 1:colcon.colcon_core.package_identification:_identify(rospyvenv/lib/python3.10/site-packages/PyQt5/bindings/QtTextToSpeech) by extension 'ignore'
[0.938s] Level 1:colcon.colcon_core.package_identification:_identify(rospyvenv/lib/python3.10/site-packages/PyQt5/bindings/QtTextToSpeech) by extension 'ignore_ament_install'
[0.938s] Level 1:colcon.colcon_core.package_identification:_identify(rospyvenv/lib/python3.10/site-packages/PyQt5/bindings/QtTextToSpeech) by extensions ['colcon_pkg']
[0.938s] Level 1:colcon.colcon_core.package_identification:_identify(rospyvenv/lib/python3.10/site-packages/PyQt5/bindings/QtTextToSpeech) by extension 'colcon_pkg'
[0.938s] Level 1:colcon.colcon_core.package_identification:_identify(rospyvenv/lib/python3.10/site-packages/PyQt5/bindings/QtTextToSpeech) by extensions ['colcon_meta']
[0.938s] Level 1:colcon.colcon_core.package_identification:_identify(rospyvenv/lib/python3.10/site-packages/PyQt5/bindings/QtTextToSpeech) by extension 'colcon_meta'
[0.938s] Level 1:colcon.colcon_core.package_identification:_identify(rospyvenv/lib/python3.10/site-packages/PyQt5/bindings/QtTextToSpeech) by extensions ['ros']
[0.938s] Level 1:colcon.colcon_core.package_identification:_identify(rospyvenv/lib/python3.10/site-packages/PyQt5/bindings/QtTextToSpeech) by extension 'ros'
[0.938s] Level 1:colcon.colcon_core.package_identification:_identify(rospyvenv/lib/python3.10/site-packages/PyQt5/bindings/QtTextToSpeech) by extensions ['cmake', 'python']
[0.938s] Level 1:colcon.colcon_core.package_identification:_identify(rospyvenv/lib/python3.10/site-packages/PyQt5/bindings/QtTextToSpeech) by extension 'cmake'
[0.938s] Level 1:colcon.colcon_core.package_identification:_identify(rospyvenv/lib/python3.10/site-packages/PyQt5/bindings/QtTextToSpeech) by extension 'python'
[0.938s] Level 1:colcon.colcon_core.package_identification:_identify(rospyvenv/lib/python3.10/site-packages/PyQt5/bindings/QtTextToSpeech) by extensions ['python_setup_py']
[0.938s] Level 1:colcon.colcon_core.package_identification:_identify(rospyvenv/lib/python3.10/site-packages/PyQt5/bindings/QtTextToSpeech) by extension 'python_setup_py'
[0.939s] Level 1:colcon.colcon_core.package_identification:_identify(rospyvenv/lib/python3.10/site-packages/PyQt5/bindings/QtWebChannel) by extensions ['ignore', 'ignore_ament_install']
[0.939s] Level 1:colcon.colcon_core.package_identification:_identify(rospyvenv/lib/python3.10/site-packages/PyQt5/bindings/QtWebChannel) by extension 'ignore'
[0.939s] Level 1:colcon.colcon_core.package_identification:_identify(rospyvenv/lib/python3.10/site-packages/PyQt5/bindings/QtWebChannel) by extension 'ignore_ament_install'
[0.939s] Level 1:colcon.colcon_core.package_identification:_identify(rospyvenv/lib/python3.10/site-packages/PyQt5/bindings/QtWebChannel) by extensions ['colcon_pkg']
[0.939s] Level 1:colcon.colcon_core.package_identification:_identify(rospyvenv/lib/python3.10/site-packages/PyQt5/bindings/QtWebChannel) by extension 'colcon_pkg'
[0.939s] Level 1:colcon.colcon_core.package_identification:_identify(rospyvenv/lib/python3.10/site-packages/PyQt5/bindings/QtWebChannel) by extensions ['colcon_meta']
[0.939s] Level 1:colcon.colcon_core.package_identification:_identify(rospyvenv/lib/python3.10/site-packages/PyQt5/bindings/QtWebChannel) by extension 'colcon_meta'
[0.939s] Level 1:colcon.colcon_core.package_identification:_identify(rospyvenv/lib/python3.10/site-packages/PyQt5/bindings/QtWebChannel) by extensions ['ros']
[0.939s] Level 1:colcon.colcon_core.package_identification:_identify(rospyvenv/lib/python3.10/site-packages/PyQt5/bindings/QtWebChannel) by extension 'ros'
[0.939s] Level 1:colcon.colcon_core.package_identification:_identify(rospyvenv/lib/python3.10/site-packages/PyQt5/bindings/QtWebChannel) by extensions ['cmake', 'python']
[0.939s] Level 1:colcon.colcon_core.package_identification:_identify(rospyvenv/lib/python3.10/site-packages/PyQt5/bindings/QtWebChannel) by extension 'cmake'
[0.939s] Level 1:colcon.colcon_core.package_identification:_identify(rospyvenv/lib/python3.10/site-packages/PyQt5/bindings/QtWebChannel) by extension 'python'
[0.939s] Level 1:colcon.colcon_core.package_identification:_identify(rospyvenv/lib/python3.10/site-packages/PyQt5/bindings/QtWebChannel) by extensions ['python_setup_py']
[0.939s] Level 1:colcon.colcon_core.package_identification:_identify(rospyvenv/lib/python3.10/site-packages/PyQt5/bindings/QtWebChannel) by extension 'python_setup_py'
[0.939s] Level 1:colcon.colcon_core.package_identification:_identify(rospyvenv/lib/python3.10/site-packages/PyQt5/bindings/QtWebSockets) by extensions ['ignore', 'ignore_ament_install']
[0.940s] Level 1:colcon.colcon_core.package_identification:_identify(rospyvenv/lib/python3.10/site-packages/PyQt5/bindings/QtWebSockets) by extension 'ignore'
[0.940s] Level 1:colcon.colcon_core.package_identification:_identify(rospyvenv/lib/python3.10/site-packages/PyQt5/bindings/QtWebSockets) by extension 'ignore_ament_install'
[0.940s] Level 1:colcon.colcon_core.package_identification:_identify(rospyvenv/lib/python3.10/site-packages/PyQt5/bindings/QtWebSockets) by extensions ['colcon_pkg']
[0.940s] Level 1:colcon.colcon_core.package_identification:_identify(rospyvenv/lib/python3.10/site-packages/PyQt5/bindings/QtWebSockets) by extension 'colcon_pkg'
[0.940s] Level 1:colcon.colcon_core.package_identification:_identify(rospyvenv/lib/python3.10/site-packages/PyQt5/bindings/QtWebSockets) by extensions ['colcon_meta']
[0.940s] Level 1:colcon.colcon_core.package_identification:_identify(rospyvenv/lib/python3.10/site-packages/PyQt5/bindings/QtWebSockets) by extension 'colcon_meta'
[0.940s] Level 1:colcon.colcon_core.package_identification:_identify(rospyvenv/lib/python3.10/site-packages/PyQt5/bindings/QtWebSockets) by extensions ['ros']
[0.940s] Level 1:colcon.colcon_core.package_identification:_identify(rospyvenv/lib/python3.10/site-packages/PyQt5/bindings/QtWebSockets) by extension 'ros'
[0.940s] Level 1:colcon.colcon_core.package_identification:_identify(rospyvenv/lib/python3.10/site-packages/PyQt5/bindings/QtWebSockets) by extensions ['cmake', 'python']
[0.940s] Level 1:colcon.colcon_core.package_identification:_identify(rospyvenv/lib/python3.10/site-packages/PyQt5/bindings/QtWebSockets) by extension 'cmake'
[0.940s] Level 1:colcon.colcon_core.package_identification:_identify(rospyvenv/lib/python3.10/site-packages/PyQt5/bindings/QtWebSockets) by extension 'python'
[0.940s] Level 1:colcon.colcon_core.package_identification:_identify(rospyvenv/lib/python3.10/site-packages/PyQt5/bindings/QtWebSockets) by extensions ['python_setup_py']
[0.940s] Level 1:colcon.colcon_core.package_identification:_identify(rospyvenv/lib/python3.10/site-packages/PyQt5/bindings/QtWebSockets) by extension 'python_setup_py'
[0.941s] Level 1:colcon.colcon_core.package_identification:_identify(rospyvenv/lib/python3.10/site-packages/PyQt5/bindings/QtWidgets) by extensions ['ignore', 'ignore_ament_install']
[0.941s] Level 1:colcon.colcon_core.package_identification:_identify(rospyvenv/lib/python3.10/site-packages/PyQt5/bindings/QtWidgets) by extension 'ignore'
[0.941s] Level 1:colcon.colcon_core.package_identification:_identify(rospyvenv/lib/python3.10/site-packages/PyQt5/bindings/QtWidgets) by extension 'ignore_ament_install'
[0.941s] Level 1:colcon.colcon_core.package_identification:_identify(rospyvenv/lib/python3.10/site-packages/PyQt5/bindings/QtWidgets) by extensions ['colcon_pkg']
[0.941s] Level 1:colcon.colcon_core.package_identification:_identify(rospyvenv/lib/python3.10/site-packages/PyQt5/bindings/QtWidgets) by extension 'colcon_pkg'
[0.941s] Level 1:colcon.colcon_core.package_identification:_identify(rospyvenv/lib/python3.10/site-packages/PyQt5/bindings/QtWidgets) by extensions ['colcon_meta']
[0.941s] Level 1:colcon.colcon_core.package_identification:_identify(rospyvenv/lib/python3.10/site-packages/PyQt5/bindings/QtWidgets) by extension 'colcon_meta'
[0.941s] Level 1:colcon.colcon_core.package_identification:_identify(rospyvenv/lib/python3.10/site-packages/PyQt5/bindings/QtWidgets) by extensions ['ros']
[0.941s] Level 1:colcon.colcon_core.package_identification:_identify(rospyvenv/lib/python3.10/site-packages/PyQt5/bindings/QtWidgets) by extension 'ros'
[0.941s] Level 1:colcon.colcon_core.package_identification:_identify(rospyvenv/lib/python3.10/site-packages/PyQt5/bindings/QtWidgets) by extensions ['cmake', 'python']
[0.941s] Level 1:colcon.colcon_core.package_identification:_identify(rospyvenv/lib/python3.10/site-packages/PyQt5/bindings/QtWidgets) by extension 'cmake'
[0.941s] Level 1:colcon.colcon_core.package_identification:_identify(rospyvenv/lib/python3.10/site-packages/PyQt5/bindings/QtWidgets) by extension 'python'
[0.941s] Level 1:colcon.colcon_core.package_identification:_identify(rospyvenv/lib/python3.10/site-packages/PyQt5/bindings/QtWidgets) by extensions ['python_setup_py']
[0.941s] Level 1:colcon.colcon_core.package_identification:_identify(rospyvenv/lib/python3.10/site-packages/PyQt5/bindings/QtWidgets) by extension 'python_setup_py'
[0.942s] Level 1:colcon.colcon_core.package_identification:_identify(rospyvenv/lib/python3.10/site-packages/PyQt5/bindings/QtX11Extras) by extensions ['ignore', 'ignore_ament_install']
[0.942s] Level 1:colcon.colcon_core.package_identification:_identify(rospyvenv/lib/python3.10/site-packages/PyQt5/bindings/QtX11Extras) by extension 'ignore'
[0.942s] Level 1:colcon.colcon_core.package_identification:_identify(rospyvenv/lib/python3.10/site-packages/PyQt5/bindings/QtX11Extras) by extension 'ignore_ament_install'
[0.942s] Level 1:colcon.colcon_core.package_identification:_identify(rospyvenv/lib/python3.10/site-packages/PyQt5/bindings/QtX11Extras) by extensions ['colcon_pkg']
[0.942s] Level 1:colcon.colcon_core.package_identification:_identify(rospyvenv/lib/python3.10/site-packages/PyQt5/bindings/QtX11Extras) by extension 'colcon_pkg'
[0.942s] Level 1:colcon.colcon_core.package_identification:_identify(rospyvenv/lib/python3.10/site-packages/PyQt5/bindings/QtX11Extras) by extensions ['colcon_meta']
[0.942s] Level 1:colcon.colcon_core.package_identification:_identify(rospyvenv/lib/python3.10/site-packages/PyQt5/bindings/QtX11Extras) by extension 'colcon_meta'
[0.942s] Level 1:colcon.colcon_core.package_identification:_identify(rospyvenv/lib/python3.10/site-packages/PyQt5/bindings/QtX11Extras) by extensions ['ros']
[0.942s] Level 1:colcon.colcon_core.package_identification:_identify(rospyvenv/lib/python3.10/site-packages/PyQt5/bindings/QtX11Extras) by extension 'ros'
[0.942s] Level 1:colcon.colcon_core.package_identification:_identify(rospyvenv/lib/python3.10/site-packages/PyQt5/bindings/QtX11Extras) by extensions ['cmake', 'python']
[0.942s] Level 1:colcon.colcon_core.package_identification:_identify(rospyvenv/lib/python3.10/site-packages/PyQt5/bindings/QtX11Extras) by extension 'cmake'
[0.942s] Level 1:colcon.colcon_core.package_identification:_identify(rospyvenv/lib/python3.10/site-packages/PyQt5/bindings/QtX11Extras) by extension 'python'
[0.942s] Level 1:colcon.colcon_core.package_identification:_identify(rospyvenv/lib/python3.10/site-packages/PyQt5/bindings/QtX11Extras) by extensions ['python_setup_py']
[0.942s] Level 1:colcon.colcon_core.package_identification:_identify(rospyvenv/lib/python3.10/site-packages/PyQt5/bindings/QtX11Extras) by extension 'python_setup_py'
[0.942s] Level 1:colcon.colcon_core.package_identification:_identify(rospyvenv/lib/python3.10/site-packages/PyQt5/bindings/QtXml) by extensions ['ignore', 'ignore_ament_install']
[0.943s] Level 1:colcon.colcon_core.package_identification:_identify(rospyvenv/lib/python3.10/site-packages/PyQt5/bindings/QtXml) by extension 'ignore'
[0.943s] Level 1:colcon.colcon_core.package_identification:_identify(rospyvenv/lib/python3.10/site-packages/PyQt5/bindings/QtXml) by extension 'ignore_ament_install'
[0.943s] Level 1:colcon.colcon_core.package_identification:_identify(rospyvenv/lib/python3.10/site-packages/PyQt5/bindings/QtXml) by extensions ['colcon_pkg']
[0.943s] Level 1:colcon.colcon_core.package_identification:_identify(rospyvenv/lib/python3.10/site-packages/PyQt5/bindings/QtXml) by extension 'colcon_pkg'
[0.943s] Level 1:colcon.colcon_core.package_identification:_identify(rospyvenv/lib/python3.10/site-packages/PyQt5/bindings/QtXml) by extensions ['colcon_meta']
[0.943s] Level 1:colcon.colcon_core.package_identification:_identify(rospyvenv/lib/python3.10/site-packages/PyQt5/bindings/QtXml) by extension 'colcon_meta'
[0.943s] Level 1:colcon.colcon_core.package_identification:_identify(rospyvenv/lib/python3.10/site-packages/PyQt5/bindings/QtXml) by extensions ['ros']
[0.943s] Level 1:colcon.colcon_core.package_identification:_identify(rospyvenv/lib/python3.10/site-packages/PyQt5/bindings/QtXml) by extension 'ros'
[0.943s] Level 1:colcon.colcon_core.package_identification:_identify(rospyvenv/lib/python3.10/site-packages/PyQt5/bindings/QtXml) by extensions ['cmake', 'python']
[0.943s] Level 1:colcon.colcon_core.package_identification:_identify(rospyvenv/lib/python3.10/site-packages/PyQt5/bindings/QtXml) by extension 'cmake'
[0.943s] Level 1:colcon.colcon_core.package_identification:_identify(rospyvenv/lib/python3.10/site-packages/PyQt5/bindings/QtXml) by extension 'python'
[0.943s] Level 1:colcon.colcon_core.package_identification:_identify(rospyvenv/lib/python3.10/site-packages/PyQt5/bindings/QtXml) by extensions ['python_setup_py']
[0.943s] Level 1:colcon.colcon_core.package_identification:_identify(rospyvenv/lib/python3.10/site-packages/PyQt5/bindings/QtXml) by extension 'python_setup_py'
[0.943s] Level 1:colcon.colcon_core.package_identification:_identify(rospyvenv/lib/python3.10/site-packages/PyQt5/bindings/QtXmlPatterns) by extensions ['ignore', 'ignore_ament_install']
[0.943s] Level 1:colcon.colcon_core.package_identification:_identify(rospyvenv/lib/python3.10/site-packages/PyQt5/bindings/QtXmlPatterns) by extension 'ignore'
[0.943s] Level 1:colcon.colcon_core.package_identification:_identify(rospyvenv/lib/python3.10/site-packages/PyQt5/bindings/QtXmlPatterns) by extension 'ignore_ament_install'
[0.944s] Level 1:colcon.colcon_core.package_identification:_identify(rospyvenv/lib/python3.10/site-packages/PyQt5/bindings/QtXmlPatterns) by extensions ['colcon_pkg']
[0.944s] Level 1:colcon.colcon_core.package_identification:_identify(rospyvenv/lib/python3.10/site-packages/PyQt5/bindings/QtXmlPatterns) by extension 'colcon_pkg'
[0.944s] Level 1:colcon.colcon_core.package_identification:_identify(rospyvenv/lib/python3.10/site-packages/PyQt5/bindings/QtXmlPatterns) by extensions ['colcon_meta']
[0.944s] Level 1:colcon.colcon_core.package_identification:_identify(rospyvenv/lib/python3.10/site-packages/PyQt5/bindings/QtXmlPatterns) by extension 'colcon_meta'
[0.944s] Level 1:colcon.colcon_core.package_identification:_identify(rospyvenv/lib/python3.10/site-packages/PyQt5/bindings/QtXmlPatterns) by extensions ['ros']
[0.944s] Level 1:colcon.colcon_core.package_identification:_identify(rospyvenv/lib/python3.10/site-packages/PyQt5/bindings/QtXmlPatterns) by extension 'ros'
[0.944s] Level 1:colcon.colcon_core.package_identification:_identify(rospyvenv/lib/python3.10/site-packages/PyQt5/bindings/QtXmlPatterns) by extensions ['cmake', 'python']
[0.944s] Level 1:colcon.colcon_core.package_identification:_identify(rospyvenv/lib/python3.10/site-packages/PyQt5/bindings/QtXmlPatterns) by extension 'cmake'
[0.944s] Level 1:colcon.colcon_core.package_identification:_identify(rospyvenv/lib/python3.10/site-packages/PyQt5/bindings/QtXmlPatterns) by extension 'python'
[0.944s] Level 1:colcon.colcon_core.package_identification:_identify(rospyvenv/lib/python3.10/site-packages/PyQt5/bindings/QtXmlPatterns) by extensions ['python_setup_py']
[0.944s] Level 1:colcon.colcon_core.package_identification:_identify(rospyvenv/lib/python3.10/site-packages/PyQt5/bindings/QtXmlPatterns) by extension 'python_setup_py'
[0.944s] Level 1:colcon.colcon_core.package_identification:_identify(rospyvenv/lib/python3.10/site-packages/PyQt5/uic) by extensions ['ignore', 'ignore_ament_install']
[0.944s] Level 1:colcon.colcon_core.package_identification:_identify(rospyvenv/lib/python3.10/site-packages/PyQt5/uic) by extension 'ignore'
[0.944s] Level 1:colcon.colcon_core.package_identification:_identify(rospyvenv/lib/python3.10/site-packages/PyQt5/uic) by extension 'ignore_ament_install'
[0.944s] Level 1:colcon.colcon_core.package_identification:_identify(rospyvenv/lib/python3.10/site-packages/PyQt5/uic) by extensions ['colcon_pkg']
[0.944s] Level 1:colcon.colcon_core.package_identification:_identify(rospyvenv/lib/python3.10/site-packages/PyQt5/uic) by extension 'colcon_pkg'
[0.944s] Level 1:colcon.colcon_core.package_identification:_identify(rospyvenv/lib/python3.10/site-packages/PyQt5/uic) by extensions ['colcon_meta']
[0.944s] Level 1:colcon.colcon_core.package_identification:_identify(rospyvenv/lib/python3.10/site-packages/PyQt5/uic) by extension 'colcon_meta'
[0.944s] Level 1:colcon.colcon_core.package_identification:_identify(rospyvenv/lib/python3.10/site-packages/PyQt5/uic) by extensions ['ros']
[0.945s] Level 1:colcon.colcon_core.package_identification:_identify(rospyvenv/lib/python3.10/site-packages/PyQt5/uic) by extension 'ros'
[0.945s] Level 1:colcon.colcon_core.package_identification:_identify(rospyvenv/lib/python3.10/site-packages/PyQt5/uic) by extensions ['cmake', 'python']
[0.945s] Level 1:colcon.colcon_core.package_identification:_identify(rospyvenv/lib/python3.10/site-packages/PyQt5/uic) by extension 'cmake'
[0.945s] Level 1:colcon.colcon_core.package_identification:_identify(rospyvenv/lib/python3.10/site-packages/PyQt5/uic) by extension 'python'
[0.945s] Level 1:colcon.colcon_core.package_identification:_identify(rospyvenv/lib/python3.10/site-packages/PyQt5/uic) by extensions ['python_setup_py']
[0.945s] Level 1:colcon.colcon_core.package_identification:_identify(rospyvenv/lib/python3.10/site-packages/PyQt5/uic) by extension 'python_setup_py'
[0.945s] Level 1:colcon.colcon_core.package_identification:_identify(rospyvenv/lib/python3.10/site-packages/PyQt5/uic/Compiler) by extensions ['ignore', 'ignore_ament_install']
[0.945s] Level 1:colcon.colcon_core.package_identification:_identify(rospyvenv/lib/python3.10/site-packages/PyQt5/uic/Compiler) by extension 'ignore'
[0.945s] Level 1:colcon.colcon_core.package_identification:_identify(rospyvenv/lib/python3.10/site-packages/PyQt5/uic/Compiler) by extension 'ignore_ament_install'
[0.945s] Level 1:colcon.colcon_core.package_identification:_identify(rospyvenv/lib/python3.10/site-packages/PyQt5/uic/Compiler) by extensions ['colcon_pkg']
[0.945s] Level 1:colcon.colcon_core.package_identification:_identify(rospyvenv/lib/python3.10/site-packages/PyQt5/uic/Compiler) by extension 'colcon_pkg'
[0.945s] Level 1:colcon.colcon_core.package_identification:_identify(rospyvenv/lib/python3.10/site-packages/PyQt5/uic/Compiler) by extensions ['colcon_meta']
[0.945s] Level 1:colcon.colcon_core.package_identification:_identify(rospyvenv/lib/python3.10/site-packages/PyQt5/uic/Compiler) by extension 'colcon_meta'
[0.945s] Level 1:colcon.colcon_core.package_identification:_identify(rospyvenv/lib/python3.10/site-packages/PyQt5/uic/Compiler) by extensions ['ros']
[0.945s] Level 1:colcon.colcon_core.package_identification:_identify(rospyvenv/lib/python3.10/site-packages/PyQt5/uic/Compiler) by extension 'ros'
[0.945s] Level 1:colcon.colcon_core.package_identification:_identify(rospyvenv/lib/python3.10/site-packages/PyQt5/uic/Compiler) by extensions ['cmake', 'python']
[0.945s] Level 1:colcon.colcon_core.package_identification:_identify(rospyvenv/lib/python3.10/site-packages/PyQt5/uic/Compiler) by extension 'cmake'
[0.945s] Level 1:colcon.colcon_core.package_identification:_identify(rospyvenv/lib/python3.10/site-packages/PyQt5/uic/Compiler) by extension 'python'
[0.946s] Level 1:colcon.colcon_core.package_identification:_identify(rospyvenv/lib/python3.10/site-packages/PyQt5/uic/Compiler) by extensions ['python_setup_py']
[0.946s] Level 1:colcon.colcon_core.package_identification:_identify(rospyvenv/lib/python3.10/site-packages/PyQt5/uic/Compiler) by extension 'python_setup_py'
[0.946s] Level 1:colcon.colcon_core.package_identification:_identify(rospyvenv/lib/python3.10/site-packages/PyQt5/uic/Compiler/__pycache__) by extensions ['ignore', 'ignore_ament_install']
[0.946s] Level 1:colcon.colcon_core.package_identification:_identify(rospyvenv/lib/python3.10/site-packages/PyQt5/uic/Compiler/__pycache__) by extension 'ignore'
[0.946s] Level 1:colcon.colcon_core.package_identification:_identify(rospyvenv/lib/python3.10/site-packages/PyQt5/uic/Compiler/__pycache__) by extension 'ignore_ament_install'
[0.946s] Level 1:colcon.colcon_core.package_identification:_identify(rospyvenv/lib/python3.10/site-packages/PyQt5/uic/Compiler/__pycache__) by extensions ['colcon_pkg']
[0.946s] Level 1:colcon.colcon_core.package_identification:_identify(rospyvenv/lib/python3.10/site-packages/PyQt5/uic/Compiler/__pycache__) by extension 'colcon_pkg'
[0.946s] Level 1:colcon.colcon_core.package_identification:_identify(rospyvenv/lib/python3.10/site-packages/PyQt5/uic/Compiler/__pycache__) by extensions ['colcon_meta']
[0.946s] Level 1:colcon.colcon_core.package_identification:_identify(rospyvenv/lib/python3.10/site-packages/PyQt5/uic/Compiler/__pycache__) by extension 'colcon_meta'
[0.946s] Level 1:colcon.colcon_core.package_identification:_identify(rospyvenv/lib/python3.10/site-packages/PyQt5/uic/Compiler/__pycache__) by extensions ['ros']
[0.946s] Level 1:colcon.colcon_core.package_identification:_identify(rospyvenv/lib/python3.10/site-packages/PyQt5/uic/Compiler/__pycache__) by extension 'ros'
[0.946s] Level 1:colcon.colcon_core.package_identification:_identify(rospyvenv/lib/python3.10/site-packages/PyQt5/uic/Compiler/__pycache__) by extensions ['cmake', 'python']
[0.946s] Level 1:colcon.colcon_core.package_identification:_identify(rospyvenv/lib/python3.10/site-packages/PyQt5/uic/Compiler/__pycache__) by extension 'cmake'
[0.946s] Level 1:colcon.colcon_core.package_identification:_identify(rospyvenv/lib/python3.10/site-packages/PyQt5/uic/Compiler/__pycache__) by extension 'python'
[0.947s] Level 1:colcon.colcon_core.package_identification:_identify(rospyvenv/lib/python3.10/site-packages/PyQt5/uic/Compiler/__pycache__) by extensions ['python_setup_py']
[0.947s] Level 1:colcon.colcon_core.package_identification:_identify(rospyvenv/lib/python3.10/site-packages/PyQt5/uic/Compiler/__pycache__) by extension 'python_setup_py'
[0.947s] Level 1:colcon.colcon_core.package_identification:_identify(rospyvenv/lib/python3.10/site-packages/PyQt5/uic/Loader) by extensions ['ignore', 'ignore_ament_install']
[0.947s] Level 1:colcon.colcon_core.package_identification:_identify(rospyvenv/lib/python3.10/site-packages/PyQt5/uic/Loader) by extension 'ignore'
[0.947s] Level 1:colcon.colcon_core.package_identification:_identify(rospyvenv/lib/python3.10/site-packages/PyQt5/uic/Loader) by extension 'ignore_ament_install'
[0.947s] Level 1:colcon.colcon_core.package_identification:_identify(rospyvenv/lib/python3.10/site-packages/PyQt5/uic/Loader) by extensions ['colcon_pkg']
[0.947s] Level 1:colcon.colcon_core.package_identification:_identify(rospyvenv/lib/python3.10/site-packages/PyQt5/uic/Loader) by extension 'colcon_pkg'
[0.947s] Level 1:colcon.colcon_core.package_identification:_identify(rospyvenv/lib/python3.10/site-packages/PyQt5/uic/Loader) by extensions ['colcon_meta']
[0.947s] Level 1:colcon.colcon_core.package_identification:_identify(rospyvenv/lib/python3.10/site-packages/PyQt5/uic/Loader) by extension 'colcon_meta'
[0.947s] Level 1:colcon.colcon_core.package_identification:_identify(rospyvenv/lib/python3.10/site-packages/PyQt5/uic/Loader) by extensions ['ros']
[0.947s] Level 1:colcon.colcon_core.package_identification:_identify(rospyvenv/lib/python3.10/site-packages/PyQt5/uic/Loader) by extension 'ros'
[0.947s] Level 1:colcon.colcon_core.package_identification:_identify(rospyvenv/lib/python3.10/site-packages/PyQt5/uic/Loader) by extensions ['cmake', 'python']
[0.947s] Level 1:colcon.colcon_core.package_identification:_identify(rospyvenv/lib/python3.10/site-packages/PyQt5/uic/Loader) by extension 'cmake'
[0.947s] Level 1:colcon.colcon_core.package_identification:_identify(rospyvenv/lib/python3.10/site-packages/PyQt5/uic/Loader) by extension 'python'
[0.947s] Level 1:colcon.colcon_core.package_identification:_identify(rospyvenv/lib/python3.10/site-packages/PyQt5/uic/Loader) by extensions ['python_setup_py']
[0.947s] Level 1:colcon.colcon_core.package_identification:_identify(rospyvenv/lib/python3.10/site-packages/PyQt5/uic/Loader) by extension 'python_setup_py'
[0.948s] Level 1:colcon.colcon_core.package_identification:_identify(rospyvenv/lib/python3.10/site-packages/PyQt5/uic/Loader/__pycache__) by extensions ['ignore', 'ignore_ament_install']
[0.948s] Level 1:colcon.colcon_core.package_identification:_identify(rospyvenv/lib/python3.10/site-packages/PyQt5/uic/Loader/__pycache__) by extension 'ignore'
[0.948s] Level 1:colcon.colcon_core.package_identification:_identify(rospyvenv/lib/python3.10/site-packages/PyQt5/uic/Loader/__pycache__) by extension 'ignore_ament_install'
[0.948s] Level 1:colcon.colcon_core.package_identification:_identify(rospyvenv/lib/python3.10/site-packages/PyQt5/uic/Loader/__pycache__) by extensions ['colcon_pkg']
[0.948s] Level 1:colcon.colcon_core.package_identification:_identify(rospyvenv/lib/python3.10/site-packages/PyQt5/uic/Loader/__pycache__) by extension 'colcon_pkg'
[0.948s] Level 1:colcon.colcon_core.package_identification:_identify(rospyvenv/lib/python3.10/site-packages/PyQt5/uic/Loader/__pycache__) by extensions ['colcon_meta']
[0.948s] Level 1:colcon.colcon_core.package_identification:_identify(rospyvenv/lib/python3.10/site-packages/PyQt5/uic/Loader/__pycache__) by extension 'colcon_meta'
[0.948s] Level 1:colcon.colcon_core.package_identification:_identify(rospyvenv/lib/python3.10/site-packages/PyQt5/uic/Loader/__pycache__) by extensions ['ros']
[0.948s] Level 1:colcon.colcon_core.package_identification:_identify(rospyvenv/lib/python3.10/site-packages/PyQt5/uic/Loader/__pycache__) by extension 'ros'
[0.948s] Level 1:colcon.colcon_core.package_identification:_identify(rospyvenv/lib/python3.10/site-packages/PyQt5/uic/Loader/__pycache__) by extensions ['cmake', 'python']
[0.948s] Level 1:colcon.colcon_core.package_identification:_identify(rospyvenv/lib/python3.10/site-packages/PyQt5/uic/Loader/__pycache__) by extension 'cmake'
[0.948s] Level 1:colcon.colcon_core.package_identification:_identify(rospyvenv/lib/python3.10/site-packages/PyQt5/uic/Loader/__pycache__) by extension 'python'
[0.948s] Level 1:colcon.colcon_core.package_identification:_identify(rospyvenv/lib/python3.10/site-packages/PyQt5/uic/Loader/__pycache__) by extensions ['python_setup_py']
[0.948s] Level 1:colcon.colcon_core.package_identification:_identify(rospyvenv/lib/python3.10/site-packages/PyQt5/uic/Loader/__pycache__) by extension 'python_setup_py'
[0.949s] Level 1:colcon.colcon_core.package_identification:_identify(rospyvenv/lib/python3.10/site-packages/PyQt5/uic/__pycache__) by extensions ['ignore', 'ignore_ament_install']
[0.949s] Level 1:colcon.colcon_core.package_identification:_identify(rospyvenv/lib/python3.10/site-packages/PyQt5/uic/__pycache__) by extension 'ignore'
[0.949s] Level 1:colcon.colcon_core.package_identification:_identify(rospyvenv/lib/python3.10/site-packages/PyQt5/uic/__pycache__) by extension 'ignore_ament_install'
[0.949s] Level 1:colcon.colcon_core.package_identification:_identify(rospyvenv/lib/python3.10/site-packages/PyQt5/uic/__pycache__) by extensions ['colcon_pkg']
[0.949s] Level 1:colcon.colcon_core.package_identification:_identify(rospyvenv/lib/python3.10/site-packages/PyQt5/uic/__pycache__) by extension 'colcon_pkg'
[0.949s] Level 1:colcon.colcon_core.package_identification:_identify(rospyvenv/lib/python3.10/site-packages/PyQt5/uic/__pycache__) by extensions ['colcon_meta']
[0.949s] Level 1:colcon.colcon_core.package_identification:_identify(rospyvenv/lib/python3.10/site-packages/PyQt5/uic/__pycache__) by extension 'colcon_meta'
[0.949s] Level 1:colcon.colcon_core.package_identification:_identify(rospyvenv/lib/python3.10/site-packages/PyQt5/uic/__pycache__) by extensions ['ros']
[0.949s] Level 1:colcon.colcon_core.package_identification:_identify(rospyvenv/lib/python3.10/site-packages/PyQt5/uic/__pycache__) by extension 'ros'
[0.949s] Level 1:colcon.colcon_core.package_identification:_identify(rospyvenv/lib/python3.10/site-packages/PyQt5/uic/__pycache__) by extensions ['cmake', 'python']
[0.949s] Level 1:colcon.colcon_core.package_identification:_identify(rospyvenv/lib/python3.10/site-packages/PyQt5/uic/__pycache__) by extension 'cmake'
[0.949s] Level 1:colcon.colcon_core.package_identification:_identify(rospyvenv/lib/python3.10/site-packages/PyQt5/uic/__pycache__) by extension 'python'
[0.949s] Level 1:colcon.colcon_core.package_identification:_identify(rospyvenv/lib/python3.10/site-packages/PyQt5/uic/__pycache__) by extensions ['python_setup_py']
[0.949s] Level 1:colcon.colcon_core.package_identification:_identify(rospyvenv/lib/python3.10/site-packages/PyQt5/uic/__pycache__) by extension 'python_setup_py'
[0.950s] Level 1:colcon.colcon_core.package_identification:_identify(rospyvenv/lib/python3.10/site-packages/PyQt5/uic/port_v2) by extensions ['ignore', 'ignore_ament_install']
[0.950s] Level 1:colcon.colcon_core.package_identification:_identify(rospyvenv/lib/python3.10/site-packages/PyQt5/uic/port_v2) by extension 'ignore'
[0.950s] Level 1:colcon.colcon_core.package_identification:_identify(rospyvenv/lib/python3.10/site-packages/PyQt5/uic/port_v2) by extension 'ignore_ament_install'
[0.950s] Level 1:colcon.colcon_core.package_identification:_identify(rospyvenv/lib/python3.10/site-packages/PyQt5/uic/port_v2) by extensions ['colcon_pkg']
[0.950s] Level 1:colcon.colcon_core.package_identification:_identify(rospyvenv/lib/python3.10/site-packages/PyQt5/uic/port_v2) by extension 'colcon_pkg'
[0.950s] Level 1:colcon.colcon_core.package_identification:_identify(rospyvenv/lib/python3.10/site-packages/PyQt5/uic/port_v2) by extensions ['colcon_meta']
[0.950s] Level 1:colcon.colcon_core.package_identification:_identify(rospyvenv/lib/python3.10/site-packages/PyQt5/uic/port_v2) by extension 'colcon_meta'
[0.950s] Level 1:colcon.colcon_core.package_identification:_identify(rospyvenv/lib/python3.10/site-packages/PyQt5/uic/port_v2) by extensions ['ros']
[0.950s] Level 1:colcon.colcon_core.package_identification:_identify(rospyvenv/lib/python3.10/site-packages/PyQt5/uic/port_v2) by extension 'ros'
[0.950s] Level 1:colcon.colcon_core.package_identification:_identify(rospyvenv/lib/python3.10/site-packages/PyQt5/uic/port_v2) by extensions ['cmake', 'python']
[0.950s] Level 1:colcon.colcon_core.package_identification:_identify(rospyvenv/lib/python3.10/site-packages/PyQt5/uic/port_v2) by extension 'cmake'
[0.950s] Level 1:colcon.colcon_core.package_identification:_identify(rospyvenv/lib/python3.10/site-packages/PyQt5/uic/port_v2) by extension 'python'
[0.950s] Level 1:colcon.colcon_core.package_identification:_identify(rospyvenv/lib/python3.10/site-packages/PyQt5/uic/port_v2) by extensions ['python_setup_py']
[0.950s] Level 1:colcon.colcon_core.package_identification:_identify(rospyvenv/lib/python3.10/site-packages/PyQt5/uic/port_v2) by extension 'python_setup_py'
[0.951s] Level 1:colcon.colcon_core.package_identification:_identify(rospyvenv/lib/python3.10/site-packages/PyQt5/uic/port_v2/__pycache__) by extensions ['ignore', 'ignore_ament_install']
[0.951s] Level 1:colcon.colcon_core.package_identification:_identify(rospyvenv/lib/python3.10/site-packages/PyQt5/uic/port_v2/__pycache__) by extension 'ignore'
[0.951s] Level 1:colcon.colcon_core.package_identification:_identify(rospyvenv/lib/python3.10/site-packages/PyQt5/uic/port_v2/__pycache__) by extension 'ignore_ament_install'
[0.951s] Level 1:colcon.colcon_core.package_identification:_identify(rospyvenv/lib/python3.10/site-packages/PyQt5/uic/port_v2/__pycache__) by extensions ['colcon_pkg']
[0.951s] Level 1:colcon.colcon_core.package_identification:_identify(rospyvenv/lib/python3.10/site-packages/PyQt5/uic/port_v2/__pycache__) by extension 'colcon_pkg'
[0.951s] Level 1:colcon.colcon_core.package_identification:_identify(rospyvenv/lib/python3.10/site-packages/PyQt5/uic/port_v2/__pycache__) by extensions ['colcon_meta']
[0.951s] Level 1:colcon.colcon_core.package_identification:_identify(rospyvenv/lib/python3.10/site-packages/PyQt5/uic/port_v2/__pycache__) by extension 'colcon_meta'
[0.951s] Level 1:colcon.colcon_core.package_identification:_identify(rospyvenv/lib/python3.10/site-packages/PyQt5/uic/port_v2/__pycache__) by extensions ['ros']
[0.951s] Level 1:colcon.colcon_core.package_identification:_identify(rospyvenv/lib/python3.10/site-packages/PyQt5/uic/port_v2/__pycache__) by extension 'ros'
[0.951s] Level 1:colcon.colcon_core.package_identification:_identify(rospyvenv/lib/python3.10/site-packages/PyQt5/uic/port_v2/__pycache__) by extensions ['cmake', 'python']
[0.951s] Level 1:colcon.colcon_core.package_identification:_identify(rospyvenv/lib/python3.10/site-packages/PyQt5/uic/port_v2/__pycache__) by extension 'cmake'
[0.951s] Level 1:colcon.colcon_core.package_identification:_identify(rospyvenv/lib/python3.10/site-packages/PyQt5/uic/port_v2/__pycache__) by extension 'python'
[0.951s] Level 1:colcon.colcon_core.package_identification:_identify(rospyvenv/lib/python3.10/site-packages/PyQt5/uic/port_v2/__pycache__) by extensions ['python_setup_py']
[0.951s] Level 1:colcon.colcon_core.package_identification:_identify(rospyvenv/lib/python3.10/site-packages/PyQt5/uic/port_v2/__pycache__) by extension 'python_setup_py'
[0.951s] Level 1:colcon.colcon_core.package_identification:_identify(rospyvenv/lib/python3.10/site-packages/PyQt5/uic/port_v3) by extensions ['ignore', 'ignore_ament_install']
[0.952s] Level 1:colcon.colcon_core.package_identification:_identify(rospyvenv/lib/python3.10/site-packages/PyQt5/uic/port_v3) by extension 'ignore'
[0.952s] Level 1:colcon.colcon_core.package_identification:_identify(rospyvenv/lib/python3.10/site-packages/PyQt5/uic/port_v3) by extension 'ignore_ament_install'
[0.952s] Level 1:colcon.colcon_core.package_identification:_identify(rospyvenv/lib/python3.10/site-packages/PyQt5/uic/port_v3) by extensions ['colcon_pkg']
[0.952s] Level 1:colcon.colcon_core.package_identification:_identify(rospyvenv/lib/python3.10/site-packages/PyQt5/uic/port_v3) by extension 'colcon_pkg'
[0.952s] Level 1:colcon.colcon_core.package_identification:_identify(rospyvenv/lib/python3.10/site-packages/PyQt5/uic/port_v3) by extensions ['colcon_meta']
[0.952s] Level 1:colcon.colcon_core.package_identification:_identify(rospyvenv/lib/python3.10/site-packages/PyQt5/uic/port_v3) by extension 'colcon_meta'
[0.952s] Level 1:colcon.colcon_core.package_identification:_identify(rospyvenv/lib/python3.10/site-packages/PyQt5/uic/port_v3) by extensions ['ros']
[0.952s] Level 1:colcon.colcon_core.package_identification:_identify(rospyvenv/lib/python3.10/site-packages/PyQt5/uic/port_v3) by extension 'ros'
[0.952s] Level 1:colcon.colcon_core.package_identification:_identify(rospyvenv/lib/python3.10/site-packages/PyQt5/uic/port_v3) by extensions ['cmake', 'python']
[0.952s] Level 1:colcon.colcon_core.package_identification:_identify(rospyvenv/lib/python3.10/site-packages/PyQt5/uic/port_v3) by extension 'cmake'
[0.952s] Level 1:colcon.colcon_core.package_identification:_identify(rospyvenv/lib/python3.10/site-packages/PyQt5/uic/port_v3) by extension 'python'
[0.952s] Level 1:colcon.colcon_core.package_identification:_identify(rospyvenv/lib/python3.10/site-packages/PyQt5/uic/port_v3) by extensions ['python_setup_py']
[0.952s] Level 1:colcon.colcon_core.package_identification:_identify(rospyvenv/lib/python3.10/site-packages/PyQt5/uic/port_v3) by extension 'python_setup_py'
[0.952s] Level 1:colcon.colcon_core.package_identification:_identify(rospyvenv/lib/python3.10/site-packages/PyQt5/uic/port_v3/__pycache__) by extensions ['ignore', 'ignore_ament_install']
[0.952s] Level 1:colcon.colcon_core.package_identification:_identify(rospyvenv/lib/python3.10/site-packages/PyQt5/uic/port_v3/__pycache__) by extension 'ignore'
[0.952s] Level 1:colcon.colcon_core.package_identification:_identify(rospyvenv/lib/python3.10/site-packages/PyQt5/uic/port_v3/__pycache__) by extension 'ignore_ament_install'
[0.952s] Level 1:colcon.colcon_core.package_identification:_identify(rospyvenv/lib/python3.10/site-packages/PyQt5/uic/port_v3/__pycache__) by extensions ['colcon_pkg']
[0.953s] Level 1:colcon.colcon_core.package_identification:_identify(rospyvenv/lib/python3.10/site-packages/PyQt5/uic/port_v3/__pycache__) by extension 'colcon_pkg'
[0.953s] Level 1:colcon.colcon_core.package_identification:_identify(rospyvenv/lib/python3.10/site-packages/PyQt5/uic/port_v3/__pycache__) by extensions ['colcon_meta']
[0.953s] Level 1:colcon.colcon_core.package_identification:_identify(rospyvenv/lib/python3.10/site-packages/PyQt5/uic/port_v3/__pycache__) by extension 'colcon_meta'
[0.953s] Level 1:colcon.colcon_core.package_identification:_identify(rospyvenv/lib/python3.10/site-packages/PyQt5/uic/port_v3/__pycache__) by extensions ['ros']
[0.953s] Level 1:colcon.colcon_core.package_identification:_identify(rospyvenv/lib/python3.10/site-packages/PyQt5/uic/port_v3/__pycache__) by extension 'ros'
[0.953s] Level 1:colcon.colcon_core.package_identification:_identify(rospyvenv/lib/python3.10/site-packages/PyQt5/uic/port_v3/__pycache__) by extensions ['cmake', 'python']
[0.953s] Level 1:colcon.colcon_core.package_identification:_identify(rospyvenv/lib/python3.10/site-packages/PyQt5/uic/port_v3/__pycache__) by extension 'cmake'
[0.953s] Level 1:colcon.colcon_core.package_identification:_identify(rospyvenv/lib/python3.10/site-packages/PyQt5/uic/port_v3/__pycache__) by extension 'python'
[0.953s] Level 1:colcon.colcon_core.package_identification:_identify(rospyvenv/lib/python3.10/site-packages/PyQt5/uic/port_v3/__pycache__) by extensions ['python_setup_py']
[0.953s] Level 1:colcon.colcon_core.package_identification:_identify(rospyvenv/lib/python3.10/site-packages/PyQt5/uic/port_v3/__pycache__) by extension 'python_setup_py'
[0.953s] Level 1:colcon.colcon_core.package_identification:_identify(rospyvenv/lib/python3.10/site-packages/PyQt5/uic/widget-plugins) by extensions ['ignore', 'ignore_ament_install']
[0.953s] Level 1:colcon.colcon_core.package_identification:_identify(rospyvenv/lib/python3.10/site-packages/PyQt5/uic/widget-plugins) by extension 'ignore'
[0.953s] Level 1:colcon.colcon_core.package_identification:_identify(rospyvenv/lib/python3.10/site-packages/PyQt5/uic/widget-plugins) by extension 'ignore_ament_install'
[0.953s] Level 1:colcon.colcon_core.package_identification:_identify(rospyvenv/lib/python3.10/site-packages/PyQt5/uic/widget-plugins) by extensions ['colcon_pkg']
[0.953s] Level 1:colcon.colcon_core.package_identification:_identify(rospyvenv/lib/python3.10/site-packages/PyQt5/uic/widget-plugins) by extension 'colcon_pkg'
[0.953s] Level 1:colcon.colcon_core.package_identification:_identify(rospyvenv/lib/python3.10/site-packages/PyQt5/uic/widget-plugins) by extensions ['colcon_meta']
[0.953s] Level 1:colcon.colcon_core.package_identification:_identify(rospyvenv/lib/python3.10/site-packages/PyQt5/uic/widget-plugins) by extension 'colcon_meta'
[0.953s] Level 1:colcon.colcon_core.package_identification:_identify(rospyvenv/lib/python3.10/site-packages/PyQt5/uic/widget-plugins) by extensions ['ros']
[0.954s] Level 1:colcon.colcon_core.package_identification:_identify(rospyvenv/lib/python3.10/site-packages/PyQt5/uic/widget-plugins) by extension 'ros'
[0.954s] Level 1:colcon.colcon_core.package_identification:_identify(rospyvenv/lib/python3.10/site-packages/PyQt5/uic/widget-plugins) by extensions ['cmake', 'python']
[0.954s] Level 1:colcon.colcon_core.package_identification:_identify(rospyvenv/lib/python3.10/site-packages/PyQt5/uic/widget-plugins) by extension 'cmake'
[0.954s] Level 1:colcon.colcon_core.package_identification:_identify(rospyvenv/lib/python3.10/site-packages/PyQt5/uic/widget-plugins) by extension 'python'
[0.954s] Level 1:colcon.colcon_core.package_identification:_identify(rospyvenv/lib/python3.10/site-packages/PyQt5/uic/widget-plugins) by extensions ['python_setup_py']
[0.954s] Level 1:colcon.colcon_core.package_identification:_identify(rospyvenv/lib/python3.10/site-packages/PyQt5/uic/widget-plugins) by extension 'python_setup_py'
[0.954s] Level 1:colcon.colcon_core.package_identification:_identify(rospyvenv/lib/python3.10/site-packages/PyQt5/uic/widget-plugins/__pycache__) by extensions ['ignore', 'ignore_ament_install']
[0.954s] Level 1:colcon.colcon_core.package_identification:_identify(rospyvenv/lib/python3.10/site-packages/PyQt5/uic/widget-plugins/__pycache__) by extension 'ignore'
[0.954s] Level 1:colcon.colcon_core.package_identification:_identify(rospyvenv/lib/python3.10/site-packages/PyQt5/uic/widget-plugins/__pycache__) by extension 'ignore_ament_install'
[0.954s] Level 1:colcon.colcon_core.package_identification:_identify(rospyvenv/lib/python3.10/site-packages/PyQt5/uic/widget-plugins/__pycache__) by extensions ['colcon_pkg']
[0.954s] Level 1:colcon.colcon_core.package_identification:_identify(rospyvenv/lib/python3.10/site-packages/PyQt5/uic/widget-plugins/__pycache__) by extension 'colcon_pkg'
[0.954s] Level 1:colcon.colcon_core.package_identification:_identify(rospyvenv/lib/python3.10/site-packages/PyQt5/uic/widget-plugins/__pycache__) by extensions ['colcon_meta']
[0.954s] Level 1:colcon.colcon_core.package_identification:_identify(rospyvenv/lib/python3.10/site-packages/PyQt5/uic/widget-plugins/__pycache__) by extension 'colcon_meta'
[0.954s] Level 1:colcon.colcon_core.package_identification:_identify(rospyvenv/lib/python3.10/site-packages/PyQt5/uic/widget-plugins/__pycache__) by extensions ['ros']
[0.954s] Level 1:colcon.colcon_core.package_identification:_identify(rospyvenv/lib/python3.10/site-packages/PyQt5/uic/widget-plugins/__pycache__) by extension 'ros'
[0.954s] Level 1:colcon.colcon_core.package_identification:_identify(rospyvenv/lib/python3.10/site-packages/PyQt5/uic/widget-plugins/__pycache__) by extensions ['cmake', 'python']
[0.954s] Level 1:colcon.colcon_core.package_identification:_identify(rospyvenv/lib/python3.10/site-packages/PyQt5/uic/widget-plugins/__pycache__) by extension 'cmake'
[0.955s] Level 1:colcon.colcon_core.package_identification:_identify(rospyvenv/lib/python3.10/site-packages/PyQt5/uic/widget-plugins/__pycache__) by extension 'python'
[0.955s] Level 1:colcon.colcon_core.package_identification:_identify(rospyvenv/lib/python3.10/site-packages/PyQt5/uic/widget-plugins/__pycache__) by extensions ['python_setup_py']
[0.955s] Level 1:colcon.colcon_core.package_identification:_identify(rospyvenv/lib/python3.10/site-packages/PyQt5/uic/widget-plugins/__pycache__) by extension 'python_setup_py'
[0.955s] Level 1:colcon.colcon_core.package_identification:_identify(rospyvenv/lib/python3.10/site-packages/PyQt5-5.15.11.dist-info) by extensions ['ignore', 'ignore_ament_install']
[0.955s] Level 1:colcon.colcon_core.package_identification:_identify(rospyvenv/lib/python3.10/site-packages/PyQt5-5.15.11.dist-info) by extension 'ignore'
[0.955s] Level 1:colcon.colcon_core.package_identification:_identify(rospyvenv/lib/python3.10/site-packages/PyQt5-5.15.11.dist-info) by extension 'ignore_ament_install'
[0.955s] Level 1:colcon.colcon_core.package_identification:_identify(rospyvenv/lib/python3.10/site-packages/PyQt5-5.15.11.dist-info) by extensions ['colcon_pkg']
[0.955s] Level 1:colcon.colcon_core.package_identification:_identify(rospyvenv/lib/python3.10/site-packages/PyQt5-5.15.11.dist-info) by extension 'colcon_pkg'
[0.955s] Level 1:colcon.colcon_core.package_identification:_identify(rospyvenv/lib/python3.10/site-packages/PyQt5-5.15.11.dist-info) by extensions ['colcon_meta']
[0.955s] Level 1:colcon.colcon_core.package_identification:_identify(rospyvenv/lib/python3.10/site-packages/PyQt5-5.15.11.dist-info) by extension 'colcon_meta'
[0.955s] Level 1:colcon.colcon_core.package_identification:_identify(rospyvenv/lib/python3.10/site-packages/PyQt5-5.15.11.dist-info) by extensions ['ros']
[0.955s] Level 1:colcon.colcon_core.package_identification:_identify(rospyvenv/lib/python3.10/site-packages/PyQt5-5.15.11.dist-info) by extension 'ros'
[0.955s] Level 1:colcon.colcon_core.package_identification:_identify(rospyvenv/lib/python3.10/site-packages/PyQt5-5.15.11.dist-info) by extensions ['cmake', 'python']
[0.955s] Level 1:colcon.colcon_core.package_identification:_identify(rospyvenv/lib/python3.10/site-packages/PyQt5-5.15.11.dist-info) by extension 'cmake'
[0.955s] Level 1:colcon.colcon_core.package_identification:_identify(rospyvenv/lib/python3.10/site-packages/PyQt5-5.15.11.dist-info) by extension 'python'
[0.955s] Level 1:colcon.colcon_core.package_identification:_identify(rospyvenv/lib/python3.10/site-packages/PyQt5-5.15.11.dist-info) by extensions ['python_setup_py']
[0.955s] Level 1:colcon.colcon_core.package_identification:_identify(rospyvenv/lib/python3.10/site-packages/PyQt5-5.15.11.dist-info) by extension 'python_setup_py'
[0.956s] Level 1:colcon.colcon_core.package_identification:_identify(rospyvenv/lib/python3.10/site-packages/_distutils_hack) by extensions ['ignore', 'ignore_ament_install']
[0.956s] Level 1:colcon.colcon_core.package_identification:_identify(rospyvenv/lib/python3.10/site-packages/_distutils_hack) by extension 'ignore'
[0.956s] Level 1:colcon.colcon_core.package_identification:_identify(rospyvenv/lib/python3.10/site-packages/_distutils_hack) by extension 'ignore_ament_install'
[0.956s] Level 1:colcon.colcon_core.package_identification:_identify(rospyvenv/lib/python3.10/site-packages/_distutils_hack) by extensions ['colcon_pkg']
[0.956s] Level 1:colcon.colcon_core.package_identification:_identify(rospyvenv/lib/python3.10/site-packages/_distutils_hack) by extension 'colcon_pkg'
[0.956s] Level 1:colcon.colcon_core.package_identification:_identify(rospyvenv/lib/python3.10/site-packages/_distutils_hack) by extensions ['colcon_meta']
[0.956s] Level 1:colcon.colcon_core.package_identification:_identify(rospyvenv/lib/python3.10/site-packages/_distutils_hack) by extension 'colcon_meta'
[0.956s] Level 1:colcon.colcon_core.package_identification:_identify(rospyvenv/lib/python3.10/site-packages/_distutils_hack) by extensions ['ros']
[0.956s] Level 1:colcon.colcon_core.package_identification:_identify(rospyvenv/lib/python3.10/site-packages/_distutils_hack) by extension 'ros'
[0.956s] Level 1:colcon.colcon_core.package_identification:_identify(rospyvenv/lib/python3.10/site-packages/_distutils_hack) by extensions ['cmake', 'python']
[0.956s] Level 1:colcon.colcon_core.package_identification:_identify(rospyvenv/lib/python3.10/site-packages/_distutils_hack) by extension 'cmake'
[0.957s] Level 1:colcon.colcon_core.package_identification:_identify(rospyvenv/lib/python3.10/site-packages/_distutils_hack) by extension 'python'
[0.957s] Level 1:colcon.colcon_core.package_identification:_identify(rospyvenv/lib/python3.10/site-packages/_distutils_hack) by extensions ['python_setup_py']
[0.957s] Level 1:colcon.colcon_core.package_identification:_identify(rospyvenv/lib/python3.10/site-packages/_distutils_hack) by extension 'python_setup_py'
[0.957s] Level 1:colcon.colcon_core.package_identification:_identify(rospyvenv/lib/python3.10/site-packages/_distutils_hack/__pycache__) by extensions ['ignore', 'ignore_ament_install']
[0.957s] Level 1:colcon.colcon_core.package_identification:_identify(rospyvenv/lib/python3.10/site-packages/_distutils_hack/__pycache__) by extension 'ignore'
[0.957s] Level 1:colcon.colcon_core.package_identification:_identify(rospyvenv/lib/python3.10/site-packages/_distutils_hack/__pycache__) by extension 'ignore_ament_install'
[0.957s] Level 1:colcon.colcon_core.package_identification:_identify(rospyvenv/lib/python3.10/site-packages/_distutils_hack/__pycache__) by extensions ['colcon_pkg']
[0.957s] Level 1:colcon.colcon_core.package_identification:_identify(rospyvenv/lib/python3.10/site-packages/_distutils_hack/__pycache__) by extension 'colcon_pkg'
[0.957s] Level 1:colcon.colcon_core.package_identification:_identify(rospyvenv/lib/python3.10/site-packages/_distutils_hack/__pycache__) by extensions ['colcon_meta']
[0.957s] Level 1:colcon.colcon_core.package_identification:_identify(rospyvenv/lib/python3.10/site-packages/_distutils_hack/__pycache__) by extension 'colcon_meta'
[0.957s] Level 1:colcon.colcon_core.package_identification:_identify(rospyvenv/lib/python3.10/site-packages/_distutils_hack/__pycache__) by extensions ['ros']
[0.957s] Level 1:colcon.colcon_core.package_identification:_identify(rospyvenv/lib/python3.10/site-packages/_distutils_hack/__pycache__) by extension 'ros'
[0.957s] Level 1:colcon.colcon_core.package_identification:_identify(rospyvenv/lib/python3.10/site-packages/_distutils_hack/__pycache__) by extensions ['cmake', 'python']
[0.957s] Level 1:colcon.colcon_core.package_identification:_identify(rospyvenv/lib/python3.10/site-packages/_distutils_hack/__pycache__) by extension 'cmake'
[0.957s] Level 1:colcon.colcon_core.package_identification:_identify(rospyvenv/lib/python3.10/site-packages/_distutils_hack/__pycache__) by extension 'python'
[0.958s] Level 1:colcon.colcon_core.package_identification:_identify(rospyvenv/lib/python3.10/site-packages/_distutils_hack/__pycache__) by extensions ['python_setup_py']
[0.958s] Level 1:colcon.colcon_core.package_identification:_identify(rospyvenv/lib/python3.10/site-packages/_distutils_hack/__pycache__) by extension 'python_setup_py'
[0.958s] Level 1:colcon.colcon_core.package_identification:_identify(rospyvenv/lib/python3.10/site-packages/dotenv) by extensions ['ignore', 'ignore_ament_install']
[0.958s] Level 1:colcon.colcon_core.package_identification:_identify(rospyvenv/lib/python3.10/site-packages/dotenv) by extension 'ignore'
[0.958s] Level 1:colcon.colcon_core.package_identification:_identify(rospyvenv/lib/python3.10/site-packages/dotenv) by extension 'ignore_ament_install'
[0.958s] Level 1:colcon.colcon_core.package_identification:_identify(rospyvenv/lib/python3.10/site-packages/dotenv) by extensions ['colcon_pkg']
[0.958s] Level 1:colcon.colcon_core.package_identification:_identify(rospyvenv/lib/python3.10/site-packages/dotenv) by extension 'colcon_pkg'
[0.958s] Level 1:colcon.colcon_core.package_identification:_identify(rospyvenv/lib/python3.10/site-packages/dotenv) by extensions ['colcon_meta']
[0.958s] Level 1:colcon.colcon_core.package_identification:_identify(rospyvenv/lib/python3.10/site-packages/dotenv) by extension 'colcon_meta'
[0.958s] Level 1:colcon.colcon_core.package_identification:_identify(rospyvenv/lib/python3.10/site-packages/dotenv) by extensions ['ros']
[0.958s] Level 1:colcon.colcon_core.package_identification:_identify(rospyvenv/lib/python3.10/site-packages/dotenv) by extension 'ros'
[0.958s] Level 1:colcon.colcon_core.package_identification:_identify(rospyvenv/lib/python3.10/site-packages/dotenv) by extensions ['cmake', 'python']
[0.958s] Level 1:colcon.colcon_core.package_identification:_identify(rospyvenv/lib/python3.10/site-packages/dotenv) by extension 'cmake'
[0.958s] Level 1:colcon.colcon_core.package_identification:_identify(rospyvenv/lib/python3.10/site-packages/dotenv) by extension 'python'
[0.958s] Level 1:colcon.colcon_core.package_identification:_identify(rospyvenv/lib/python3.10/site-packages/dotenv) by extensions ['python_setup_py']
[0.959s] Level 1:colcon.colcon_core.package_identification:_identify(rospyvenv/lib/python3.10/site-packages/dotenv) by extension 'python_setup_py'
[0.959s] Level 1:colcon.colcon_core.package_identification:_identify(rospyvenv/lib/python3.10/site-packages/dotenv/__pycache__) by extensions ['ignore', 'ignore_ament_install']
[0.959s] Level 1:colcon.colcon_core.package_identification:_identify(rospyvenv/lib/python3.10/site-packages/dotenv/__pycache__) by extension 'ignore'
[0.959s] Level 1:colcon.colcon_core.package_identification:_identify(rospyvenv/lib/python3.10/site-packages/dotenv/__pycache__) by extension 'ignore_ament_install'
[0.959s] Level 1:colcon.colcon_core.package_identification:_identify(rospyvenv/lib/python3.10/site-packages/dotenv/__pycache__) by extensions ['colcon_pkg']
[0.959s] Level 1:colcon.colcon_core.package_identification:_identify(rospyvenv/lib/python3.10/site-packages/dotenv/__pycache__) by extension 'colcon_pkg'
[0.959s] Level 1:colcon.colcon_core.package_identification:_identify(rospyvenv/lib/python3.10/site-packages/dotenv/__pycache__) by extensions ['colcon_meta']
[0.959s] Level 1:colcon.colcon_core.package_identification:_identify(rospyvenv/lib/python3.10/site-packages/dotenv/__pycache__) by extension 'colcon_meta'
[0.959s] Level 1:colcon.colcon_core.package_identification:_identify(rospyvenv/lib/python3.10/site-packages/dotenv/__pycache__) by extensions ['ros']
[0.959s] Level 1:colcon.colcon_core.package_identification:_identify(rospyvenv/lib/python3.10/site-packages/dotenv/__pycache__) by extension 'ros'
[0.959s] Level 1:colcon.colcon_core.package_identification:_identify(rospyvenv/lib/python3.10/site-packages/dotenv/__pycache__) by extensions ['cmake', 'python']
[0.959s] Level 1:colcon.colcon_core.package_identification:_identify(rospyvenv/lib/python3.10/site-packages/dotenv/__pycache__) by extension 'cmake'
[0.959s] Level 1:colcon.colcon_core.package_identification:_identify(rospyvenv/lib/python3.10/site-packages/dotenv/__pycache__) by extension 'python'
[0.959s] Level 1:colcon.colcon_core.package_identification:_identify(rospyvenv/lib/python3.10/site-packages/dotenv/__pycache__) by extensions ['python_setup_py']
[0.959s] Level 1:colcon.colcon_core.package_identification:_identify(rospyvenv/lib/python3.10/site-packages/dotenv/__pycache__) by extension 'python_setup_py'
[0.960s] Level 1:colcon.colcon_core.package_identification:_identify(rospyvenv/lib/python3.10/site-packages/pip) by extensions ['ignore', 'ignore_ament_install']
[0.960s] Level 1:colcon.colcon_core.package_identification:_identify(rospyvenv/lib/python3.10/site-packages/pip) by extension 'ignore'
[0.960s] Level 1:colcon.colcon_core.package_identification:_identify(rospyvenv/lib/python3.10/site-packages/pip) by extension 'ignore_ament_install'
[0.960s] Level 1:colcon.colcon_core.package_identification:_identify(rospyvenv/lib/python3.10/site-packages/pip) by extensions ['colcon_pkg']
[0.960s] Level 1:colcon.colcon_core.package_identification:_identify(rospyvenv/lib/python3.10/site-packages/pip) by extension 'colcon_pkg'
[0.960s] Level 1:colcon.colcon_core.package_identification:_identify(rospyvenv/lib/python3.10/site-packages/pip) by extensions ['colcon_meta']
[0.960s] Level 1:colcon.colcon_core.package_identification:_identify(rospyvenv/lib/python3.10/site-packages/pip) by extension 'colcon_meta'
[0.960s] Level 1:colcon.colcon_core.package_identification:_identify(rospyvenv/lib/python3.10/site-packages/pip) by extensions ['ros']
[0.960s] Level 1:colcon.colcon_core.package_identification:_identify(rospyvenv/lib/python3.10/site-packages/pip) by extension 'ros'
[0.960s] Level 1:colcon.colcon_core.package_identification:_identify(rospyvenv/lib/python3.10/site-packages/pip) by extensions ['cmake', 'python']
[0.960s] Level 1:colcon.colcon_core.package_identification:_identify(rospyvenv/lib/python3.10/site-packages/pip) by extension 'cmake'
[0.960s] Level 1:colcon.colcon_core.package_identification:_identify(rospyvenv/lib/python3.10/site-packages/pip) by extension 'python'
[0.960s] Level 1:colcon.colcon_core.package_identification:_identify(rospyvenv/lib/python3.10/site-packages/pip) by extensions ['python_setup_py']
[0.960s] Level 1:colcon.colcon_core.package_identification:_identify(rospyvenv/lib/python3.10/site-packages/pip) by extension 'python_setup_py'
[0.961s] Level 1:colcon.colcon_core.package_identification:_identify(rospyvenv/lib/python3.10/site-packages/pip/__pycache__) by extensions ['ignore', 'ignore_ament_install']
[0.961s] Level 1:colcon.colcon_core.package_identification:_identify(rospyvenv/lib/python3.10/site-packages/pip/__pycache__) by extension 'ignore'
[0.961s] Level 1:colcon.colcon_core.package_identification:_identify(rospyvenv/lib/python3.10/site-packages/pip/__pycache__) by extension 'ignore_ament_install'
[0.961s] Level 1:colcon.colcon_core.package_identification:_identify(rospyvenv/lib/python3.10/site-packages/pip/__pycache__) by extensions ['colcon_pkg']
[0.961s] Level 1:colcon.colcon_core.package_identification:_identify(rospyvenv/lib/python3.10/site-packages/pip/__pycache__) by extension 'colcon_pkg'
[0.961s] Level 1:colcon.colcon_core.package_identification:_identify(rospyvenv/lib/python3.10/site-packages/pip/__pycache__) by extensions ['colcon_meta']
[0.961s] Level 1:colcon.colcon_core.package_identification:_identify(rospyvenv/lib/python3.10/site-packages/pip/__pycache__) by extension 'colcon_meta'
[0.961s] Level 1:colcon.colcon_core.package_identification:_identify(rospyvenv/lib/python3.10/site-packages/pip/__pycache__) by extensions ['ros']
[0.961s] Level 1:colcon.colcon_core.package_identification:_identify(rospyvenv/lib/python3.10/site-packages/pip/__pycache__) by extension 'ros'
[0.961s] Level 1:colcon.colcon_core.package_identification:_identify(rospyvenv/lib/python3.10/site-packages/pip/__pycache__) by extensions ['cmake', 'python']
[0.961s] Level 1:colcon.colcon_core.package_identification:_identify(rospyvenv/lib/python3.10/site-packages/pip/__pycache__) by extension 'cmake'
[0.961s] Level 1:colcon.colcon_core.package_identification:_identify(rospyvenv/lib/python3.10/site-packages/pip/__pycache__) by extension 'python'
[0.961s] Level 1:colcon.colcon_core.package_identification:_identify(rospyvenv/lib/python3.10/site-packages/pip/__pycache__) by extensions ['python_setup_py']
[0.961s] Level 1:colcon.colcon_core.package_identification:_identify(rospyvenv/lib/python3.10/site-packages/pip/__pycache__) by extension 'python_setup_py'
[0.962s] Level 1:colcon.colcon_core.package_identification:_identify(rospyvenv/lib/python3.10/site-packages/pip/_internal) by extensions ['ignore', 'ignore_ament_install']
[0.962s] Level 1:colcon.colcon_core.package_identification:_identify(rospyvenv/lib/python3.10/site-packages/pip/_internal) by extension 'ignore'
[0.962s] Level 1:colcon.colcon_core.package_identification:_identify(rospyvenv/lib/python3.10/site-packages/pip/_internal) by extension 'ignore_ament_install'
[0.962s] Level 1:colcon.colcon_core.package_identification:_identify(rospyvenv/lib/python3.10/site-packages/pip/_internal) by extensions ['colcon_pkg']
[0.962s] Level 1:colcon.colcon_core.package_identification:_identify(rospyvenv/lib/python3.10/site-packages/pip/_internal) by extension 'colcon_pkg'
[0.962s] Level 1:colcon.colcon_core.package_identification:_identify(rospyvenv/lib/python3.10/site-packages/pip/_internal) by extensions ['colcon_meta']
[0.962s] Level 1:colcon.colcon_core.package_identification:_identify(rospyvenv/lib/python3.10/site-packages/pip/_internal) by extension 'colcon_meta'
[0.962s] Level 1:colcon.colcon_core.package_identification:_identify(rospyvenv/lib/python3.10/site-packages/pip/_internal) by extensions ['ros']
[0.962s] Level 1:colcon.colcon_core.package_identification:_identify(rospyvenv/lib/python3.10/site-packages/pip/_internal) by extension 'ros'
[0.962s] Level 1:colcon.colcon_core.package_identification:_identify(rospyvenv/lib/python3.10/site-packages/pip/_internal) by extensions ['cmake', 'python']
[0.962s] Level 1:colcon.colcon_core.package_identification:_identify(rospyvenv/lib/python3.10/site-packages/pip/_internal) by extension 'cmake'
[0.962s] Level 1:colcon.colcon_core.package_identification:_identify(rospyvenv/lib/python3.10/site-packages/pip/_internal) by extension 'python'
[0.962s] Level 1:colcon.colcon_core.package_identification:_identify(rospyvenv/lib/python3.10/site-packages/pip/_internal) by extensions ['python_setup_py']
[0.962s] Level 1:colcon.colcon_core.package_identification:_identify(rospyvenv/lib/python3.10/site-packages/pip/_internal) by extension 'python_setup_py'
[0.963s] Level 1:colcon.colcon_core.package_identification:_identify(rospyvenv/lib/python3.10/site-packages/pip/_internal/__pycache__) by extensions ['ignore', 'ignore_ament_install']
[0.963s] Level 1:colcon.colcon_core.package_identification:_identify(rospyvenv/lib/python3.10/site-packages/pip/_internal/__pycache__) by extension 'ignore'
[0.963s] Level 1:colcon.colcon_core.package_identification:_identify(rospyvenv/lib/python3.10/site-packages/pip/_internal/__pycache__) by extension 'ignore_ament_install'
[0.963s] Level 1:colcon.colcon_core.package_identification:_identify(rospyvenv/lib/python3.10/site-packages/pip/_internal/__pycache__) by extensions ['colcon_pkg']
[0.963s] Level 1:colcon.colcon_core.package_identification:_identify(rospyvenv/lib/python3.10/site-packages/pip/_internal/__pycache__) by extension 'colcon_pkg'
[0.963s] Level 1:colcon.colcon_core.package_identification:_identify(rospyvenv/lib/python3.10/site-packages/pip/_internal/__pycache__) by extensions ['colcon_meta']
[0.963s] Level 1:colcon.colcon_core.package_identification:_identify(rospyvenv/lib/python3.10/site-packages/pip/_internal/__pycache__) by extension 'colcon_meta'
[0.963s] Level 1:colcon.colcon_core.package_identification:_identify(rospyvenv/lib/python3.10/site-packages/pip/_internal/__pycache__) by extensions ['ros']
[0.963s] Level 1:colcon.colcon_core.package_identification:_identify(rospyvenv/lib/python3.10/site-packages/pip/_internal/__pycache__) by extension 'ros'
[0.963s] Level 1:colcon.colcon_core.package_identification:_identify(rospyvenv/lib/python3.10/site-packages/pip/_internal/__pycache__) by extensions ['cmake', 'python']
[0.963s] Level 1:colcon.colcon_core.package_identification:_identify(rospyvenv/lib/python3.10/site-packages/pip/_internal/__pycache__) by extension 'cmake'
[0.963s] Level 1:colcon.colcon_core.package_identification:_identify(rospyvenv/lib/python3.10/site-packages/pip/_internal/__pycache__) by extension 'python'
[0.963s] Level 1:colcon.colcon_core.package_identification:_identify(rospyvenv/lib/python3.10/site-packages/pip/_internal/__pycache__) by extensions ['python_setup_py']
[0.963s] Level 1:colcon.colcon_core.package_identification:_identify(rospyvenv/lib/python3.10/site-packages/pip/_internal/__pycache__) by extension 'python_setup_py'
[0.963s] Level 1:colcon.colcon_core.package_identification:_identify(rospyvenv/lib/python3.10/site-packages/pip/_internal/cli) by extensions ['ignore', 'ignore_ament_install']
[0.964s] Level 1:colcon.colcon_core.package_identification:_identify(rospyvenv/lib/python3.10/site-packages/pip/_internal/cli) by extension 'ignore'
[0.964s] Level 1:colcon.colcon_core.package_identification:_identify(rospyvenv/lib/python3.10/site-packages/pip/_internal/cli) by extension 'ignore_ament_install'
[0.964s] Level 1:colcon.colcon_core.package_identification:_identify(rospyvenv/lib/python3.10/site-packages/pip/_internal/cli) by extensions ['colcon_pkg']
[0.964s] Level 1:colcon.colcon_core.package_identification:_identify(rospyvenv/lib/python3.10/site-packages/pip/_internal/cli) by extension 'colcon_pkg'
[0.964s] Level 1:colcon.colcon_core.package_identification:_identify(rospyvenv/lib/python3.10/site-packages/pip/_internal/cli) by extensions ['colcon_meta']
[0.964s] Level 1:colcon.colcon_core.package_identification:_identify(rospyvenv/lib/python3.10/site-packages/pip/_internal/cli) by extension 'colcon_meta'
[0.964s] Level 1:colcon.colcon_core.package_identification:_identify(rospyvenv/lib/python3.10/site-packages/pip/_internal/cli) by extensions ['ros']
[0.964s] Level 1:colcon.colcon_core.package_identification:_identify(rospyvenv/lib/python3.10/site-packages/pip/_internal/cli) by extension 'ros'
[0.964s] Level 1:colcon.colcon_core.package_identification:_identify(rospyvenv/lib/python3.10/site-packages/pip/_internal/cli) by extensions ['cmake', 'python']
[0.964s] Level 1:colcon.colcon_core.package_identification:_identify(rospyvenv/lib/python3.10/site-packages/pip/_internal/cli) by extension 'cmake'
[0.964s] Level 1:colcon.colcon_core.package_identification:_identify(rospyvenv/lib/python3.10/site-packages/pip/_internal/cli) by extension 'python'
[0.964s] Level 1:colcon.colcon_core.package_identification:_identify(rospyvenv/lib/python3.10/site-packages/pip/_internal/cli) by extensions ['python_setup_py']
[0.964s] Level 1:colcon.colcon_core.package_identification:_identify(rospyvenv/lib/python3.10/site-packages/pip/_internal/cli) by extension 'python_setup_py'
[0.965s] Level 1:colcon.colcon_core.package_identification:_identify(rospyvenv/lib/python3.10/site-packages/pip/_internal/cli/__pycache__) by extensions ['ignore', 'ignore_ament_install']
[0.965s] Level 1:colcon.colcon_core.package_identification:_identify(rospyvenv/lib/python3.10/site-packages/pip/_internal/cli/__pycache__) by extension 'ignore'
[0.965s] Level 1:colcon.colcon_core.package_identification:_identify(rospyvenv/lib/python3.10/site-packages/pip/_internal/cli/__pycache__) by extension 'ignore_ament_install'
[0.965s] Level 1:colcon.colcon_core.package_identification:_identify(rospyvenv/lib/python3.10/site-packages/pip/_internal/cli/__pycache__) by extensions ['colcon_pkg']
[0.965s] Level 1:colcon.colcon_core.package_identification:_identify(rospyvenv/lib/python3.10/site-packages/pip/_internal/cli/__pycache__) by extension 'colcon_pkg'
[0.965s] Level 1:colcon.colcon_core.package_identification:_identify(rospyvenv/lib/python3.10/site-packages/pip/_internal/cli/__pycache__) by extensions ['colcon_meta']
[0.965s] Level 1:colcon.colcon_core.package_identification:_identify(rospyvenv/lib/python3.10/site-packages/pip/_internal/cli/__pycache__) by extension 'colcon_meta'
[0.965s] Level 1:colcon.colcon_core.package_identification:_identify(rospyvenv/lib/python3.10/site-packages/pip/_internal/cli/__pycache__) by extensions ['ros']
[0.965s] Level 1:colcon.colcon_core.package_identification:_identify(rospyvenv/lib/python3.10/site-packages/pip/_internal/cli/__pycache__) by extension 'ros'
[0.965s] Level 1:colcon.colcon_core.package_identification:_identify(rospyvenv/lib/python3.10/site-packages/pip/_internal/cli/__pycache__) by extensions ['cmake', 'python']
[0.965s] Level 1:colcon.colcon_core.package_identification:_identify(rospyvenv/lib/python3.10/site-packages/pip/_internal/cli/__pycache__) by extension 'cmake'
[0.965s] Level 1:colcon.colcon_core.package_identification:_identify(rospyvenv/lib/python3.10/site-packages/pip/_internal/cli/__pycache__) by extension 'python'
[0.965s] Level 1:colcon.colcon_core.package_identification:_identify(rospyvenv/lib/python3.10/site-packages/pip/_internal/cli/__pycache__) by extensions ['python_setup_py']
[0.965s] Level 1:colcon.colcon_core.package_identification:_identify(rospyvenv/lib/python3.10/site-packages/pip/_internal/cli/__pycache__) by extension 'python_setup_py'
[0.965s] Level 1:colcon.colcon_core.package_identification:_identify(rospyvenv/lib/python3.10/site-packages/pip/_internal/commands) by extensions ['ignore', 'ignore_ament_install']
[0.965s] Level 1:colcon.colcon_core.package_identification:_identify(rospyvenv/lib/python3.10/site-packages/pip/_internal/commands) by extension 'ignore'
[0.966s] Level 1:colcon.colcon_core.package_identification:_identify(rospyvenv/lib/python3.10/site-packages/pip/_internal/commands) by extension 'ignore_ament_install'
[0.966s] Level 1:colcon.colcon_core.package_identification:_identify(rospyvenv/lib/python3.10/site-packages/pip/_internal/commands) by extensions ['colcon_pkg']
[0.966s] Level 1:colcon.colcon_core.package_identification:_identify(rospyvenv/lib/python3.10/site-packages/pip/_internal/commands) by extension 'colcon_pkg'
[0.966s] Level 1:colcon.colcon_core.package_identification:_identify(rospyvenv/lib/python3.10/site-packages/pip/_internal/commands) by extensions ['colcon_meta']
[0.966s] Level 1:colcon.colcon_core.package_identification:_identify(rospyvenv/lib/python3.10/site-packages/pip/_internal/commands) by extension 'colcon_meta'
[0.966s] Level 1:colcon.colcon_core.package_identification:_identify(rospyvenv/lib/python3.10/site-packages/pip/_internal/commands) by extensions ['ros']
[0.966s] Level 1:colcon.colcon_core.package_identification:_identify(rospyvenv/lib/python3.10/site-packages/pip/_internal/commands) by extension 'ros'
[0.966s] Level 1:colcon.colcon_core.package_identification:_identify(rospyvenv/lib/python3.10/site-packages/pip/_internal/commands) by extensions ['cmake', 'python']
[0.966s] Level 1:colcon.colcon_core.package_identification:_identify(rospyvenv/lib/python3.10/site-packages/pip/_internal/commands) by extension 'cmake'
[0.966s] Level 1:colcon.colcon_core.package_identification:_identify(rospyvenv/lib/python3.10/site-packages/pip/_internal/commands) by extension 'python'
[0.966s] Level 1:colcon.colcon_core.package_identification:_identify(rospyvenv/lib/python3.10/site-packages/pip/_internal/commands) by extensions ['python_setup_py']
[0.966s] Level 1:colcon.colcon_core.package_identification:_identify(rospyvenv/lib/python3.10/site-packages/pip/_internal/commands) by extension 'python_setup_py'
[0.966s] Level 1:colcon.colcon_core.package_identification:_identify(rospyvenv/lib/python3.10/site-packages/pip/_internal/commands/__pycache__) by extensions ['ignore', 'ignore_ament_install']
[0.966s] Level 1:colcon.colcon_core.package_identification:_identify(rospyvenv/lib/python3.10/site-packages/pip/_internal/commands/__pycache__) by extension 'ignore'
[0.967s] Level 1:colcon.colcon_core.package_identification:_identify(rospyvenv/lib/python3.10/site-packages/pip/_internal/commands/__pycache__) by extension 'ignore_ament_install'
[0.967s] Level 1:colcon.colcon_core.package_identification:_identify(rospyvenv/lib/python3.10/site-packages/pip/_internal/commands/__pycache__) by extensions ['colcon_pkg']
[0.967s] Level 1:colcon.colcon_core.package_identification:_identify(rospyvenv/lib/python3.10/site-packages/pip/_internal/commands/__pycache__) by extension 'colcon_pkg'
[0.967s] Level 1:colcon.colcon_core.package_identification:_identify(rospyvenv/lib/python3.10/site-packages/pip/_internal/commands/__pycache__) by extensions ['colcon_meta']
[0.967s] Level 1:colcon.colcon_core.package_identification:_identify(rospyvenv/lib/python3.10/site-packages/pip/_internal/commands/__pycache__) by extension 'colcon_meta'
[0.967s] Level 1:colcon.colcon_core.package_identification:_identify(rospyvenv/lib/python3.10/site-packages/pip/_internal/commands/__pycache__) by extensions ['ros']
[0.967s] Level 1:colcon.colcon_core.package_identification:_identify(rospyvenv/lib/python3.10/site-packages/pip/_internal/commands/__pycache__) by extension 'ros'
[0.967s] Level 1:colcon.colcon_core.package_identification:_identify(rospyvenv/lib/python3.10/site-packages/pip/_internal/commands/__pycache__) by extensions ['cmake', 'python']
[0.967s] Level 1:colcon.colcon_core.package_identification:_identify(rospyvenv/lib/python3.10/site-packages/pip/_internal/commands/__pycache__) by extension 'cmake'
[0.967s] Level 1:colcon.colcon_core.package_identification:_identify(rospyvenv/lib/python3.10/site-packages/pip/_internal/commands/__pycache__) by extension 'python'
[0.967s] Level 1:colcon.colcon_core.package_identification:_identify(rospyvenv/lib/python3.10/site-packages/pip/_internal/commands/__pycache__) by extensions ['python_setup_py']
[0.967s] Level 1:colcon.colcon_core.package_identification:_identify(rospyvenv/lib/python3.10/site-packages/pip/_internal/commands/__pycache__) by extension 'python_setup_py'
[0.967s] Level 1:colcon.colcon_core.package_identification:_identify(rospyvenv/lib/python3.10/site-packages/pip/_internal/distributions) by extensions ['ignore', 'ignore_ament_install']
[0.967s] Level 1:colcon.colcon_core.package_identification:_identify(rospyvenv/lib/python3.10/site-packages/pip/_internal/distributions) by extension 'ignore'
[0.967s] Level 1:colcon.colcon_core.package_identification:_identify(rospyvenv/lib/python3.10/site-packages/pip/_internal/distributions) by extension 'ignore_ament_install'
[0.967s] Level 1:colcon.colcon_core.package_identification:_identify(rospyvenv/lib/python3.10/site-packages/pip/_internal/distributions) by extensions ['colcon_pkg']
[0.967s] Level 1:colcon.colcon_core.package_identification:_identify(rospyvenv/lib/python3.10/site-packages/pip/_internal/distributions) by extension 'colcon_pkg'
[0.968s] Level 1:colcon.colcon_core.package_identification:_identify(rospyvenv/lib/python3.10/site-packages/pip/_internal/distributions) by extensions ['colcon_meta']
[0.968s] Level 1:colcon.colcon_core.package_identification:_identify(rospyvenv/lib/python3.10/site-packages/pip/_internal/distributions) by extension 'colcon_meta'
[0.968s] Level 1:colcon.colcon_core.package_identification:_identify(rospyvenv/lib/python3.10/site-packages/pip/_internal/distributions) by extensions ['ros']
[0.968s] Level 1:colcon.colcon_core.package_identification:_identify(rospyvenv/lib/python3.10/site-packages/pip/_internal/distributions) by extension 'ros'
[0.968s] Level 1:colcon.colcon_core.package_identification:_identify(rospyvenv/lib/python3.10/site-packages/pip/_internal/distributions) by extensions ['cmake', 'python']
[0.968s] Level 1:colcon.colcon_core.package_identification:_identify(rospyvenv/lib/python3.10/site-packages/pip/_internal/distributions) by extension 'cmake'
[0.968s] Level 1:colcon.colcon_core.package_identification:_identify(rospyvenv/lib/python3.10/site-packages/pip/_internal/distributions) by extension 'python'
[0.968s] Level 1:colcon.colcon_core.package_identification:_identify(rospyvenv/lib/python3.10/site-packages/pip/_internal/distributions) by extensions ['python_setup_py']
[0.968s] Level 1:colcon.colcon_core.package_identification:_identify(rospyvenv/lib/python3.10/site-packages/pip/_internal/distributions) by extension 'python_setup_py'
[0.968s] Level 1:colcon.colcon_core.package_identification:_identify(rospyvenv/lib/python3.10/site-packages/pip/_internal/distributions/__pycache__) by extensions ['ignore', 'ignore_ament_install']
[0.968s] Level 1:colcon.colcon_core.package_identification:_identify(rospyvenv/lib/python3.10/site-packages/pip/_internal/distributions/__pycache__) by extension 'ignore'
[0.968s] Level 1:colcon.colcon_core.package_identification:_identify(rospyvenv/lib/python3.10/site-packages/pip/_internal/distributions/__pycache__) by extension 'ignore_ament_install'
[0.968s] Level 1:colcon.colcon_core.package_identification:_identify(rospyvenv/lib/python3.10/site-packages/pip/_internal/distributions/__pycache__) by extensions ['colcon_pkg']
[0.968s] Level 1:colcon.colcon_core.package_identification:_identify(rospyvenv/lib/python3.10/site-packages/pip/_internal/distributions/__pycache__) by extension 'colcon_pkg'
[0.968s] Level 1:colcon.colcon_core.package_identification:_identify(rospyvenv/lib/python3.10/site-packages/pip/_internal/distributions/__pycache__) by extensions ['colcon_meta']
[0.968s] Level 1:colcon.colcon_core.package_identification:_identify(rospyvenv/lib/python3.10/site-packages/pip/_internal/distributions/__pycache__) by extension 'colcon_meta'
[0.969s] Level 1:colcon.colcon_core.package_identification:_identify(rospyvenv/lib/python3.10/site-packages/pip/_internal/distributions/__pycache__) by extensions ['ros']
[0.969s] Level 1:colcon.colcon_core.package_identification:_identify(rospyvenv/lib/python3.10/site-packages/pip/_internal/distributions/__pycache__) by extension 'ros'
[0.969s] Level 1:colcon.colcon_core.package_identification:_identify(rospyvenv/lib/python3.10/site-packages/pip/_internal/distributions/__pycache__) by extensions ['cmake', 'python']
[0.969s] Level 1:colcon.colcon_core.package_identification:_identify(rospyvenv/lib/python3.10/site-packages/pip/_internal/distributions/__pycache__) by extension 'cmake'
[0.969s] Level 1:colcon.colcon_core.package_identification:_identify(rospyvenv/lib/python3.10/site-packages/pip/_internal/distributions/__pycache__) by extension 'python'
[0.969s] Level 1:colcon.colcon_core.package_identification:_identify(rospyvenv/lib/python3.10/site-packages/pip/_internal/distributions/__pycache__) by extensions ['python_setup_py']
[0.969s] Level 1:colcon.colcon_core.package_identification:_identify(rospyvenv/lib/python3.10/site-packages/pip/_internal/distributions/__pycache__) by extension 'python_setup_py'
[0.969s] Level 1:colcon.colcon_core.package_identification:_identify(rospyvenv/lib/python3.10/site-packages/pip/_internal/index) by extensions ['ignore', 'ignore_ament_install']
[0.969s] Level 1:colcon.colcon_core.package_identification:_identify(rospyvenv/lib/python3.10/site-packages/pip/_internal/index) by extension 'ignore'
[0.969s] Level 1:colcon.colcon_core.package_identification:_identify(rospyvenv/lib/python3.10/site-packages/pip/_internal/index) by extension 'ignore_ament_install'
[0.969s] Level 1:colcon.colcon_core.package_identification:_identify(rospyvenv/lib/python3.10/site-packages/pip/_internal/index) by extensions ['colcon_pkg']
[0.969s] Level 1:colcon.colcon_core.package_identification:_identify(rospyvenv/lib/python3.10/site-packages/pip/_internal/index) by extension 'colcon_pkg'
[0.969s] Level 1:colcon.colcon_core.package_identification:_identify(rospyvenv/lib/python3.10/site-packages/pip/_internal/index) by extensions ['colcon_meta']
[0.969s] Level 1:colcon.colcon_core.package_identification:_identify(rospyvenv/lib/python3.10/site-packages/pip/_internal/index) by extension 'colcon_meta'
[0.969s] Level 1:colcon.colcon_core.package_identification:_identify(rospyvenv/lib/python3.10/site-packages/pip/_internal/index) by extensions ['ros']
[0.970s] Level 1:colcon.colcon_core.package_identification:_identify(rospyvenv/lib/python3.10/site-packages/pip/_internal/index) by extension 'ros'
[0.970s] Level 1:colcon.colcon_core.package_identification:_identify(rospyvenv/lib/python3.10/site-packages/pip/_internal/index) by extensions ['cmake', 'python']
[0.970s] Level 1:colcon.colcon_core.package_identification:_identify(rospyvenv/lib/python3.10/site-packages/pip/_internal/index) by extension 'cmake'
[0.970s] Level 1:colcon.colcon_core.package_identification:_identify(rospyvenv/lib/python3.10/site-packages/pip/_internal/index) by extension 'python'
[0.970s] Level 1:colcon.colcon_core.package_identification:_identify(rospyvenv/lib/python3.10/site-packages/pip/_internal/index) by extensions ['python_setup_py']
[0.970s] Level 1:colcon.colcon_core.package_identification:_identify(rospyvenv/lib/python3.10/site-packages/pip/_internal/index) by extension 'python_setup_py'
[0.970s] Level 1:colcon.colcon_core.package_identification:_identify(rospyvenv/lib/python3.10/site-packages/pip/_internal/index/__pycache__) by extensions ['ignore', 'ignore_ament_install']
[0.970s] Level 1:colcon.colcon_core.package_identification:_identify(rospyvenv/lib/python3.10/site-packages/pip/_internal/index/__pycache__) by extension 'ignore'
[0.970s] Level 1:colcon.colcon_core.package_identification:_identify(rospyvenv/lib/python3.10/site-packages/pip/_internal/index/__pycache__) by extension 'ignore_ament_install'
[0.970s] Level 1:colcon.colcon_core.package_identification:_identify(rospyvenv/lib/python3.10/site-packages/pip/_internal/index/__pycache__) by extensions ['colcon_pkg']
[0.970s] Level 1:colcon.colcon_core.package_identification:_identify(rospyvenv/lib/python3.10/site-packages/pip/_internal/index/__pycache__) by extension 'colcon_pkg'
[0.970s] Level 1:colcon.colcon_core.package_identification:_identify(rospyvenv/lib/python3.10/site-packages/pip/_internal/index/__pycache__) by extensions ['colcon_meta']
[0.970s] Level 1:colcon.colcon_core.package_identification:_identify(rospyvenv/lib/python3.10/site-packages/pip/_internal/index/__pycache__) by extension 'colcon_meta'
[0.970s] Level 1:colcon.colcon_core.package_identification:_identify(rospyvenv/lib/python3.10/site-packages/pip/_internal/index/__pycache__) by extensions ['ros']
[0.970s] Level 1:colcon.colcon_core.package_identification:_identify(rospyvenv/lib/python3.10/site-packages/pip/_internal/index/__pycache__) by extension 'ros'
[0.971s] Level 1:colcon.colcon_core.package_identification:_identify(rospyvenv/lib/python3.10/site-packages/pip/_internal/index/__pycache__) by extensions ['cmake', 'python']
[0.971s] Level 1:colcon.colcon_core.package_identification:_identify(rospyvenv/lib/python3.10/site-packages/pip/_internal/index/__pycache__) by extension 'cmake'
[0.971s] Level 1:colcon.colcon_core.package_identification:_identify(rospyvenv/lib/python3.10/site-packages/pip/_internal/index/__pycache__) by extension 'python'
[0.971s] Level 1:colcon.colcon_core.package_identification:_identify(rospyvenv/lib/python3.10/site-packages/pip/_internal/index/__pycache__) by extensions ['python_setup_py']
[0.971s] Level 1:colcon.colcon_core.package_identification:_identify(rospyvenv/lib/python3.10/site-packages/pip/_internal/index/__pycache__) by extension 'python_setup_py'
[0.971s] Level 1:colcon.colcon_core.package_identification:_identify(rospyvenv/lib/python3.10/site-packages/pip/_internal/locations) by extensions ['ignore', 'ignore_ament_install']
[0.971s] Level 1:colcon.colcon_core.package_identification:_identify(rospyvenv/lib/python3.10/site-packages/pip/_internal/locations) by extension 'ignore'
[0.971s] Level 1:colcon.colcon_core.package_identification:_identify(rospyvenv/lib/python3.10/site-packages/pip/_internal/locations) by extension 'ignore_ament_install'
[0.971s] Level 1:colcon.colcon_core.package_identification:_identify(rospyvenv/lib/python3.10/site-packages/pip/_internal/locations) by extensions ['colcon_pkg']
[0.971s] Level 1:colcon.colcon_core.package_identification:_identify(rospyvenv/lib/python3.10/site-packages/pip/_internal/locations) by extension 'colcon_pkg'
[0.971s] Level 1:colcon.colcon_core.package_identification:_identify(rospyvenv/lib/python3.10/site-packages/pip/_internal/locations) by extensions ['colcon_meta']
[0.971s] Level 1:colcon.colcon_core.package_identification:_identify(rospyvenv/lib/python3.10/site-packages/pip/_internal/locations) by extension 'colcon_meta'
[0.971s] Level 1:colcon.colcon_core.package_identification:_identify(rospyvenv/lib/python3.10/site-packages/pip/_internal/locations) by extensions ['ros']
[0.971s] Level 1:colcon.colcon_core.package_identification:_identify(rospyvenv/lib/python3.10/site-packages/pip/_internal/locations) by extension 'ros'
[0.971s] Level 1:colcon.colcon_core.package_identification:_identify(rospyvenv/lib/python3.10/site-packages/pip/_internal/locations) by extensions ['cmake', 'python']
[0.971s] Level 1:colcon.colcon_core.package_identification:_identify(rospyvenv/lib/python3.10/site-packages/pip/_internal/locations) by extension 'cmake'
[0.971s] Level 1:colcon.colcon_core.package_identification:_identify(rospyvenv/lib/python3.10/site-packages/pip/_internal/locations) by extension 'python'
[0.972s] Level 1:colcon.colcon_core.package_identification:_identify(rospyvenv/lib/python3.10/site-packages/pip/_internal/locations) by extensions ['python_setup_py']
[0.972s] Level 1:colcon.colcon_core.package_identification:_identify(rospyvenv/lib/python3.10/site-packages/pip/_internal/locations) by extension 'python_setup_py'
[0.972s] Level 1:colcon.colcon_core.package_identification:_identify(rospyvenv/lib/python3.10/site-packages/pip/_internal/locations/__pycache__) by extensions ['ignore', 'ignore_ament_install']
[0.972s] Level 1:colcon.colcon_core.package_identification:_identify(rospyvenv/lib/python3.10/site-packages/pip/_internal/locations/__pycache__) by extension 'ignore'
[0.972s] Level 1:colcon.colcon_core.package_identification:_identify(rospyvenv/lib/python3.10/site-packages/pip/_internal/locations/__pycache__) by extension 'ignore_ament_install'
[0.972s] Level 1:colcon.colcon_core.package_identification:_identify(rospyvenv/lib/python3.10/site-packages/pip/_internal/locations/__pycache__) by extensions ['colcon_pkg']
[0.972s] Level 1:colcon.colcon_core.package_identification:_identify(rospyvenv/lib/python3.10/site-packages/pip/_internal/locations/__pycache__) by extension 'colcon_pkg'
[0.972s] Level 1:colcon.colcon_core.package_identification:_identify(rospyvenv/lib/python3.10/site-packages/pip/_internal/locations/__pycache__) by extensions ['colcon_meta']
[0.972s] Level 1:colcon.colcon_core.package_identification:_identify(rospyvenv/lib/python3.10/site-packages/pip/_internal/locations/__pycache__) by extension 'colcon_meta'
[0.972s] Level 1:colcon.colcon_core.package_identification:_identify(rospyvenv/lib/python3.10/site-packages/pip/_internal/locations/__pycache__) by extensions ['ros']
[0.972s] Level 1:colcon.colcon_core.package_identification:_identify(rospyvenv/lib/python3.10/site-packages/pip/_internal/locations/__pycache__) by extension 'ros'
[0.972s] Level 1:colcon.colcon_core.package_identification:_identify(rospyvenv/lib/python3.10/site-packages/pip/_internal/locations/__pycache__) by extensions ['cmake', 'python']
[0.972s] Level 1:colcon.colcon_core.package_identification:_identify(rospyvenv/lib/python3.10/site-packages/pip/_internal/locations/__pycache__) by extension 'cmake'
[0.972s] Level 1:colcon.colcon_core.package_identification:_identify(rospyvenv/lib/python3.10/site-packages/pip/_internal/locations/__pycache__) by extension 'python'
[0.972s] Level 1:colcon.colcon_core.package_identification:_identify(rospyvenv/lib/python3.10/site-packages/pip/_internal/locations/__pycache__) by extensions ['python_setup_py']
[0.972s] Level 1:colcon.colcon_core.package_identification:_identify(rospyvenv/lib/python3.10/site-packages/pip/_internal/locations/__pycache__) by extension 'python_setup_py'
[0.973s] Level 1:colcon.colcon_core.package_identification:_identify(rospyvenv/lib/python3.10/site-packages/pip/_internal/metadata) by extensions ['ignore', 'ignore_ament_install']
[0.973s] Level 1:colcon.colcon_core.package_identification:_identify(rospyvenv/lib/python3.10/site-packages/pip/_internal/metadata) by extension 'ignore'
[0.973s] Level 1:colcon.colcon_core.package_identification:_identify(rospyvenv/lib/python3.10/site-packages/pip/_internal/metadata) by extension 'ignore_ament_install'
[0.973s] Level 1:colcon.colcon_core.package_identification:_identify(rospyvenv/lib/python3.10/site-packages/pip/_internal/metadata) by extensions ['colcon_pkg']
[0.973s] Level 1:colcon.colcon_core.package_identification:_identify(rospyvenv/lib/python3.10/site-packages/pip/_internal/metadata) by extension 'colcon_pkg'
[0.973s] Level 1:colcon.colcon_core.package_identification:_identify(rospyvenv/lib/python3.10/site-packages/pip/_internal/metadata) by extensions ['colcon_meta']
[0.973s] Level 1:colcon.colcon_core.package_identification:_identify(rospyvenv/lib/python3.10/site-packages/pip/_internal/metadata) by extension 'colcon_meta'
[0.973s] Level 1:colcon.colcon_core.package_identification:_identify(rospyvenv/lib/python3.10/site-packages/pip/_internal/metadata) by extensions ['ros']
[0.973s] Level 1:colcon.colcon_core.package_identification:_identify(rospyvenv/lib/python3.10/site-packages/pip/_internal/metadata) by extension 'ros'
[0.973s] Level 1:colcon.colcon_core.package_identification:_identify(rospyvenv/lib/python3.10/site-packages/pip/_internal/metadata) by extensions ['cmake', 'python']
[0.973s] Level 1:colcon.colcon_core.package_identification:_identify(rospyvenv/lib/python3.10/site-packages/pip/_internal/metadata) by extension 'cmake'
[0.973s] Level 1:colcon.colcon_core.package_identification:_identify(rospyvenv/lib/python3.10/site-packages/pip/_internal/metadata) by extension 'python'
[0.973s] Level 1:colcon.colcon_core.package_identification:_identify(rospyvenv/lib/python3.10/site-packages/pip/_internal/metadata) by extensions ['python_setup_py']
[0.973s] Level 1:colcon.colcon_core.package_identification:_identify(rospyvenv/lib/python3.10/site-packages/pip/_internal/metadata) by extension 'python_setup_py'
[0.974s] Level 1:colcon.colcon_core.package_identification:_identify(rospyvenv/lib/python3.10/site-packages/pip/_internal/metadata/__pycache__) by extensions ['ignore', 'ignore_ament_install']
[0.974s] Level 1:colcon.colcon_core.package_identification:_identify(rospyvenv/lib/python3.10/site-packages/pip/_internal/metadata/__pycache__) by extension 'ignore'
[0.974s] Level 1:colcon.colcon_core.package_identification:_identify(rospyvenv/lib/python3.10/site-packages/pip/_internal/metadata/__pycache__) by extension 'ignore_ament_install'
[0.974s] Level 1:colcon.colcon_core.package_identification:_identify(rospyvenv/lib/python3.10/site-packages/pip/_internal/metadata/__pycache__) by extensions ['colcon_pkg']
[0.974s] Level 1:colcon.colcon_core.package_identification:_identify(rospyvenv/lib/python3.10/site-packages/pip/_internal/metadata/__pycache__) by extension 'colcon_pkg'
[0.974s] Level 1:colcon.colcon_core.package_identification:_identify(rospyvenv/lib/python3.10/site-packages/pip/_internal/metadata/__pycache__) by extensions ['colcon_meta']
[0.974s] Level 1:colcon.colcon_core.package_identification:_identify(rospyvenv/lib/python3.10/site-packages/pip/_internal/metadata/__pycache__) by extension 'colcon_meta'
[0.974s] Level 1:colcon.colcon_core.package_identification:_identify(rospyvenv/lib/python3.10/site-packages/pip/_internal/metadata/__pycache__) by extensions ['ros']
[0.974s] Level 1:colcon.colcon_core.package_identification:_identify(rospyvenv/lib/python3.10/site-packages/pip/_internal/metadata/__pycache__) by extension 'ros'
[0.974s] Level 1:colcon.colcon_core.package_identification:_identify(rospyvenv/lib/python3.10/site-packages/pip/_internal/metadata/__pycache__) by extensions ['cmake', 'python']
[0.974s] Level 1:colcon.colcon_core.package_identification:_identify(rospyvenv/lib/python3.10/site-packages/pip/_internal/metadata/__pycache__) by extension 'cmake'
[0.974s] Level 1:colcon.colcon_core.package_identification:_identify(rospyvenv/lib/python3.10/site-packages/pip/_internal/metadata/__pycache__) by extension 'python'
[0.974s] Level 1:colcon.colcon_core.package_identification:_identify(rospyvenv/lib/python3.10/site-packages/pip/_internal/metadata/__pycache__) by extensions ['python_setup_py']
[0.974s] Level 1:colcon.colcon_core.package_identification:_identify(rospyvenv/lib/python3.10/site-packages/pip/_internal/metadata/__pycache__) by extension 'python_setup_py'
[0.975s] Level 1:colcon.colcon_core.package_identification:_identify(rospyvenv/lib/python3.10/site-packages/pip/_internal/models) by extensions ['ignore', 'ignore_ament_install']
[0.975s] Level 1:colcon.colcon_core.package_identification:_identify(rospyvenv/lib/python3.10/site-packages/pip/_internal/models) by extension 'ignore'
[0.975s] Level 1:colcon.colcon_core.package_identification:_identify(rospyvenv/lib/python3.10/site-packages/pip/_internal/models) by extension 'ignore_ament_install'
[0.975s] Level 1:colcon.colcon_core.package_identification:_identify(rospyvenv/lib/python3.10/site-packages/pip/_internal/models) by extensions ['colcon_pkg']
[0.975s] Level 1:colcon.colcon_core.package_identification:_identify(rospyvenv/lib/python3.10/site-packages/pip/_internal/models) by extension 'colcon_pkg'
[0.975s] Level 1:colcon.colcon_core.package_identification:_identify(rospyvenv/lib/python3.10/site-packages/pip/_internal/models) by extensions ['colcon_meta']
[0.975s] Level 1:colcon.colcon_core.package_identification:_identify(rospyvenv/lib/python3.10/site-packages/pip/_internal/models) by extension 'colcon_meta'
[0.975s] Level 1:colcon.colcon_core.package_identification:_identify(rospyvenv/lib/python3.10/site-packages/pip/_internal/models) by extensions ['ros']
[0.975s] Level 1:colcon.colcon_core.package_identification:_identify(rospyvenv/lib/python3.10/site-packages/pip/_internal/models) by extension 'ros'
[0.975s] Level 1:colcon.colcon_core.package_identification:_identify(rospyvenv/lib/python3.10/site-packages/pip/_internal/models) by extensions ['cmake', 'python']
[0.975s] Level 1:colcon.colcon_core.package_identification:_identify(rospyvenv/lib/python3.10/site-packages/pip/_internal/models) by extension 'cmake'
[0.975s] Level 1:colcon.colcon_core.package_identification:_identify(rospyvenv/lib/python3.10/site-packages/pip/_internal/models) by extension 'python'
[0.975s] Level 1:colcon.colcon_core.package_identification:_identify(rospyvenv/lib/python3.10/site-packages/pip/_internal/models) by extensions ['python_setup_py']
[0.975s] Level 1:colcon.colcon_core.package_identification:_identify(rospyvenv/lib/python3.10/site-packages/pip/_internal/models) by extension 'python_setup_py'
[0.976s] Level 1:colcon.colcon_core.package_identification:_identify(rospyvenv/lib/python3.10/site-packages/pip/_internal/models/__pycache__) by extensions ['ignore', 'ignore_ament_install']
[0.976s] Level 1:colcon.colcon_core.package_identification:_identify(rospyvenv/lib/python3.10/site-packages/pip/_internal/models/__pycache__) by extension 'ignore'
[0.976s] Level 1:colcon.colcon_core.package_identification:_identify(rospyvenv/lib/python3.10/site-packages/pip/_internal/models/__pycache__) by extension 'ignore_ament_install'
[0.976s] Level 1:colcon.colcon_core.package_identification:_identify(rospyvenv/lib/python3.10/site-packages/pip/_internal/models/__pycache__) by extensions ['colcon_pkg']
[0.976s] Level 1:colcon.colcon_core.package_identification:_identify(rospyvenv/lib/python3.10/site-packages/pip/_internal/models/__pycache__) by extension 'colcon_pkg'
[0.976s] Level 1:colcon.colcon_core.package_identification:_identify(rospyvenv/lib/python3.10/site-packages/pip/_internal/models/__pycache__) by extensions ['colcon_meta']
[0.976s] Level 1:colcon.colcon_core.package_identification:_identify(rospyvenv/lib/python3.10/site-packages/pip/_internal/models/__pycache__) by extension 'colcon_meta'
[0.976s] Level 1:colcon.colcon_core.package_identification:_identify(rospyvenv/lib/python3.10/site-packages/pip/_internal/models/__pycache__) by extensions ['ros']
[0.976s] Level 1:colcon.colcon_core.package_identification:_identify(rospyvenv/lib/python3.10/site-packages/pip/_internal/models/__pycache__) by extension 'ros'
[0.976s] Level 1:colcon.colcon_core.package_identification:_identify(rospyvenv/lib/python3.10/site-packages/pip/_internal/models/__pycache__) by extensions ['cmake', 'python']
[0.976s] Level 1:colcon.colcon_core.package_identification:_identify(rospyvenv/lib/python3.10/site-packages/pip/_internal/models/__pycache__) by extension 'cmake'
[0.976s] Level 1:colcon.colcon_core.package_identification:_identify(rospyvenv/lib/python3.10/site-packages/pip/_internal/models/__pycache__) by extension 'python'
[0.976s] Level 1:colcon.colcon_core.package_identification:_identify(rospyvenv/lib/python3.10/site-packages/pip/_internal/models/__pycache__) by extensions ['python_setup_py']
[0.976s] Level 1:colcon.colcon_core.package_identification:_identify(rospyvenv/lib/python3.10/site-packages/pip/_internal/models/__pycache__) by extension 'python_setup_py'
[0.976s] Level 1:colcon.colcon_core.package_identification:_identify(rospyvenv/lib/python3.10/site-packages/pip/_internal/network) by extensions ['ignore', 'ignore_ament_install']
[0.977s] Level 1:colcon.colcon_core.package_identification:_identify(rospyvenv/lib/python3.10/site-packages/pip/_internal/network) by extension 'ignore'
[0.977s] Level 1:colcon.colcon_core.package_identification:_identify(rospyvenv/lib/python3.10/site-packages/pip/_internal/network) by extension 'ignore_ament_install'
[0.977s] Level 1:colcon.colcon_core.package_identification:_identify(rospyvenv/lib/python3.10/site-packages/pip/_internal/network) by extensions ['colcon_pkg']
[0.977s] Level 1:colcon.colcon_core.package_identification:_identify(rospyvenv/lib/python3.10/site-packages/pip/_internal/network) by extension 'colcon_pkg'
[0.977s] Level 1:colcon.colcon_core.package_identification:_identify(rospyvenv/lib/python3.10/site-packages/pip/_internal/network) by extensions ['colcon_meta']
[0.977s] Level 1:colcon.colcon_core.package_identification:_identify(rospyvenv/lib/python3.10/site-packages/pip/_internal/network) by extension 'colcon_meta'
[0.977s] Level 1:colcon.colcon_core.package_identification:_identify(rospyvenv/lib/python3.10/site-packages/pip/_internal/network) by extensions ['ros']
[0.977s] Level 1:colcon.colcon_core.package_identification:_identify(rospyvenv/lib/python3.10/site-packages/pip/_internal/network) by extension 'ros'
[0.977s] Level 1:colcon.colcon_core.package_identification:_identify(rospyvenv/lib/python3.10/site-packages/pip/_internal/network) by extensions ['cmake', 'python']
[0.977s] Level 1:colcon.colcon_core.package_identification:_identify(rospyvenv/lib/python3.10/site-packages/pip/_internal/network) by extension 'cmake'
[0.977s] Level 1:colcon.colcon_core.package_identification:_identify(rospyvenv/lib/python3.10/site-packages/pip/_internal/network) by extension 'python'
[0.977s] Level 1:colcon.colcon_core.package_identification:_identify(rospyvenv/lib/python3.10/site-packages/pip/_internal/network) by extensions ['python_setup_py']
[0.977s] Level 1:colcon.colcon_core.package_identification:_identify(rospyvenv/lib/python3.10/site-packages/pip/_internal/network) by extension 'python_setup_py'
[0.977s] Level 1:colcon.colcon_core.package_identification:_identify(rospyvenv/lib/python3.10/site-packages/pip/_internal/network/__pycache__) by extensions ['ignore', 'ignore_ament_install']
[0.977s] Level 1:colcon.colcon_core.package_identification:_identify(rospyvenv/lib/python3.10/site-packages/pip/_internal/network/__pycache__) by extension 'ignore'
[0.977s] Level 1:colcon.colcon_core.package_identification:_identify(rospyvenv/lib/python3.10/site-packages/pip/_internal/network/__pycache__) by extension 'ignore_ament_install'
[0.978s] Level 1:colcon.colcon_core.package_identification:_identify(rospyvenv/lib/python3.10/site-packages/pip/_internal/network/__pycache__) by extensions ['colcon_pkg']
[0.978s] Level 1:colcon.colcon_core.package_identification:_identify(rospyvenv/lib/python3.10/site-packages/pip/_internal/network/__pycache__) by extension 'colcon_pkg'
[0.978s] Level 1:colcon.colcon_core.package_identification:_identify(rospyvenv/lib/python3.10/site-packages/pip/_internal/network/__pycache__) by extensions ['colcon_meta']
[0.978s] Level 1:colcon.colcon_core.package_identification:_identify(rospyvenv/lib/python3.10/site-packages/pip/_internal/network/__pycache__) by extension 'colcon_meta'
[0.978s] Level 1:colcon.colcon_core.package_identification:_identify(rospyvenv/lib/python3.10/site-packages/pip/_internal/network/__pycache__) by extensions ['ros']
[0.978s] Level 1:colcon.colcon_core.package_identification:_identify(rospyvenv/lib/python3.10/site-packages/pip/_internal/network/__pycache__) by extension 'ros'
[0.978s] Level 1:colcon.colcon_core.package_identification:_identify(rospyvenv/lib/python3.10/site-packages/pip/_internal/network/__pycache__) by extensions ['cmake', 'python']
[0.978s] Level 1:colcon.colcon_core.package_identification:_identify(rospyvenv/lib/python3.10/site-packages/pip/_internal/network/__pycache__) by extension 'cmake'
[0.978s] Level 1:colcon.colcon_core.package_identification:_identify(rospyvenv/lib/python3.10/site-packages/pip/_internal/network/__pycache__) by extension 'python'
[0.978s] Level 1:colcon.colcon_core.package_identification:_identify(rospyvenv/lib/python3.10/site-packages/pip/_internal/network/__pycache__) by extensions ['python_setup_py']
[0.978s] Level 1:colcon.colcon_core.package_identification:_identify(rospyvenv/lib/python3.10/site-packages/pip/_internal/network/__pycache__) by extension 'python_setup_py'
[0.978s] Level 1:colcon.colcon_core.package_identification:_identify(rospyvenv/lib/python3.10/site-packages/pip/_internal/operations) by extensions ['ignore', 'ignore_ament_install']
[0.978s] Level 1:colcon.colcon_core.package_identification:_identify(rospyvenv/lib/python3.10/site-packages/pip/_internal/operations) by extension 'ignore'
[0.978s] Level 1:colcon.colcon_core.package_identification:_identify(rospyvenv/lib/python3.10/site-packages/pip/_internal/operations) by extension 'ignore_ament_install'
[0.978s] Level 1:colcon.colcon_core.package_identification:_identify(rospyvenv/lib/python3.10/site-packages/pip/_internal/operations) by extensions ['colcon_pkg']
[0.978s] Level 1:colcon.colcon_core.package_identification:_identify(rospyvenv/lib/python3.10/site-packages/pip/_internal/operations) by extension 'colcon_pkg'
[0.978s] Level 1:colcon.colcon_core.package_identification:_identify(rospyvenv/lib/python3.10/site-packages/pip/_internal/operations) by extensions ['colcon_meta']
[0.979s] Level 1:colcon.colcon_core.package_identification:_identify(rospyvenv/lib/python3.10/site-packages/pip/_internal/operations) by extension 'colcon_meta'
[0.979s] Level 1:colcon.colcon_core.package_identification:_identify(rospyvenv/lib/python3.10/site-packages/pip/_internal/operations) by extensions ['ros']
[0.979s] Level 1:colcon.colcon_core.package_identification:_identify(rospyvenv/lib/python3.10/site-packages/pip/_internal/operations) by extension 'ros'
[0.979s] Level 1:colcon.colcon_core.package_identification:_identify(rospyvenv/lib/python3.10/site-packages/pip/_internal/operations) by extensions ['cmake', 'python']
[0.979s] Level 1:colcon.colcon_core.package_identification:_identify(rospyvenv/lib/python3.10/site-packages/pip/_internal/operations) by extension 'cmake'
[0.979s] Level 1:colcon.colcon_core.package_identification:_identify(rospyvenv/lib/python3.10/site-packages/pip/_internal/operations) by extension 'python'
[0.979s] Level 1:colcon.colcon_core.package_identification:_identify(rospyvenv/lib/python3.10/site-packages/pip/_internal/operations) by extensions ['python_setup_py']
[0.979s] Level 1:colcon.colcon_core.package_identification:_identify(rospyvenv/lib/python3.10/site-packages/pip/_internal/operations) by extension 'python_setup_py'
[0.979s] Level 1:colcon.colcon_core.package_identification:_identify(rospyvenv/lib/python3.10/site-packages/pip/_internal/operations/__pycache__) by extensions ['ignore', 'ignore_ament_install']
[0.979s] Level 1:colcon.colcon_core.package_identification:_identify(rospyvenv/lib/python3.10/site-packages/pip/_internal/operations/__pycache__) by extension 'ignore'
[0.979s] Level 1:colcon.colcon_core.package_identification:_identify(rospyvenv/lib/python3.10/site-packages/pip/_internal/operations/__pycache__) by extension 'ignore_ament_install'
[0.979s] Level 1:colcon.colcon_core.package_identification:_identify(rospyvenv/lib/python3.10/site-packages/pip/_internal/operations/__pycache__) by extensions ['colcon_pkg']
[0.979s] Level 1:colcon.colcon_core.package_identification:_identify(rospyvenv/lib/python3.10/site-packages/pip/_internal/operations/__pycache__) by extension 'colcon_pkg'
[0.979s] Level 1:colcon.colcon_core.package_identification:_identify(rospyvenv/lib/python3.10/site-packages/pip/_internal/operations/__pycache__) by extensions ['colcon_meta']
[0.979s] Level 1:colcon.colcon_core.package_identification:_identify(rospyvenv/lib/python3.10/site-packages/pip/_internal/operations/__pycache__) by extension 'colcon_meta'
[0.980s] Level 1:colcon.colcon_core.package_identification:_identify(rospyvenv/lib/python3.10/site-packages/pip/_internal/operations/__pycache__) by extensions ['ros']
[0.980s] Level 1:colcon.colcon_core.package_identification:_identify(rospyvenv/lib/python3.10/site-packages/pip/_internal/operations/__pycache__) by extension 'ros'
[0.980s] Level 1:colcon.colcon_core.package_identification:_identify(rospyvenv/lib/python3.10/site-packages/pip/_internal/operations/__pycache__) by extensions ['cmake', 'python']
[0.980s] Level 1:colcon.colcon_core.package_identification:_identify(rospyvenv/lib/python3.10/site-packages/pip/_internal/operations/__pycache__) by extension 'cmake'
[0.980s] Level 1:colcon.colcon_core.package_identification:_identify(rospyvenv/lib/python3.10/site-packages/pip/_internal/operations/__pycache__) by extension 'python'
[0.980s] Level 1:colcon.colcon_core.package_identification:_identify(rospyvenv/lib/python3.10/site-packages/pip/_internal/operations/__pycache__) by extensions ['python_setup_py']
[0.980s] Level 1:colcon.colcon_core.package_identification:_identify(rospyvenv/lib/python3.10/site-packages/pip/_internal/operations/__pycache__) by extension 'python_setup_py'
[0.980s] Level 1:colcon.colcon_core.package_identification:_identify(rospyvenv/lib/python3.10/site-packages/pip/_internal/operations/build) by extensions ['ignore', 'ignore_ament_install']
[0.980s] Level 1:colcon.colcon_core.package_identification:_identify(rospyvenv/lib/python3.10/site-packages/pip/_internal/operations/build) by extension 'ignore'
[0.980s] Level 1:colcon.colcon_core.package_identification:_identify(rospyvenv/lib/python3.10/site-packages/pip/_internal/operations/build) by extension 'ignore_ament_install'
[0.980s] Level 1:colcon.colcon_core.package_identification:_identify(rospyvenv/lib/python3.10/site-packages/pip/_internal/operations/build) by extensions ['colcon_pkg']
[0.980s] Level 1:colcon.colcon_core.package_identification:_identify(rospyvenv/lib/python3.10/site-packages/pip/_internal/operations/build) by extension 'colcon_pkg'
[0.980s] Level 1:colcon.colcon_core.package_identification:_identify(rospyvenv/lib/python3.10/site-packages/pip/_internal/operations/build) by extensions ['colcon_meta']
[0.980s] Level 1:colcon.colcon_core.package_identification:_identify(rospyvenv/lib/python3.10/site-packages/pip/_internal/operations/build) by extension 'colcon_meta'
[0.980s] Level 1:colcon.colcon_core.package_identification:_identify(rospyvenv/lib/python3.10/site-packages/pip/_internal/operations/build) by extensions ['ros']
[0.981s] Level 1:colcon.colcon_core.package_identification:_identify(rospyvenv/lib/python3.10/site-packages/pip/_internal/operations/build) by extension 'ros'
[0.981s] Level 1:colcon.colcon_core.package_identification:_identify(rospyvenv/lib/python3.10/site-packages/pip/_internal/operations/build) by extensions ['cmake', 'python']
[0.981s] Level 1:colcon.colcon_core.package_identification:_identify(rospyvenv/lib/python3.10/site-packages/pip/_internal/operations/build) by extension 'cmake'
[0.981s] Level 1:colcon.colcon_core.package_identification:_identify(rospyvenv/lib/python3.10/site-packages/pip/_internal/operations/build) by extension 'python'
[0.981s] Level 1:colcon.colcon_core.package_identification:_identify(rospyvenv/lib/python3.10/site-packages/pip/_internal/operations/build) by extensions ['python_setup_py']
[0.981s] Level 1:colcon.colcon_core.package_identification:_identify(rospyvenv/lib/python3.10/site-packages/pip/_internal/operations/build) by extension 'python_setup_py'
[0.981s] Level 1:colcon.colcon_core.package_identification:_identify(rospyvenv/lib/python3.10/site-packages/pip/_internal/operations/build/__pycache__) by extensions ['ignore', 'ignore_ament_install']
[0.981s] Level 1:colcon.colcon_core.package_identification:_identify(rospyvenv/lib/python3.10/site-packages/pip/_internal/operations/build/__pycache__) by extension 'ignore'
[0.981s] Level 1:colcon.colcon_core.package_identification:_identify(rospyvenv/lib/python3.10/site-packages/pip/_internal/operations/build/__pycache__) by extension 'ignore_ament_install'
[0.981s] Level 1:colcon.colcon_core.package_identification:_identify(rospyvenv/lib/python3.10/site-packages/pip/_internal/operations/build/__pycache__) by extensions ['colcon_pkg']
[0.981s] Level 1:colcon.colcon_core.package_identification:_identify(rospyvenv/lib/python3.10/site-packages/pip/_internal/operations/build/__pycache__) by extension 'colcon_pkg'
[0.981s] Level 1:colcon.colcon_core.package_identification:_identify(rospyvenv/lib/python3.10/site-packages/pip/_internal/operations/build/__pycache__) by extensions ['colcon_meta']
[0.981s] Level 1:colcon.colcon_core.package_identification:_identify(rospyvenv/lib/python3.10/site-packages/pip/_internal/operations/build/__pycache__) by extension 'colcon_meta'
[0.981s] Level 1:colcon.colcon_core.package_identification:_identify(rospyvenv/lib/python3.10/site-packages/pip/_internal/operations/build/__pycache__) by extensions ['ros']
[0.981s] Level 1:colcon.colcon_core.package_identification:_identify(rospyvenv/lib/python3.10/site-packages/pip/_internal/operations/build/__pycache__) by extension 'ros'
[0.982s] Level 1:colcon.colcon_core.package_identification:_identify(rospyvenv/lib/python3.10/site-packages/pip/_internal/operations/build/__pycache__) by extensions ['cmake', 'python']
[0.982s] Level 1:colcon.colcon_core.package_identification:_identify(rospyvenv/lib/python3.10/site-packages/pip/_internal/operations/build/__pycache__) by extension 'cmake'
[0.982s] Level 1:colcon.colcon_core.package_identification:_identify(rospyvenv/lib/python3.10/site-packages/pip/_internal/operations/build/__pycache__) by extension 'python'
[0.982s] Level 1:colcon.colcon_core.package_identification:_identify(rospyvenv/lib/python3.10/site-packages/pip/_internal/operations/build/__pycache__) by extensions ['python_setup_py']
[0.982s] Level 1:colcon.colcon_core.package_identification:_identify(rospyvenv/lib/python3.10/site-packages/pip/_internal/operations/build/__pycache__) by extension 'python_setup_py'
[0.982s] Level 1:colcon.colcon_core.package_identification:_identify(rospyvenv/lib/python3.10/site-packages/pip/_internal/operations/install) by extensions ['ignore', 'ignore_ament_install']
[0.982s] Level 1:colcon.colcon_core.package_identification:_identify(rospyvenv/lib/python3.10/site-packages/pip/_internal/operations/install) by extension 'ignore'
[0.982s] Level 1:colcon.colcon_core.package_identification:_identify(rospyvenv/lib/python3.10/site-packages/pip/_internal/operations/install) by extension 'ignore_ament_install'
[0.982s] Level 1:colcon.colcon_core.package_identification:_identify(rospyvenv/lib/python3.10/site-packages/pip/_internal/operations/install) by extensions ['colcon_pkg']
[0.982s] Level 1:colcon.colcon_core.package_identification:_identify(rospyvenv/lib/python3.10/site-packages/pip/_internal/operations/install) by extension 'colcon_pkg'
[0.982s] Level 1:colcon.colcon_core.package_identification:_identify(rospyvenv/lib/python3.10/site-packages/pip/_internal/operations/install) by extensions ['colcon_meta']
[0.982s] Level 1:colcon.colcon_core.package_identification:_identify(rospyvenv/lib/python3.10/site-packages/pip/_internal/operations/install) by extension 'colcon_meta'
[0.982s] Level 1:colcon.colcon_core.package_identification:_identify(rospyvenv/lib/python3.10/site-packages/pip/_internal/operations/install) by extensions ['ros']
[0.982s] Level 1:colcon.colcon_core.package_identification:_identify(rospyvenv/lib/python3.10/site-packages/pip/_internal/operations/install) by extension 'ros'
[0.982s] Level 1:colcon.colcon_core.package_identification:_identify(rospyvenv/lib/python3.10/site-packages/pip/_internal/operations/install) by extensions ['cmake', 'python']
[0.982s] Level 1:colcon.colcon_core.package_identification:_identify(rospyvenv/lib/python3.10/site-packages/pip/_internal/operations/install) by extension 'cmake'
[0.982s] Level 1:colcon.colcon_core.package_identification:_identify(rospyvenv/lib/python3.10/site-packages/pip/_internal/operations/install) by extension 'python'
[0.983s] Level 1:colcon.colcon_core.package_identification:_identify(rospyvenv/lib/python3.10/site-packages/pip/_internal/operations/install) by extensions ['python_setup_py']
[0.983s] Level 1:colcon.colcon_core.package_identification:_identify(rospyvenv/lib/python3.10/site-packages/pip/_internal/operations/install) by extension 'python_setup_py'
[0.983s] Level 1:colcon.colcon_core.package_identification:_identify(rospyvenv/lib/python3.10/site-packages/pip/_internal/operations/install/__pycache__) by extensions ['ignore', 'ignore_ament_install']
[0.983s] Level 1:colcon.colcon_core.package_identification:_identify(rospyvenv/lib/python3.10/site-packages/pip/_internal/operations/install/__pycache__) by extension 'ignore'
[0.983s] Level 1:colcon.colcon_core.package_identification:_identify(rospyvenv/lib/python3.10/site-packages/pip/_internal/operations/install/__pycache__) by extension 'ignore_ament_install'
[0.983s] Level 1:colcon.colcon_core.package_identification:_identify(rospyvenv/lib/python3.10/site-packages/pip/_internal/operations/install/__pycache__) by extensions ['colcon_pkg']
[0.983s] Level 1:colcon.colcon_core.package_identification:_identify(rospyvenv/lib/python3.10/site-packages/pip/_internal/operations/install/__pycache__) by extension 'colcon_pkg'
[0.983s] Level 1:colcon.colcon_core.package_identification:_identify(rospyvenv/lib/python3.10/site-packages/pip/_internal/operations/install/__pycache__) by extensions ['colcon_meta']
[0.983s] Level 1:colcon.colcon_core.package_identification:_identify(rospyvenv/lib/python3.10/site-packages/pip/_internal/operations/install/__pycache__) by extension 'colcon_meta'
[0.983s] Level 1:colcon.colcon_core.package_identification:_identify(rospyvenv/lib/python3.10/site-packages/pip/_internal/operations/install/__pycache__) by extensions ['ros']
[0.983s] Level 1:colcon.colcon_core.package_identification:_identify(rospyvenv/lib/python3.10/site-packages/pip/_internal/operations/install/__pycache__) by extension 'ros'
[0.983s] Level 1:colcon.colcon_core.package_identification:_identify(rospyvenv/lib/python3.10/site-packages/pip/_internal/operations/install/__pycache__) by extensions ['cmake', 'python']
[0.983s] Level 1:colcon.colcon_core.package_identification:_identify(rospyvenv/lib/python3.10/site-packages/pip/_internal/operations/install/__pycache__) by extension 'cmake'
[0.983s] Level 1:colcon.colcon_core.package_identification:_identify(rospyvenv/lib/python3.10/site-packages/pip/_internal/operations/install/__pycache__) by extension 'python'
[0.983s] Level 1:colcon.colcon_core.package_identification:_identify(rospyvenv/lib/python3.10/site-packages/pip/_internal/operations/install/__pycache__) by extensions ['python_setup_py']
[0.983s] Level 1:colcon.colcon_core.package_identification:_identify(rospyvenv/lib/python3.10/site-packages/pip/_internal/operations/install/__pycache__) by extension 'python_setup_py'
[0.984s] Level 1:colcon.colcon_core.package_identification:_identify(rospyvenv/lib/python3.10/site-packages/pip/_internal/req) by extensions ['ignore', 'ignore_ament_install']
[0.984s] Level 1:colcon.colcon_core.package_identification:_identify(rospyvenv/lib/python3.10/site-packages/pip/_internal/req) by extension 'ignore'
[0.984s] Level 1:colcon.colcon_core.package_identification:_identify(rospyvenv/lib/python3.10/site-packages/pip/_internal/req) by extension 'ignore_ament_install'
[0.984s] Level 1:colcon.colcon_core.package_identification:_identify(rospyvenv/lib/python3.10/site-packages/pip/_internal/req) by extensions ['colcon_pkg']
[0.984s] Level 1:colcon.colcon_core.package_identification:_identify(rospyvenv/lib/python3.10/site-packages/pip/_internal/req) by extension 'colcon_pkg'
[0.984s] Level 1:colcon.colcon_core.package_identification:_identify(rospyvenv/lib/python3.10/site-packages/pip/_internal/req) by extensions ['colcon_meta']
[0.984s] Level 1:colcon.colcon_core.package_identification:_identify(rospyvenv/lib/python3.10/site-packages/pip/_internal/req) by extension 'colcon_meta'
[0.984s] Level 1:colcon.colcon_core.package_identification:_identify(rospyvenv/lib/python3.10/site-packages/pip/_internal/req) by extensions ['ros']
[0.984s] Level 1:colcon.colcon_core.package_identification:_identify(rospyvenv/lib/python3.10/site-packages/pip/_internal/req) by extension 'ros'
[0.984s] Level 1:colcon.colcon_core.package_identification:_identify(rospyvenv/lib/python3.10/site-packages/pip/_internal/req) by extensions ['cmake', 'python']
[0.984s] Level 1:colcon.colcon_core.package_identification:_identify(rospyvenv/lib/python3.10/site-packages/pip/_internal/req) by extension 'cmake'
[0.984s] Level 1:colcon.colcon_core.package_identification:_identify(rospyvenv/lib/python3.10/site-packages/pip/_internal/req) by extension 'python'
[0.984s] Level 1:colcon.colcon_core.package_identification:_identify(rospyvenv/lib/python3.10/site-packages/pip/_internal/req) by extensions ['python_setup_py']
[0.984s] Level 1:colcon.colcon_core.package_identification:_identify(rospyvenv/lib/python3.10/site-packages/pip/_internal/req) by extension 'python_setup_py'
[0.985s] Level 1:colcon.colcon_core.package_identification:_identify(rospyvenv/lib/python3.10/site-packages/pip/_internal/req/__pycache__) by extensions ['ignore', 'ignore_ament_install']
[0.985s] Level 1:colcon.colcon_core.package_identification:_identify(rospyvenv/lib/python3.10/site-packages/pip/_internal/req/__pycache__) by extension 'ignore'
[0.985s] Level 1:colcon.colcon_core.package_identification:_identify(rospyvenv/lib/python3.10/site-packages/pip/_internal/req/__pycache__) by extension 'ignore_ament_install'
[0.985s] Level 1:colcon.colcon_core.package_identification:_identify(rospyvenv/lib/python3.10/site-packages/pip/_internal/req/__pycache__) by extensions ['colcon_pkg']
[0.985s] Level 1:colcon.colcon_core.package_identification:_identify(rospyvenv/lib/python3.10/site-packages/pip/_internal/req/__pycache__) by extension 'colcon_pkg'
[0.985s] Level 1:colcon.colcon_core.package_identification:_identify(rospyvenv/lib/python3.10/site-packages/pip/_internal/req/__pycache__) by extensions ['colcon_meta']
[0.985s] Level 1:colcon.colcon_core.package_identification:_identify(rospyvenv/lib/python3.10/site-packages/pip/_internal/req/__pycache__) by extension 'colcon_meta'
[0.985s] Level 1:colcon.colcon_core.package_identification:_identify(rospyvenv/lib/python3.10/site-packages/pip/_internal/req/__pycache__) by extensions ['ros']
[0.985s] Level 1:colcon.colcon_core.package_identification:_identify(rospyvenv/lib/python3.10/site-packages/pip/_internal/req/__pycache__) by extension 'ros'
[0.985s] Level 1:colcon.colcon_core.package_identification:_identify(rospyvenv/lib/python3.10/site-packages/pip/_internal/req/__pycache__) by extensions ['cmake', 'python']
[0.985s] Level 1:colcon.colcon_core.package_identification:_identify(rospyvenv/lib/python3.10/site-packages/pip/_internal/req/__pycache__) by extension 'cmake'
[0.985s] Level 1:colcon.colcon_core.package_identification:_identify(rospyvenv/lib/python3.10/site-packages/pip/_internal/req/__pycache__) by extension 'python'
[0.985s] Level 1:colcon.colcon_core.package_identification:_identify(rospyvenv/lib/python3.10/site-packages/pip/_internal/req/__pycache__) by extensions ['python_setup_py']
[0.985s] Level 1:colcon.colcon_core.package_identification:_identify(rospyvenv/lib/python3.10/site-packages/pip/_internal/req/__pycache__) by extension 'python_setup_py'
[0.986s] Level 1:colcon.colcon_core.package_identification:_identify(rospyvenv/lib/python3.10/site-packages/pip/_internal/resolution) by extensions ['ignore', 'ignore_ament_install']
[0.986s] Level 1:colcon.colcon_core.package_identification:_identify(rospyvenv/lib/python3.10/site-packages/pip/_internal/resolution) by extension 'ignore'
[0.986s] Level 1:colcon.colcon_core.package_identification:_identify(rospyvenv/lib/python3.10/site-packages/pip/_internal/resolution) by extension 'ignore_ament_install'
[0.986s] Level 1:colcon.colcon_core.package_identification:_identify(rospyvenv/lib/python3.10/site-packages/pip/_internal/resolution) by extensions ['colcon_pkg']
[0.986s] Level 1:colcon.colcon_core.package_identification:_identify(rospyvenv/lib/python3.10/site-packages/pip/_internal/resolution) by extension 'colcon_pkg'
[0.986s] Level 1:colcon.colcon_core.package_identification:_identify(rospyvenv/lib/python3.10/site-packages/pip/_internal/resolution) by extensions ['colcon_meta']
[0.986s] Level 1:colcon.colcon_core.package_identification:_identify(rospyvenv/lib/python3.10/site-packages/pip/_internal/resolution) by extension 'colcon_meta'
[0.986s] Level 1:colcon.colcon_core.package_identification:_identify(rospyvenv/lib/python3.10/site-packages/pip/_internal/resolution) by extensions ['ros']
[0.986s] Level 1:colcon.colcon_core.package_identification:_identify(rospyvenv/lib/python3.10/site-packages/pip/_internal/resolution) by extension 'ros'
[0.986s] Level 1:colcon.colcon_core.package_identification:_identify(rospyvenv/lib/python3.10/site-packages/pip/_internal/resolution) by extensions ['cmake', 'python']
[0.986s] Level 1:colcon.colcon_core.package_identification:_identify(rospyvenv/lib/python3.10/site-packages/pip/_internal/resolution) by extension 'cmake'
[0.986s] Level 1:colcon.colcon_core.package_identification:_identify(rospyvenv/lib/python3.10/site-packages/pip/_internal/resolution) by extension 'python'
[0.986s] Level 1:colcon.colcon_core.package_identification:_identify(rospyvenv/lib/python3.10/site-packages/pip/_internal/resolution) by extensions ['python_setup_py']
[0.986s] Level 1:colcon.colcon_core.package_identification:_identify(rospyvenv/lib/python3.10/site-packages/pip/_internal/resolution) by extension 'python_setup_py'
[0.987s] Level 1:colcon.colcon_core.package_identification:_identify(rospyvenv/lib/python3.10/site-packages/pip/_internal/resolution/__pycache__) by extensions ['ignore', 'ignore_ament_install']
[0.987s] Level 1:colcon.colcon_core.package_identification:_identify(rospyvenv/lib/python3.10/site-packages/pip/_internal/resolution/__pycache__) by extension 'ignore'
[0.987s] Level 1:colcon.colcon_core.package_identification:_identify(rospyvenv/lib/python3.10/site-packages/pip/_internal/resolution/__pycache__) by extension 'ignore_ament_install'
[0.987s] Level 1:colcon.colcon_core.package_identification:_identify(rospyvenv/lib/python3.10/site-packages/pip/_internal/resolution/__pycache__) by extensions ['colcon_pkg']
[0.987s] Level 1:colcon.colcon_core.package_identification:_identify(rospyvenv/lib/python3.10/site-packages/pip/_internal/resolution/__pycache__) by extension 'colcon_pkg'
[0.987s] Level 1:colcon.colcon_core.package_identification:_identify(rospyvenv/lib/python3.10/site-packages/pip/_internal/resolution/__pycache__) by extensions ['colcon_meta']
[0.987s] Level 1:colcon.colcon_core.package_identification:_identify(rospyvenv/lib/python3.10/site-packages/pip/_internal/resolution/__pycache__) by extension 'colcon_meta'
[0.987s] Level 1:colcon.colcon_core.package_identification:_identify(rospyvenv/lib/python3.10/site-packages/pip/_internal/resolution/__pycache__) by extensions ['ros']
[0.987s] Level 1:colcon.colcon_core.package_identification:_identify(rospyvenv/lib/python3.10/site-packages/pip/_internal/resolution/__pycache__) by extension 'ros'
[0.987s] Level 1:colcon.colcon_core.package_identification:_identify(rospyvenv/lib/python3.10/site-packages/pip/_internal/resolution/__pycache__) by extensions ['cmake', 'python']
[0.987s] Level 1:colcon.colcon_core.package_identification:_identify(rospyvenv/lib/python3.10/site-packages/pip/_internal/resolution/__pycache__) by extension 'cmake'
[0.987s] Level 1:colcon.colcon_core.package_identification:_identify(rospyvenv/lib/python3.10/site-packages/pip/_internal/resolution/__pycache__) by extension 'python'
[0.987s] Level 1:colcon.colcon_core.package_identification:_identify(rospyvenv/lib/python3.10/site-packages/pip/_internal/resolution/__pycache__) by extensions ['python_setup_py']
[0.987s] Level 1:colcon.colcon_core.package_identification:_identify(rospyvenv/lib/python3.10/site-packages/pip/_internal/resolution/__pycache__) by extension 'python_setup_py'
[0.988s] Level 1:colcon.colcon_core.package_identification:_identify(rospyvenv/lib/python3.10/site-packages/pip/_internal/resolution/legacy) by extensions ['ignore', 'ignore_ament_install']
[0.988s] Level 1:colcon.colcon_core.package_identification:_identify(rospyvenv/lib/python3.10/site-packages/pip/_internal/resolution/legacy) by extension 'ignore'
[0.988s] Level 1:colcon.colcon_core.package_identification:_identify(rospyvenv/lib/python3.10/site-packages/pip/_internal/resolution/legacy) by extension 'ignore_ament_install'
[0.988s] Level 1:colcon.colcon_core.package_identification:_identify(rospyvenv/lib/python3.10/site-packages/pip/_internal/resolution/legacy) by extensions ['colcon_pkg']
[0.988s] Level 1:colcon.colcon_core.package_identification:_identify(rospyvenv/lib/python3.10/site-packages/pip/_internal/resolution/legacy) by extension 'colcon_pkg'
[0.988s] Level 1:colcon.colcon_core.package_identification:_identify(rospyvenv/lib/python3.10/site-packages/pip/_internal/resolution/legacy) by extensions ['colcon_meta']
[0.988s] Level 1:colcon.colcon_core.package_identification:_identify(rospyvenv/lib/python3.10/site-packages/pip/_internal/resolution/legacy) by extension 'colcon_meta'
[0.988s] Level 1:colcon.colcon_core.package_identification:_identify(rospyvenv/lib/python3.10/site-packages/pip/_internal/resolution/legacy) by extensions ['ros']
[0.988s] Level 1:colcon.colcon_core.package_identification:_identify(rospyvenv/lib/python3.10/site-packages/pip/_internal/resolution/legacy) by extension 'ros'
[0.988s] Level 1:colcon.colcon_core.package_identification:_identify(rospyvenv/lib/python3.10/site-packages/pip/_internal/resolution/legacy) by extensions ['cmake', 'python']
[0.988s] Level 1:colcon.colcon_core.package_identification:_identify(rospyvenv/lib/python3.10/site-packages/pip/_internal/resolution/legacy) by extension 'cmake'
[0.988s] Level 1:colcon.colcon_core.package_identification:_identify(rospyvenv/lib/python3.10/site-packages/pip/_internal/resolution/legacy) by extension 'python'
[0.988s] Level 1:colcon.colcon_core.package_identification:_identify(rospyvenv/lib/python3.10/site-packages/pip/_internal/resolution/legacy) by extensions ['python_setup_py']
[0.988s] Level 1:colcon.colcon_core.package_identification:_identify(rospyvenv/lib/python3.10/site-packages/pip/_internal/resolution/legacy) by extension 'python_setup_py'
[0.989s] Level 1:colcon.colcon_core.package_identification:_identify(rospyvenv/lib/python3.10/site-packages/pip/_internal/resolution/legacy/__pycache__) by extensions ['ignore', 'ignore_ament_install']
[0.989s] Level 1:colcon.colcon_core.package_identification:_identify(rospyvenv/lib/python3.10/site-packages/pip/_internal/resolution/legacy/__pycache__) by extension 'ignore'
[0.989s] Level 1:colcon.colcon_core.package_identification:_identify(rospyvenv/lib/python3.10/site-packages/pip/_internal/resolution/legacy/__pycache__) by extension 'ignore_ament_install'
[0.989s] Level 1:colcon.colcon_core.package_identification:_identify(rospyvenv/lib/python3.10/site-packages/pip/_internal/resolution/legacy/__pycache__) by extensions ['colcon_pkg']
[0.989s] Level 1:colcon.colcon_core.package_identification:_identify(rospyvenv/lib/python3.10/site-packages/pip/_internal/resolution/legacy/__pycache__) by extension 'colcon_pkg'
[0.989s] Level 1:colcon.colcon_core.package_identification:_identify(rospyvenv/lib/python3.10/site-packages/pip/_internal/resolution/legacy/__pycache__) by extensions ['colcon_meta']
[0.989s] Level 1:colcon.colcon_core.package_identification:_identify(rospyvenv/lib/python3.10/site-packages/pip/_internal/resolution/legacy/__pycache__) by extension 'colcon_meta'
[0.989s] Level 1:colcon.colcon_core.package_identification:_identify(rospyvenv/lib/python3.10/site-packages/pip/_internal/resolution/legacy/__pycache__) by extensions ['ros']
[0.989s] Level 1:colcon.colcon_core.package_identification:_identify(rospyvenv/lib/python3.10/site-packages/pip/_internal/resolution/legacy/__pycache__) by extension 'ros'
[0.989s] Level 1:colcon.colcon_core.package_identification:_identify(rospyvenv/lib/python3.10/site-packages/pip/_internal/resolution/legacy/__pycache__) by extensions ['cmake', 'python']
[0.989s] Level 1:colcon.colcon_core.package_identification:_identify(rospyvenv/lib/python3.10/site-packages/pip/_internal/resolution/legacy/__pycache__) by extension 'cmake'
[0.989s] Level 1:colcon.colcon_core.package_identification:_identify(rospyvenv/lib/python3.10/site-packages/pip/_internal/resolution/legacy/__pycache__) by extension 'python'
[0.989s] Level 1:colcon.colcon_core.package_identification:_identify(rospyvenv/lib/python3.10/site-packages/pip/_internal/resolution/legacy/__pycache__) by extensions ['python_setup_py']
[0.989s] Level 1:colcon.colcon_core.package_identification:_identify(rospyvenv/lib/python3.10/site-packages/pip/_internal/resolution/legacy/__pycache__) by extension 'python_setup_py'
[0.989s] Level 1:colcon.colcon_core.package_identification:_identify(rospyvenv/lib/python3.10/site-packages/pip/_internal/resolution/resolvelib) by extensions ['ignore', 'ignore_ament_install']
[0.989s] Level 1:colcon.colcon_core.package_identification:_identify(rospyvenv/lib/python3.10/site-packages/pip/_internal/resolution/resolvelib) by extension 'ignore'
[0.989s] Level 1:colcon.colcon_core.package_identification:_identify(rospyvenv/lib/python3.10/site-packages/pip/_internal/resolution/resolvelib) by extension 'ignore_ament_install'
[0.990s] Level 1:colcon.colcon_core.package_identification:_identify(rospyvenv/lib/python3.10/site-packages/pip/_internal/resolution/resolvelib) by extensions ['colcon_pkg']
[0.990s] Level 1:colcon.colcon_core.package_identification:_identify(rospyvenv/lib/python3.10/site-packages/pip/_internal/resolution/resolvelib) by extension 'colcon_pkg'
[0.990s] Level 1:colcon.colcon_core.package_identification:_identify(rospyvenv/lib/python3.10/site-packages/pip/_internal/resolution/resolvelib) by extensions ['colcon_meta']
[0.990s] Level 1:colcon.colcon_core.package_identification:_identify(rospyvenv/lib/python3.10/site-packages/pip/_internal/resolution/resolvelib) by extension 'colcon_meta'
[0.990s] Level 1:colcon.colcon_core.package_identification:_identify(rospyvenv/lib/python3.10/site-packages/pip/_internal/resolution/resolvelib) by extensions ['ros']
[0.990s] Level 1:colcon.colcon_core.package_identification:_identify(rospyvenv/lib/python3.10/site-packages/pip/_internal/resolution/resolvelib) by extension 'ros'
[0.990s] Level 1:colcon.colcon_core.package_identification:_identify(rospyvenv/lib/python3.10/site-packages/pip/_internal/resolution/resolvelib) by extensions ['cmake', 'python']
[0.990s] Level 1:colcon.colcon_core.package_identification:_identify(rospyvenv/lib/python3.10/site-packages/pip/_internal/resolution/resolvelib) by extension 'cmake'
[0.990s] Level 1:colcon.colcon_core.package_identification:_identify(rospyvenv/lib/python3.10/site-packages/pip/_internal/resolution/resolvelib) by extension 'python'
[0.990s] Level 1:colcon.colcon_core.package_identification:_identify(rospyvenv/lib/python3.10/site-packages/pip/_internal/resolution/resolvelib) by extensions ['python_setup_py']
[0.990s] Level 1:colcon.colcon_core.package_identification:_identify(rospyvenv/lib/python3.10/site-packages/pip/_internal/resolution/resolvelib) by extension 'python_setup_py'
[0.990s] Level 1:colcon.colcon_core.package_identification:_identify(rospyvenv/lib/python3.10/site-packages/pip/_internal/resolution/resolvelib/__pycache__) by extensions ['ignore', 'ignore_ament_install']
[0.990s] Level 1:colcon.colcon_core.package_identification:_identify(rospyvenv/lib/python3.10/site-packages/pip/_internal/resolution/resolvelib/__pycache__) by extension 'ignore'
[0.990s] Level 1:colcon.colcon_core.package_identification:_identify(rospyvenv/lib/python3.10/site-packages/pip/_internal/resolution/resolvelib/__pycache__) by extension 'ignore_ament_install'
[0.991s] Level 1:colcon.colcon_core.package_identification:_identify(rospyvenv/lib/python3.10/site-packages/pip/_internal/resolution/resolvelib/__pycache__) by extensions ['colcon_pkg']
[0.991s] Level 1:colcon.colcon_core.package_identification:_identify(rospyvenv/lib/python3.10/site-packages/pip/_internal/resolution/resolvelib/__pycache__) by extension 'colcon_pkg'
[0.991s] Level 1:colcon.colcon_core.package_identification:_identify(rospyvenv/lib/python3.10/site-packages/pip/_internal/resolution/resolvelib/__pycache__) by extensions ['colcon_meta']
[0.991s] Level 1:colcon.colcon_core.package_identification:_identify(rospyvenv/lib/python3.10/site-packages/pip/_internal/resolution/resolvelib/__pycache__) by extension 'colcon_meta'
[0.991s] Level 1:colcon.colcon_core.package_identification:_identify(rospyvenv/lib/python3.10/site-packages/pip/_internal/resolution/resolvelib/__pycache__) by extensions ['ros']
[0.991s] Level 1:colcon.colcon_core.package_identification:_identify(rospyvenv/lib/python3.10/site-packages/pip/_internal/resolution/resolvelib/__pycache__) by extension 'ros'
[0.991s] Level 1:colcon.colcon_core.package_identification:_identify(rospyvenv/lib/python3.10/site-packages/pip/_internal/resolution/resolvelib/__pycache__) by extensions ['cmake', 'python']
[0.991s] Level 1:colcon.colcon_core.package_identification:_identify(rospyvenv/lib/python3.10/site-packages/pip/_internal/resolution/resolvelib/__pycache__) by extension 'cmake'
[0.991s] Level 1:colcon.colcon_core.package_identification:_identify(rospyvenv/lib/python3.10/site-packages/pip/_internal/resolution/resolvelib/__pycache__) by extension 'python'
[0.991s] Level 1:colcon.colcon_core.package_identification:_identify(rospyvenv/lib/python3.10/site-packages/pip/_internal/resolution/resolvelib/__pycache__) by extensions ['python_setup_py']
[0.991s] Level 1:colcon.colcon_core.package_identification:_identify(rospyvenv/lib/python3.10/site-packages/pip/_internal/resolution/resolvelib/__pycache__) by extension 'python_setup_py'
[0.991s] Level 1:colcon.colcon_core.package_identification:_identify(rospyvenv/lib/python3.10/site-packages/pip/_internal/utils) by extensions ['ignore', 'ignore_ament_install']
[0.991s] Level 1:colcon.colcon_core.package_identification:_identify(rospyvenv/lib/python3.10/site-packages/pip/_internal/utils) by extension 'ignore'
[0.991s] Level 1:colcon.colcon_core.package_identification:_identify(rospyvenv/lib/python3.10/site-packages/pip/_internal/utils) by extension 'ignore_ament_install'
[0.991s] Level 1:colcon.colcon_core.package_identification:_identify(rospyvenv/lib/python3.10/site-packages/pip/_internal/utils) by extensions ['colcon_pkg']
[0.992s] Level 1:colcon.colcon_core.package_identification:_identify(rospyvenv/lib/python3.10/site-packages/pip/_internal/utils) by extension 'colcon_pkg'
[0.992s] Level 1:colcon.colcon_core.package_identification:_identify(rospyvenv/lib/python3.10/site-packages/pip/_internal/utils) by extensions ['colcon_meta']
[0.992s] Level 1:colcon.colcon_core.package_identification:_identify(rospyvenv/lib/python3.10/site-packages/pip/_internal/utils) by extension 'colcon_meta'
[0.992s] Level 1:colcon.colcon_core.package_identification:_identify(rospyvenv/lib/python3.10/site-packages/pip/_internal/utils) by extensions ['ros']
[0.992s] Level 1:colcon.colcon_core.package_identification:_identify(rospyvenv/lib/python3.10/site-packages/pip/_internal/utils) by extension 'ros'
[0.992s] Level 1:colcon.colcon_core.package_identification:_identify(rospyvenv/lib/python3.10/site-packages/pip/_internal/utils) by extensions ['cmake', 'python']
[0.992s] Level 1:colcon.colcon_core.package_identification:_identify(rospyvenv/lib/python3.10/site-packages/pip/_internal/utils) by extension 'cmake'
[0.992s] Level 1:colcon.colcon_core.package_identification:_identify(rospyvenv/lib/python3.10/site-packages/pip/_internal/utils) by extension 'python'
[0.992s] Level 1:colcon.colcon_core.package_identification:_identify(rospyvenv/lib/python3.10/site-packages/pip/_internal/utils) by extensions ['python_setup_py']
[0.992s] Level 1:colcon.colcon_core.package_identification:_identify(rospyvenv/lib/python3.10/site-packages/pip/_internal/utils) by extension 'python_setup_py'
[0.992s] Level 1:colcon.colcon_core.package_identification:_identify(rospyvenv/lib/python3.10/site-packages/pip/_internal/utils/__pycache__) by extensions ['ignore', 'ignore_ament_install']
[0.992s] Level 1:colcon.colcon_core.package_identification:_identify(rospyvenv/lib/python3.10/site-packages/pip/_internal/utils/__pycache__) by extension 'ignore'
[0.992s] Level 1:colcon.colcon_core.package_identification:_identify(rospyvenv/lib/python3.10/site-packages/pip/_internal/utils/__pycache__) by extension 'ignore_ament_install'
[0.993s] Level 1:colcon.colcon_core.package_identification:_identify(rospyvenv/lib/python3.10/site-packages/pip/_internal/utils/__pycache__) by extensions ['colcon_pkg']
[0.993s] Level 1:colcon.colcon_core.package_identification:_identify(rospyvenv/lib/python3.10/site-packages/pip/_internal/utils/__pycache__) by extension 'colcon_pkg'
[0.993s] Level 1:colcon.colcon_core.package_identification:_identify(rospyvenv/lib/python3.10/site-packages/pip/_internal/utils/__pycache__) by extensions ['colcon_meta']
[0.993s] Level 1:colcon.colcon_core.package_identification:_identify(rospyvenv/lib/python3.10/site-packages/pip/_internal/utils/__pycache__) by extension 'colcon_meta'
[0.993s] Level 1:colcon.colcon_core.package_identification:_identify(rospyvenv/lib/python3.10/site-packages/pip/_internal/utils/__pycache__) by extensions ['ros']
[0.993s] Level 1:colcon.colcon_core.package_identification:_identify(rospyvenv/lib/python3.10/site-packages/pip/_internal/utils/__pycache__) by extension 'ros'
[0.993s] Level 1:colcon.colcon_core.package_identification:_identify(rospyvenv/lib/python3.10/site-packages/pip/_internal/utils/__pycache__) by extensions ['cmake', 'python']
[0.993s] Level 1:colcon.colcon_core.package_identification:_identify(rospyvenv/lib/python3.10/site-packages/pip/_internal/utils/__pycache__) by extension 'cmake'
[0.993s] Level 1:colcon.colcon_core.package_identification:_identify(rospyvenv/lib/python3.10/site-packages/pip/_internal/utils/__pycache__) by extension 'python'
[0.993s] Level 1:colcon.colcon_core.package_identification:_identify(rospyvenv/lib/python3.10/site-packages/pip/_internal/utils/__pycache__) by extensions ['python_setup_py']
[0.993s] Level 1:colcon.colcon_core.package_identification:_identify(rospyvenv/lib/python3.10/site-packages/pip/_internal/utils/__pycache__) by extension 'python_setup_py'
[0.993s] Level 1:colcon.colcon_core.package_identification:_identify(rospyvenv/lib/python3.10/site-packages/pip/_internal/vcs) by extensions ['ignore', 'ignore_ament_install']
[0.993s] Level 1:colcon.colcon_core.package_identification:_identify(rospyvenv/lib/python3.10/site-packages/pip/_internal/vcs) by extension 'ignore'
[0.993s] Level 1:colcon.colcon_core.package_identification:_identify(rospyvenv/lib/python3.10/site-packages/pip/_internal/vcs) by extension 'ignore_ament_install'
[0.993s] Level 1:colcon.colcon_core.package_identification:_identify(rospyvenv/lib/python3.10/site-packages/pip/_internal/vcs) by extensions ['colcon_pkg']
[0.994s] Level 1:colcon.colcon_core.package_identification:_identify(rospyvenv/lib/python3.10/site-packages/pip/_internal/vcs) by extension 'colcon_pkg'
[0.994s] Level 1:colcon.colcon_core.package_identification:_identify(rospyvenv/lib/python3.10/site-packages/pip/_internal/vcs) by extensions ['colcon_meta']
[0.994s] Level 1:colcon.colcon_core.package_identification:_identify(rospyvenv/lib/python3.10/site-packages/pip/_internal/vcs) by extension 'colcon_meta'
[0.994s] Level 1:colcon.colcon_core.package_identification:_identify(rospyvenv/lib/python3.10/site-packages/pip/_internal/vcs) by extensions ['ros']
[0.994s] Level 1:colcon.colcon_core.package_identification:_identify(rospyvenv/lib/python3.10/site-packages/pip/_internal/vcs) by extension 'ros'
[0.994s] Level 1:colcon.colcon_core.package_identification:_identify(rospyvenv/lib/python3.10/site-packages/pip/_internal/vcs) by extensions ['cmake', 'python']
[0.994s] Level 1:colcon.colcon_core.package_identification:_identify(rospyvenv/lib/python3.10/site-packages/pip/_internal/vcs) by extension 'cmake'
[0.994s] Level 1:colcon.colcon_core.package_identification:_identify(rospyvenv/lib/python3.10/site-packages/pip/_internal/vcs) by extension 'python'
[0.994s] Level 1:colcon.colcon_core.package_identification:_identify(rospyvenv/lib/python3.10/site-packages/pip/_internal/vcs) by extensions ['python_setup_py']
[0.994s] Level 1:colcon.colcon_core.package_identification:_identify(rospyvenv/lib/python3.10/site-packages/pip/_internal/vcs) by extension 'python_setup_py'
[0.994s] Level 1:colcon.colcon_core.package_identification:_identify(rospyvenv/lib/python3.10/site-packages/pip/_internal/vcs/__pycache__) by extensions ['ignore', 'ignore_ament_install']
[0.994s] Level 1:colcon.colcon_core.package_identification:_identify(rospyvenv/lib/python3.10/site-packages/pip/_internal/vcs/__pycache__) by extension 'ignore'
[0.994s] Level 1:colcon.colcon_core.package_identification:_identify(rospyvenv/lib/python3.10/site-packages/pip/_internal/vcs/__pycache__) by extension 'ignore_ament_install'
[0.994s] Level 1:colcon.colcon_core.package_identification:_identify(rospyvenv/lib/python3.10/site-packages/pip/_internal/vcs/__pycache__) by extensions ['colcon_pkg']
[0.994s] Level 1:colcon.colcon_core.package_identification:_identify(rospyvenv/lib/python3.10/site-packages/pip/_internal/vcs/__pycache__) by extension 'colcon_pkg'
[0.994s] Level 1:colcon.colcon_core.package_identification:_identify(rospyvenv/lib/python3.10/site-packages/pip/_internal/vcs/__pycache__) by extensions ['colcon_meta']
[0.995s] Level 1:colcon.colcon_core.package_identification:_identify(rospyvenv/lib/python3.10/site-packages/pip/_internal/vcs/__pycache__) by extension 'colcon_meta'
[0.995s] Level 1:colcon.colcon_core.package_identification:_identify(rospyvenv/lib/python3.10/site-packages/pip/_internal/vcs/__pycache__) by extensions ['ros']
[0.995s] Level 1:colcon.colcon_core.package_identification:_identify(rospyvenv/lib/python3.10/site-packages/pip/_internal/vcs/__pycache__) by extension 'ros'
[0.995s] Level 1:colcon.colcon_core.package_identification:_identify(rospyvenv/lib/python3.10/site-packages/pip/_internal/vcs/__pycache__) by extensions ['cmake', 'python']
[0.995s] Level 1:colcon.colcon_core.package_identification:_identify(rospyvenv/lib/python3.10/site-packages/pip/_internal/vcs/__pycache__) by extension 'cmake'
[0.995s] Level 1:colcon.colcon_core.package_identification:_identify(rospyvenv/lib/python3.10/site-packages/pip/_internal/vcs/__pycache__) by extension 'python'
[0.995s] Level 1:colcon.colcon_core.package_identification:_identify(rospyvenv/lib/python3.10/site-packages/pip/_internal/vcs/__pycache__) by extensions ['python_setup_py']
[0.995s] Level 1:colcon.colcon_core.package_identification:_identify(rospyvenv/lib/python3.10/site-packages/pip/_internal/vcs/__pycache__) by extension 'python_setup_py'
[0.995s] Level 1:colcon.colcon_core.package_identification:_identify(rospyvenv/lib/python3.10/site-packages/pip/_vendor) by extensions ['ignore', 'ignore_ament_install']
[0.995s] Level 1:colcon.colcon_core.package_identification:_identify(rospyvenv/lib/python3.10/site-packages/pip/_vendor) by extension 'ignore'
[0.995s] Level 1:colcon.colcon_core.package_identification:_identify(rospyvenv/lib/python3.10/site-packages/pip/_vendor) by extension 'ignore_ament_install'
[0.995s] Level 1:colcon.colcon_core.package_identification:_identify(rospyvenv/lib/python3.10/site-packages/pip/_vendor) by extensions ['colcon_pkg']
[0.995s] Level 1:colcon.colcon_core.package_identification:_identify(rospyvenv/lib/python3.10/site-packages/pip/_vendor) by extension 'colcon_pkg'
[0.995s] Level 1:colcon.colcon_core.package_identification:_identify(rospyvenv/lib/python3.10/site-packages/pip/_vendor) by extensions ['colcon_meta']
[0.995s] Level 1:colcon.colcon_core.package_identification:_identify(rospyvenv/lib/python3.10/site-packages/pip/_vendor) by extension 'colcon_meta'
[0.995s] Level 1:colcon.colcon_core.package_identification:_identify(rospyvenv/lib/python3.10/site-packages/pip/_vendor) by extensions ['ros']
[0.995s] Level 1:colcon.colcon_core.package_identification:_identify(rospyvenv/lib/python3.10/site-packages/pip/_vendor) by extension 'ros'
[0.996s] Level 1:colcon.colcon_core.package_identification:_identify(rospyvenv/lib/python3.10/site-packages/pip/_vendor) by extensions ['cmake', 'python']
[0.996s] Level 1:colcon.colcon_core.package_identification:_identify(rospyvenv/lib/python3.10/site-packages/pip/_vendor) by extension 'cmake'
[0.996s] Level 1:colcon.colcon_core.package_identification:_identify(rospyvenv/lib/python3.10/site-packages/pip/_vendor) by extension 'python'
[0.996s] Level 1:colcon.colcon_core.package_identification:_identify(rospyvenv/lib/python3.10/site-packages/pip/_vendor) by extensions ['python_setup_py']
[0.996s] Level 1:colcon.colcon_core.package_identification:_identify(rospyvenv/lib/python3.10/site-packages/pip/_vendor) by extension 'python_setup_py'
[0.996s] Level 1:colcon.colcon_core.package_identification:_identify(rospyvenv/lib/python3.10/site-packages/pip/_vendor/__pycache__) by extensions ['ignore', 'ignore_ament_install']
[0.996s] Level 1:colcon.colcon_core.package_identification:_identify(rospyvenv/lib/python3.10/site-packages/pip/_vendor/__pycache__) by extension 'ignore'
[0.996s] Level 1:colcon.colcon_core.package_identification:_identify(rospyvenv/lib/python3.10/site-packages/pip/_vendor/__pycache__) by extension 'ignore_ament_install'
[0.996s] Level 1:colcon.colcon_core.package_identification:_identify(rospyvenv/lib/python3.10/site-packages/pip/_vendor/__pycache__) by extensions ['colcon_pkg']
[0.996s] Level 1:colcon.colcon_core.package_identification:_identify(rospyvenv/lib/python3.10/site-packages/pip/_vendor/__pycache__) by extension 'colcon_pkg'
[0.996s] Level 1:colcon.colcon_core.package_identification:_identify(rospyvenv/lib/python3.10/site-packages/pip/_vendor/__pycache__) by extensions ['colcon_meta']
[0.996s] Level 1:colcon.colcon_core.package_identification:_identify(rospyvenv/lib/python3.10/site-packages/pip/_vendor/__pycache__) by extension 'colcon_meta'
[0.996s] Level 1:colcon.colcon_core.package_identification:_identify(rospyvenv/lib/python3.10/site-packages/pip/_vendor/__pycache__) by extensions ['ros']
[0.996s] Level 1:colcon.colcon_core.package_identification:_identify(rospyvenv/lib/python3.10/site-packages/pip/_vendor/__pycache__) by extension 'ros'
[0.997s] Level 1:colcon.colcon_core.package_identification:_identify(rospyvenv/lib/python3.10/site-packages/pip/_vendor/__pycache__) by extensions ['cmake', 'python']
[0.997s] Level 1:colcon.colcon_core.package_identification:_identify(rospyvenv/lib/python3.10/site-packages/pip/_vendor/__pycache__) by extension 'cmake'
[0.997s] Level 1:colcon.colcon_core.package_identification:_identify(rospyvenv/lib/python3.10/site-packages/pip/_vendor/__pycache__) by extension 'python'
[0.997s] Level 1:colcon.colcon_core.package_identification:_identify(rospyvenv/lib/python3.10/site-packages/pip/_vendor/__pycache__) by extensions ['python_setup_py']
[0.997s] Level 1:colcon.colcon_core.package_identification:_identify(rospyvenv/lib/python3.10/site-packages/pip/_vendor/__pycache__) by extension 'python_setup_py'
[0.997s] Level 1:colcon.colcon_core.package_identification:_identify(rospyvenv/lib/python3.10/site-packages/pip/_vendor/cachecontrol) by extensions ['ignore', 'ignore_ament_install']
[0.997s] Level 1:colcon.colcon_core.package_identification:_identify(rospyvenv/lib/python3.10/site-packages/pip/_vendor/cachecontrol) by extension 'ignore'
[0.997s] Level 1:colcon.colcon_core.package_identification:_identify(rospyvenv/lib/python3.10/site-packages/pip/_vendor/cachecontrol) by extension 'ignore_ament_install'
[0.997s] Level 1:colcon.colcon_core.package_identification:_identify(rospyvenv/lib/python3.10/site-packages/pip/_vendor/cachecontrol) by extensions ['colcon_pkg']
[0.997s] Level 1:colcon.colcon_core.package_identification:_identify(rospyvenv/lib/python3.10/site-packages/pip/_vendor/cachecontrol) by extension 'colcon_pkg'
[0.997s] Level 1:colcon.colcon_core.package_identification:_identify(rospyvenv/lib/python3.10/site-packages/pip/_vendor/cachecontrol) by extensions ['colcon_meta']
[0.997s] Level 1:colcon.colcon_core.package_identification:_identify(rospyvenv/lib/python3.10/site-packages/pip/_vendor/cachecontrol) by extension 'colcon_meta'
[0.997s] Level 1:colcon.colcon_core.package_identification:_identify(rospyvenv/lib/python3.10/site-packages/pip/_vendor/cachecontrol) by extensions ['ros']
[0.997s] Level 1:colcon.colcon_core.package_identification:_identify(rospyvenv/lib/python3.10/site-packages/pip/_vendor/cachecontrol) by extension 'ros'
[0.997s] Level 1:colcon.colcon_core.package_identification:_identify(rospyvenv/lib/python3.10/site-packages/pip/_vendor/cachecontrol) by extensions ['cmake', 'python']
[0.998s] Level 1:colcon.colcon_core.package_identification:_identify(rospyvenv/lib/python3.10/site-packages/pip/_vendor/cachecontrol) by extension 'cmake'
[0.998s] Level 1:colcon.colcon_core.package_identification:_identify(rospyvenv/lib/python3.10/site-packages/pip/_vendor/cachecontrol) by extension 'python'
[0.998s] Level 1:colcon.colcon_core.package_identification:_identify(rospyvenv/lib/python3.10/site-packages/pip/_vendor/cachecontrol) by extensions ['python_setup_py']
[0.998s] Level 1:colcon.colcon_core.package_identification:_identify(rospyvenv/lib/python3.10/site-packages/pip/_vendor/cachecontrol) by extension 'python_setup_py'
[0.998s] Level 1:colcon.colcon_core.package_identification:_identify(rospyvenv/lib/python3.10/site-packages/pip/_vendor/cachecontrol/__pycache__) by extensions ['ignore', 'ignore_ament_install']
[0.998s] Level 1:colcon.colcon_core.package_identification:_identify(rospyvenv/lib/python3.10/site-packages/pip/_vendor/cachecontrol/__pycache__) by extension 'ignore'
[0.998s] Level 1:colcon.colcon_core.package_identification:_identify(rospyvenv/lib/python3.10/site-packages/pip/_vendor/cachecontrol/__pycache__) by extension 'ignore_ament_install'
[0.998s] Level 1:colcon.colcon_core.package_identification:_identify(rospyvenv/lib/python3.10/site-packages/pip/_vendor/cachecontrol/__pycache__) by extensions ['colcon_pkg']
[0.998s] Level 1:colcon.colcon_core.package_identification:_identify(rospyvenv/lib/python3.10/site-packages/pip/_vendor/cachecontrol/__pycache__) by extension 'colcon_pkg'
[0.998s] Level 1:colcon.colcon_core.package_identification:_identify(rospyvenv/lib/python3.10/site-packages/pip/_vendor/cachecontrol/__pycache__) by extensions ['colcon_meta']
[0.998s] Level 1:colcon.colcon_core.package_identification:_identify(rospyvenv/lib/python3.10/site-packages/pip/_vendor/cachecontrol/__pycache__) by extension 'colcon_meta'
[0.998s] Level 1:colcon.colcon_core.package_identification:_identify(rospyvenv/lib/python3.10/site-packages/pip/_vendor/cachecontrol/__pycache__) by extensions ['ros']
[0.998s] Level 1:colcon.colcon_core.package_identification:_identify(rospyvenv/lib/python3.10/site-packages/pip/_vendor/cachecontrol/__pycache__) by extension 'ros'
[0.998s] Level 1:colcon.colcon_core.package_identification:_identify(rospyvenv/lib/python3.10/site-packages/pip/_vendor/cachecontrol/__pycache__) by extensions ['cmake', 'python']
[0.999s] Level 1:colcon.colcon_core.package_identification:_identify(rospyvenv/lib/python3.10/site-packages/pip/_vendor/cachecontrol/__pycache__) by extension 'cmake'
[0.999s] Level 1:colcon.colcon_core.package_identification:_identify(rospyvenv/lib/python3.10/site-packages/pip/_vendor/cachecontrol/__pycache__) by extension 'python'
[0.999s] Level 1:colcon.colcon_core.package_identification:_identify(rospyvenv/lib/python3.10/site-packages/pip/_vendor/cachecontrol/__pycache__) by extensions ['python_setup_py']
[0.999s] Level 1:colcon.colcon_core.package_identification:_identify(rospyvenv/lib/python3.10/site-packages/pip/_vendor/cachecontrol/__pycache__) by extension 'python_setup_py'
[0.999s] Level 1:colcon.colcon_core.package_identification:_identify(rospyvenv/lib/python3.10/site-packages/pip/_vendor/cachecontrol/caches) by extensions ['ignore', 'ignore_ament_install']
[0.999s] Level 1:colcon.colcon_core.package_identification:_identify(rospyvenv/lib/python3.10/site-packages/pip/_vendor/cachecontrol/caches) by extension 'ignore'
[0.999s] Level 1:colcon.colcon_core.package_identification:_identify(rospyvenv/lib/python3.10/site-packages/pip/_vendor/cachecontrol/caches) by extension 'ignore_ament_install'
[0.999s] Level 1:colcon.colcon_core.package_identification:_identify(rospyvenv/lib/python3.10/site-packages/pip/_vendor/cachecontrol/caches) by extensions ['colcon_pkg']
[0.999s] Level 1:colcon.colcon_core.package_identification:_identify(rospyvenv/lib/python3.10/site-packages/pip/_vendor/cachecontrol/caches) by extension 'colcon_pkg'
[0.999s] Level 1:colcon.colcon_core.package_identification:_identify(rospyvenv/lib/python3.10/site-packages/pip/_vendor/cachecontrol/caches) by extensions ['colcon_meta']
[0.999s] Level 1:colcon.colcon_core.package_identification:_identify(rospyvenv/lib/python3.10/site-packages/pip/_vendor/cachecontrol/caches) by extension 'colcon_meta'
[0.999s] Level 1:colcon.colcon_core.package_identification:_identify(rospyvenv/lib/python3.10/site-packages/pip/_vendor/cachecontrol/caches) by extensions ['ros']
[0.999s] Level 1:colcon.colcon_core.package_identification:_identify(rospyvenv/lib/python3.10/site-packages/pip/_vendor/cachecontrol/caches) by extension 'ros'
[0.999s] Level 1:colcon.colcon_core.package_identification:_identify(rospyvenv/lib/python3.10/site-packages/pip/_vendor/cachecontrol/caches) by extensions ['cmake', 'python']
[1.000s] Level 1:colcon.colcon_core.package_identification:_identify(rospyvenv/lib/python3.10/site-packages/pip/_vendor/cachecontrol/caches) by extension 'cmake'
[1.000s] Level 1:colcon.colcon_core.package_identification:_identify(rospyvenv/lib/python3.10/site-packages/pip/_vendor/cachecontrol/caches) by extension 'python'
[1.000s] Level 1:colcon.colcon_core.package_identification:_identify(rospyvenv/lib/python3.10/site-packages/pip/_vendor/cachecontrol/caches) by extensions ['python_setup_py']
[1.000s] Level 1:colcon.colcon_core.package_identification:_identify(rospyvenv/lib/python3.10/site-packages/pip/_vendor/cachecontrol/caches) by extension 'python_setup_py'
[1.000s] Level 1:colcon.colcon_core.package_identification:_identify(rospyvenv/lib/python3.10/site-packages/pip/_vendor/cachecontrol/caches/__pycache__) by extensions ['ignore', 'ignore_ament_install']
[1.000s] Level 1:colcon.colcon_core.package_identification:_identify(rospyvenv/lib/python3.10/site-packages/pip/_vendor/cachecontrol/caches/__pycache__) by extension 'ignore'
[1.000s] Level 1:colcon.colcon_core.package_identification:_identify(rospyvenv/lib/python3.10/site-packages/pip/_vendor/cachecontrol/caches/__pycache__) by extension 'ignore_ament_install'
[1.000s] Level 1:colcon.colcon_core.package_identification:_identify(rospyvenv/lib/python3.10/site-packages/pip/_vendor/cachecontrol/caches/__pycache__) by extensions ['colcon_pkg']
[1.000s] Level 1:colcon.colcon_core.package_identification:_identify(rospyvenv/lib/python3.10/site-packages/pip/_vendor/cachecontrol/caches/__pycache__) by extension 'colcon_pkg'
[1.000s] Level 1:colcon.colcon_core.package_identification:_identify(rospyvenv/lib/python3.10/site-packages/pip/_vendor/cachecontrol/caches/__pycache__) by extensions ['colcon_meta']
[1.000s] Level 1:colcon.colcon_core.package_identification:_identify(rospyvenv/lib/python3.10/site-packages/pip/_vendor/cachecontrol/caches/__pycache__) by extension 'colcon_meta'
[1.000s] Level 1:colcon.colcon_core.package_identification:_identify(rospyvenv/lib/python3.10/site-packages/pip/_vendor/cachecontrol/caches/__pycache__) by extensions ['ros']
[1.000s] Level 1:colcon.colcon_core.package_identification:_identify(rospyvenv/lib/python3.10/site-packages/pip/_vendor/cachecontrol/caches/__pycache__) by extension 'ros'
[1.000s] Level 1:colcon.colcon_core.package_identification:_identify(rospyvenv/lib/python3.10/site-packages/pip/_vendor/cachecontrol/caches/__pycache__) by extensions ['cmake', 'python']
[1.000s] Level 1:colcon.colcon_core.package_identification:_identify(rospyvenv/lib/python3.10/site-packages/pip/_vendor/cachecontrol/caches/__pycache__) by extension 'cmake'
[1.001s] Level 1:colcon.colcon_core.package_identification:_identify(rospyvenv/lib/python3.10/site-packages/pip/_vendor/cachecontrol/caches/__pycache__) by extension 'python'
[1.001s] Level 1:colcon.colcon_core.package_identification:_identify(rospyvenv/lib/python3.10/site-packages/pip/_vendor/cachecontrol/caches/__pycache__) by extensions ['python_setup_py']
[1.001s] Level 1:colcon.colcon_core.package_identification:_identify(rospyvenv/lib/python3.10/site-packages/pip/_vendor/cachecontrol/caches/__pycache__) by extension 'python_setup_py'
[1.001s] Level 1:colcon.colcon_core.package_identification:_identify(rospyvenv/lib/python3.10/site-packages/pip/_vendor/certifi) by extensions ['ignore', 'ignore_ament_install']
[1.001s] Level 1:colcon.colcon_core.package_identification:_identify(rospyvenv/lib/python3.10/site-packages/pip/_vendor/certifi) by extension 'ignore'
[1.001s] Level 1:colcon.colcon_core.package_identification:_identify(rospyvenv/lib/python3.10/site-packages/pip/_vendor/certifi) by extension 'ignore_ament_install'
[1.001s] Level 1:colcon.colcon_core.package_identification:_identify(rospyvenv/lib/python3.10/site-packages/pip/_vendor/certifi) by extensions ['colcon_pkg']
[1.001s] Level 1:colcon.colcon_core.package_identification:_identify(rospyvenv/lib/python3.10/site-packages/pip/_vendor/certifi) by extension 'colcon_pkg'
[1.001s] Level 1:colcon.colcon_core.package_identification:_identify(rospyvenv/lib/python3.10/site-packages/pip/_vendor/certifi) by extensions ['colcon_meta']
[1.001s] Level 1:colcon.colcon_core.package_identification:_identify(rospyvenv/lib/python3.10/site-packages/pip/_vendor/certifi) by extension 'colcon_meta'
[1.001s] Level 1:colcon.colcon_core.package_identification:_identify(rospyvenv/lib/python3.10/site-packages/pip/_vendor/certifi) by extensions ['ros']
[1.001s] Level 1:colcon.colcon_core.package_identification:_identify(rospyvenv/lib/python3.10/site-packages/pip/_vendor/certifi) by extension 'ros'
[1.001s] Level 1:colcon.colcon_core.package_identification:_identify(rospyvenv/lib/python3.10/site-packages/pip/_vendor/certifi) by extensions ['cmake', 'python']
[1.001s] Level 1:colcon.colcon_core.package_identification:_identify(rospyvenv/lib/python3.10/site-packages/pip/_vendor/certifi) by extension 'cmake'
[1.001s] Level 1:colcon.colcon_core.package_identification:_identify(rospyvenv/lib/python3.10/site-packages/pip/_vendor/certifi) by extension 'python'
[1.002s] Level 1:colcon.colcon_core.package_identification:_identify(rospyvenv/lib/python3.10/site-packages/pip/_vendor/certifi) by extensions ['python_setup_py']
[1.002s] Level 1:colcon.colcon_core.package_identification:_identify(rospyvenv/lib/python3.10/site-packages/pip/_vendor/certifi) by extension 'python_setup_py'
[1.002s] Level 1:colcon.colcon_core.package_identification:_identify(rospyvenv/lib/python3.10/site-packages/pip/_vendor/certifi/__pycache__) by extensions ['ignore', 'ignore_ament_install']
[1.002s] Level 1:colcon.colcon_core.package_identification:_identify(rospyvenv/lib/python3.10/site-packages/pip/_vendor/certifi/__pycache__) by extension 'ignore'
[1.002s] Level 1:colcon.colcon_core.package_identification:_identify(rospyvenv/lib/python3.10/site-packages/pip/_vendor/certifi/__pycache__) by extension 'ignore_ament_install'
[1.002s] Level 1:colcon.colcon_core.package_identification:_identify(rospyvenv/lib/python3.10/site-packages/pip/_vendor/certifi/__pycache__) by extensions ['colcon_pkg']
[1.002s] Level 1:colcon.colcon_core.package_identification:_identify(rospyvenv/lib/python3.10/site-packages/pip/_vendor/certifi/__pycache__) by extension 'colcon_pkg'
[1.002s] Level 1:colcon.colcon_core.package_identification:_identify(rospyvenv/lib/python3.10/site-packages/pip/_vendor/certifi/__pycache__) by extensions ['colcon_meta']
[1.002s] Level 1:colcon.colcon_core.package_identification:_identify(rospyvenv/lib/python3.10/site-packages/pip/_vendor/certifi/__pycache__) by extension 'colcon_meta'
[1.002s] Level 1:colcon.colcon_core.package_identification:_identify(rospyvenv/lib/python3.10/site-packages/pip/_vendor/certifi/__pycache__) by extensions ['ros']
[1.002s] Level 1:colcon.colcon_core.package_identification:_identify(rospyvenv/lib/python3.10/site-packages/pip/_vendor/certifi/__pycache__) by extension 'ros'
[1.002s] Level 1:colcon.colcon_core.package_identification:_identify(rospyvenv/lib/python3.10/site-packages/pip/_vendor/certifi/__pycache__) by extensions ['cmake', 'python']
[1.002s] Level 1:colcon.colcon_core.package_identification:_identify(rospyvenv/lib/python3.10/site-packages/pip/_vendor/certifi/__pycache__) by extension 'cmake'
[1.002s] Level 1:colcon.colcon_core.package_identification:_identify(rospyvenv/lib/python3.10/site-packages/pip/_vendor/certifi/__pycache__) by extension 'python'
[1.003s] Level 1:colcon.colcon_core.package_identification:_identify(rospyvenv/lib/python3.10/site-packages/pip/_vendor/certifi/__pycache__) by extensions ['python_setup_py']
[1.003s] Level 1:colcon.colcon_core.package_identification:_identify(rospyvenv/lib/python3.10/site-packages/pip/_vendor/certifi/__pycache__) by extension 'python_setup_py'
[1.003s] Level 1:colcon.colcon_core.package_identification:_identify(rospyvenv/lib/python3.10/site-packages/pip/_vendor/chardet) by extensions ['ignore', 'ignore_ament_install']
[1.003s] Level 1:colcon.colcon_core.package_identification:_identify(rospyvenv/lib/python3.10/site-packages/pip/_vendor/chardet) by extension 'ignore'
[1.003s] Level 1:colcon.colcon_core.package_identification:_identify(rospyvenv/lib/python3.10/site-packages/pip/_vendor/chardet) by extension 'ignore_ament_install'
[1.003s] Level 1:colcon.colcon_core.package_identification:_identify(rospyvenv/lib/python3.10/site-packages/pip/_vendor/chardet) by extensions ['colcon_pkg']
[1.003s] Level 1:colcon.colcon_core.package_identification:_identify(rospyvenv/lib/python3.10/site-packages/pip/_vendor/chardet) by extension 'colcon_pkg'
[1.003s] Level 1:colcon.colcon_core.package_identification:_identify(rospyvenv/lib/python3.10/site-packages/pip/_vendor/chardet) by extensions ['colcon_meta']
[1.003s] Level 1:colcon.colcon_core.package_identification:_identify(rospyvenv/lib/python3.10/site-packages/pip/_vendor/chardet) by extension 'colcon_meta'
[1.003s] Level 1:colcon.colcon_core.package_identification:_identify(rospyvenv/lib/python3.10/site-packages/pip/_vendor/chardet) by extensions ['ros']
[1.003s] Level 1:colcon.colcon_core.package_identification:_identify(rospyvenv/lib/python3.10/site-packages/pip/_vendor/chardet) by extension 'ros'
[1.003s] Level 1:colcon.colcon_core.package_identification:_identify(rospyvenv/lib/python3.10/site-packages/pip/_vendor/chardet) by extensions ['cmake', 'python']
[1.003s] Level 1:colcon.colcon_core.package_identification:_identify(rospyvenv/lib/python3.10/site-packages/pip/_vendor/chardet) by extension 'cmake'
[1.003s] Level 1:colcon.colcon_core.package_identification:_identify(rospyvenv/lib/python3.10/site-packages/pip/_vendor/chardet) by extension 'python'
[1.004s] Level 1:colcon.colcon_core.package_identification:_identify(rospyvenv/lib/python3.10/site-packages/pip/_vendor/chardet) by extensions ['python_setup_py']
[1.004s] Level 1:colcon.colcon_core.package_identification:_identify(rospyvenv/lib/python3.10/site-packages/pip/_vendor/chardet) by extension 'python_setup_py'
[1.004s] Level 1:colcon.colcon_core.package_identification:_identify(rospyvenv/lib/python3.10/site-packages/pip/_vendor/chardet/__pycache__) by extensions ['ignore', 'ignore_ament_install']
[1.004s] Level 1:colcon.colcon_core.package_identification:_identify(rospyvenv/lib/python3.10/site-packages/pip/_vendor/chardet/__pycache__) by extension 'ignore'
[1.004s] Level 1:colcon.colcon_core.package_identification:_identify(rospyvenv/lib/python3.10/site-packages/pip/_vendor/chardet/__pycache__) by extension 'ignore_ament_install'
[1.004s] Level 1:colcon.colcon_core.package_identification:_identify(rospyvenv/lib/python3.10/site-packages/pip/_vendor/chardet/__pycache__) by extensions ['colcon_pkg']
[1.004s] Level 1:colcon.colcon_core.package_identification:_identify(rospyvenv/lib/python3.10/site-packages/pip/_vendor/chardet/__pycache__) by extension 'colcon_pkg'
[1.004s] Level 1:colcon.colcon_core.package_identification:_identify(rospyvenv/lib/python3.10/site-packages/pip/_vendor/chardet/__pycache__) by extensions ['colcon_meta']
[1.004s] Level 1:colcon.colcon_core.package_identification:_identify(rospyvenv/lib/python3.10/site-packages/pip/_vendor/chardet/__pycache__) by extension 'colcon_meta'
[1.004s] Level 1:colcon.colcon_core.package_identification:_identify(rospyvenv/lib/python3.10/site-packages/pip/_vendor/chardet/__pycache__) by extensions ['ros']
[1.005s] Level 1:colcon.colcon_core.package_identification:_identify(rospyvenv/lib/python3.10/site-packages/pip/_vendor/chardet/__pycache__) by extension 'ros'
[1.005s] Level 1:colcon.colcon_core.package_identification:_identify(rospyvenv/lib/python3.10/site-packages/pip/_vendor/chardet/__pycache__) by extensions ['cmake', 'python']
[1.005s] Level 1:colcon.colcon_core.package_identification:_identify(rospyvenv/lib/python3.10/site-packages/pip/_vendor/chardet/__pycache__) by extension 'cmake'
[1.005s] Level 1:colcon.colcon_core.package_identification:_identify(rospyvenv/lib/python3.10/site-packages/pip/_vendor/chardet/__pycache__) by extension 'python'
[1.005s] Level 1:colcon.colcon_core.package_identification:_identify(rospyvenv/lib/python3.10/site-packages/pip/_vendor/chardet/__pycache__) by extensions ['python_setup_py']
[1.005s] Level 1:colcon.colcon_core.package_identification:_identify(rospyvenv/lib/python3.10/site-packages/pip/_vendor/chardet/__pycache__) by extension 'python_setup_py'
[1.005s] Level 1:colcon.colcon_core.package_identification:_identify(rospyvenv/lib/python3.10/site-packages/pip/_vendor/chardet/cli) by extensions ['ignore', 'ignore_ament_install']
[1.005s] Level 1:colcon.colcon_core.package_identification:_identify(rospyvenv/lib/python3.10/site-packages/pip/_vendor/chardet/cli) by extension 'ignore'
[1.005s] Level 1:colcon.colcon_core.package_identification:_identify(rospyvenv/lib/python3.10/site-packages/pip/_vendor/chardet/cli) by extension 'ignore_ament_install'
[1.005s] Level 1:colcon.colcon_core.package_identification:_identify(rospyvenv/lib/python3.10/site-packages/pip/_vendor/chardet/cli) by extensions ['colcon_pkg']
[1.005s] Level 1:colcon.colcon_core.package_identification:_identify(rospyvenv/lib/python3.10/site-packages/pip/_vendor/chardet/cli) by extension 'colcon_pkg'
[1.005s] Level 1:colcon.colcon_core.package_identification:_identify(rospyvenv/lib/python3.10/site-packages/pip/_vendor/chardet/cli) by extensions ['colcon_meta']
[1.005s] Level 1:colcon.colcon_core.package_identification:_identify(rospyvenv/lib/python3.10/site-packages/pip/_vendor/chardet/cli) by extension 'colcon_meta'
[1.006s] Level 1:colcon.colcon_core.package_identification:_identify(rospyvenv/lib/python3.10/site-packages/pip/_vendor/chardet/cli) by extensions ['ros']
[1.006s] Level 1:colcon.colcon_core.package_identification:_identify(rospyvenv/lib/python3.10/site-packages/pip/_vendor/chardet/cli) by extension 'ros'
[1.006s] Level 1:colcon.colcon_core.package_identification:_identify(rospyvenv/lib/python3.10/site-packages/pip/_vendor/chardet/cli) by extensions ['cmake', 'python']
[1.006s] Level 1:colcon.colcon_core.package_identification:_identify(rospyvenv/lib/python3.10/site-packages/pip/_vendor/chardet/cli) by extension 'cmake'
[1.006s] Level 1:colcon.colcon_core.package_identification:_identify(rospyvenv/lib/python3.10/site-packages/pip/_vendor/chardet/cli) by extension 'python'
[1.006s] Level 1:colcon.colcon_core.package_identification:_identify(rospyvenv/lib/python3.10/site-packages/pip/_vendor/chardet/cli) by extensions ['python_setup_py']
[1.006s] Level 1:colcon.colcon_core.package_identification:_identify(rospyvenv/lib/python3.10/site-packages/pip/_vendor/chardet/cli) by extension 'python_setup_py'
[1.006s] Level 1:colcon.colcon_core.package_identification:_identify(rospyvenv/lib/python3.10/site-packages/pip/_vendor/chardet/cli/__pycache__) by extensions ['ignore', 'ignore_ament_install']
[1.006s] Level 1:colcon.colcon_core.package_identification:_identify(rospyvenv/lib/python3.10/site-packages/pip/_vendor/chardet/cli/__pycache__) by extension 'ignore'
[1.006s] Level 1:colcon.colcon_core.package_identification:_identify(rospyvenv/lib/python3.10/site-packages/pip/_vendor/chardet/cli/__pycache__) by extension 'ignore_ament_install'
[1.006s] Level 1:colcon.colcon_core.package_identification:_identify(rospyvenv/lib/python3.10/site-packages/pip/_vendor/chardet/cli/__pycache__) by extensions ['colcon_pkg']
[1.006s] Level 1:colcon.colcon_core.package_identification:_identify(rospyvenv/lib/python3.10/site-packages/pip/_vendor/chardet/cli/__pycache__) by extension 'colcon_pkg'
[1.006s] Level 1:colcon.colcon_core.package_identification:_identify(rospyvenv/lib/python3.10/site-packages/pip/_vendor/chardet/cli/__pycache__) by extensions ['colcon_meta']
[1.007s] Level 1:colcon.colcon_core.package_identification:_identify(rospyvenv/lib/python3.10/site-packages/pip/_vendor/chardet/cli/__pycache__) by extension 'colcon_meta'
[1.007s] Level 1:colcon.colcon_core.package_identification:_identify(rospyvenv/lib/python3.10/site-packages/pip/_vendor/chardet/cli/__pycache__) by extensions ['ros']
[1.007s] Level 1:colcon.colcon_core.package_identification:_identify(rospyvenv/lib/python3.10/site-packages/pip/_vendor/chardet/cli/__pycache__) by extension 'ros'
[1.007s] Level 1:colcon.colcon_core.package_identification:_identify(rospyvenv/lib/python3.10/site-packages/pip/_vendor/chardet/cli/__pycache__) by extensions ['cmake', 'python']
[1.007s] Level 1:colcon.colcon_core.package_identification:_identify(rospyvenv/lib/python3.10/site-packages/pip/_vendor/chardet/cli/__pycache__) by extension 'cmake'
[1.007s] Level 1:colcon.colcon_core.package_identification:_identify(rospyvenv/lib/python3.10/site-packages/pip/_vendor/chardet/cli/__pycache__) by extension 'python'
[1.007s] Level 1:colcon.colcon_core.package_identification:_identify(rospyvenv/lib/python3.10/site-packages/pip/_vendor/chardet/cli/__pycache__) by extensions ['python_setup_py']
[1.007s] Level 1:colcon.colcon_core.package_identification:_identify(rospyvenv/lib/python3.10/site-packages/pip/_vendor/chardet/cli/__pycache__) by extension 'python_setup_py'
[1.007s] Level 1:colcon.colcon_core.package_identification:_identify(rospyvenv/lib/python3.10/site-packages/pip/_vendor/chardet/metadata) by extensions ['ignore', 'ignore_ament_install']
[1.007s] Level 1:colcon.colcon_core.package_identification:_identify(rospyvenv/lib/python3.10/site-packages/pip/_vendor/chardet/metadata) by extension 'ignore'
[1.007s] Level 1:colcon.colcon_core.package_identification:_identify(rospyvenv/lib/python3.10/site-packages/pip/_vendor/chardet/metadata) by extension 'ignore_ament_install'
[1.007s] Level 1:colcon.colcon_core.package_identification:_identify(rospyvenv/lib/python3.10/site-packages/pip/_vendor/chardet/metadata) by extensions ['colcon_pkg']
[1.007s] Level 1:colcon.colcon_core.package_identification:_identify(rospyvenv/lib/python3.10/site-packages/pip/_vendor/chardet/metadata) by extension 'colcon_pkg'
[1.007s] Level 1:colcon.colcon_core.package_identification:_identify(rospyvenv/lib/python3.10/site-packages/pip/_vendor/chardet/metadata) by extensions ['colcon_meta']
[1.007s] Level 1:colcon.colcon_core.package_identification:_identify(rospyvenv/lib/python3.10/site-packages/pip/_vendor/chardet/metadata) by extension 'colcon_meta'
[1.007s] Level 1:colcon.colcon_core.package_identification:_identify(rospyvenv/lib/python3.10/site-packages/pip/_vendor/chardet/metadata) by extensions ['ros']
[1.007s] Level 1:colcon.colcon_core.package_identification:_identify(rospyvenv/lib/python3.10/site-packages/pip/_vendor/chardet/metadata) by extension 'ros'
[1.007s] Level 1:colcon.colcon_core.package_identification:_identify(rospyvenv/lib/python3.10/site-packages/pip/_vendor/chardet/metadata) by extensions ['cmake', 'python']
[1.008s] Level 1:colcon.colcon_core.package_identification:_identify(rospyvenv/lib/python3.10/site-packages/pip/_vendor/chardet/metadata) by extension 'cmake'
[1.008s] Level 1:colcon.colcon_core.package_identification:_identify(rospyvenv/lib/python3.10/site-packages/pip/_vendor/chardet/metadata) by extension 'python'
[1.008s] Level 1:colcon.colcon_core.package_identification:_identify(rospyvenv/lib/python3.10/site-packages/pip/_vendor/chardet/metadata) by extensions ['python_setup_py']
[1.008s] Level 1:colcon.colcon_core.package_identification:_identify(rospyvenv/lib/python3.10/site-packages/pip/_vendor/chardet/metadata) by extension 'python_setup_py'
[1.008s] Level 1:colcon.colcon_core.package_identification:_identify(rospyvenv/lib/python3.10/site-packages/pip/_vendor/chardet/metadata/__pycache__) by extensions ['ignore', 'ignore_ament_install']
[1.008s] Level 1:colcon.colcon_core.package_identification:_identify(rospyvenv/lib/python3.10/site-packages/pip/_vendor/chardet/metadata/__pycache__) by extension 'ignore'
[1.008s] Level 1:colcon.colcon_core.package_identification:_identify(rospyvenv/lib/python3.10/site-packages/pip/_vendor/chardet/metadata/__pycache__) by extension 'ignore_ament_install'
[1.008s] Level 1:colcon.colcon_core.package_identification:_identify(rospyvenv/lib/python3.10/site-packages/pip/_vendor/chardet/metadata/__pycache__) by extensions ['colcon_pkg']
[1.008s] Level 1:colcon.colcon_core.package_identification:_identify(rospyvenv/lib/python3.10/site-packages/pip/_vendor/chardet/metadata/__pycache__) by extension 'colcon_pkg'
[1.008s] Level 1:colcon.colcon_core.package_identification:_identify(rospyvenv/lib/python3.10/site-packages/pip/_vendor/chardet/metadata/__pycache__) by extensions ['colcon_meta']
[1.008s] Level 1:colcon.colcon_core.package_identification:_identify(rospyvenv/lib/python3.10/site-packages/pip/_vendor/chardet/metadata/__pycache__) by extension 'colcon_meta'
[1.008s] Level 1:colcon.colcon_core.package_identification:_identify(rospyvenv/lib/python3.10/site-packages/pip/_vendor/chardet/metadata/__pycache__) by extensions ['ros']
[1.008s] Level 1:colcon.colcon_core.package_identification:_identify(rospyvenv/lib/python3.10/site-packages/pip/_vendor/chardet/metadata/__pycache__) by extension 'ros'
[1.009s] Level 1:colcon.colcon_core.package_identification:_identify(rospyvenv/lib/python3.10/site-packages/pip/_vendor/chardet/metadata/__pycache__) by extensions ['cmake', 'python']
[1.009s] Level 1:colcon.colcon_core.package_identification:_identify(rospyvenv/lib/python3.10/site-packages/pip/_vendor/chardet/metadata/__pycache__) by extension 'cmake'
[1.009s] Level 1:colcon.colcon_core.package_identification:_identify(rospyvenv/lib/python3.10/site-packages/pip/_vendor/chardet/metadata/__pycache__) by extension 'python'
[1.009s] Level 1:colcon.colcon_core.package_identification:_identify(rospyvenv/lib/python3.10/site-packages/pip/_vendor/chardet/metadata/__pycache__) by extensions ['python_setup_py']
[1.009s] Level 1:colcon.colcon_core.package_identification:_identify(rospyvenv/lib/python3.10/site-packages/pip/_vendor/chardet/metadata/__pycache__) by extension 'python_setup_py'
[1.009s] Level 1:colcon.colcon_core.package_identification:_identify(rospyvenv/lib/python3.10/site-packages/pip/_vendor/colorama) by extensions ['ignore', 'ignore_ament_install']
[1.009s] Level 1:colcon.colcon_core.package_identification:_identify(rospyvenv/lib/python3.10/site-packages/pip/_vendor/colorama) by extension 'ignore'
[1.009s] Level 1:colcon.colcon_core.package_identification:_identify(rospyvenv/lib/python3.10/site-packages/pip/_vendor/colorama) by extension 'ignore_ament_install'
[1.009s] Level 1:colcon.colcon_core.package_identification:_identify(rospyvenv/lib/python3.10/site-packages/pip/_vendor/colorama) by extensions ['colcon_pkg']
[1.009s] Level 1:colcon.colcon_core.package_identification:_identify(rospyvenv/lib/python3.10/site-packages/pip/_vendor/colorama) by extension 'colcon_pkg'
[1.009s] Level 1:colcon.colcon_core.package_identification:_identify(rospyvenv/lib/python3.10/site-packages/pip/_vendor/colorama) by extensions ['colcon_meta']
[1.009s] Level 1:colcon.colcon_core.package_identification:_identify(rospyvenv/lib/python3.10/site-packages/pip/_vendor/colorama) by extension 'colcon_meta'
[1.009s] Level 1:colcon.colcon_core.package_identification:_identify(rospyvenv/lib/python3.10/site-packages/pip/_vendor/colorama) by extensions ['ros']
[1.009s] Level 1:colcon.colcon_core.package_identification:_identify(rospyvenv/lib/python3.10/site-packages/pip/_vendor/colorama) by extension 'ros'
[1.009s] Level 1:colcon.colcon_core.package_identification:_identify(rospyvenv/lib/python3.10/site-packages/pip/_vendor/colorama) by extensions ['cmake', 'python']
[1.009s] Level 1:colcon.colcon_core.package_identification:_identify(rospyvenv/lib/python3.10/site-packages/pip/_vendor/colorama) by extension 'cmake'
[1.009s] Level 1:colcon.colcon_core.package_identification:_identify(rospyvenv/lib/python3.10/site-packages/pip/_vendor/colorama) by extension 'python'
[1.009s] Level 1:colcon.colcon_core.package_identification:_identify(rospyvenv/lib/python3.10/site-packages/pip/_vendor/colorama) by extensions ['python_setup_py']
[1.009s] Level 1:colcon.colcon_core.package_identification:_identify(rospyvenv/lib/python3.10/site-packages/pip/_vendor/colorama) by extension 'python_setup_py'
[1.010s] Level 1:colcon.colcon_core.package_identification:_identify(rospyvenv/lib/python3.10/site-packages/pip/_vendor/colorama/__pycache__) by extensions ['ignore', 'ignore_ament_install']
[1.010s] Level 1:colcon.colcon_core.package_identification:_identify(rospyvenv/lib/python3.10/site-packages/pip/_vendor/colorama/__pycache__) by extension 'ignore'
[1.010s] Level 1:colcon.colcon_core.package_identification:_identify(rospyvenv/lib/python3.10/site-packages/pip/_vendor/colorama/__pycache__) by extension 'ignore_ament_install'
[1.010s] Level 1:colcon.colcon_core.package_identification:_identify(rospyvenv/lib/python3.10/site-packages/pip/_vendor/colorama/__pycache__) by extensions ['colcon_pkg']
[1.010s] Level 1:colcon.colcon_core.package_identification:_identify(rospyvenv/lib/python3.10/site-packages/pip/_vendor/colorama/__pycache__) by extension 'colcon_pkg'
[1.010s] Level 1:colcon.colcon_core.package_identification:_identify(rospyvenv/lib/python3.10/site-packages/pip/_vendor/colorama/__pycache__) by extensions ['colcon_meta']
[1.010s] Level 1:colcon.colcon_core.package_identification:_identify(rospyvenv/lib/python3.10/site-packages/pip/_vendor/colorama/__pycache__) by extension 'colcon_meta'
[1.010s] Level 1:colcon.colcon_core.package_identification:_identify(rospyvenv/lib/python3.10/site-packages/pip/_vendor/colorama/__pycache__) by extensions ['ros']
[1.010s] Level 1:colcon.colcon_core.package_identification:_identify(rospyvenv/lib/python3.10/site-packages/pip/_vendor/colorama/__pycache__) by extension 'ros'
[1.010s] Level 1:colcon.colcon_core.package_identification:_identify(rospyvenv/lib/python3.10/site-packages/pip/_vendor/colorama/__pycache__) by extensions ['cmake', 'python']
[1.010s] Level 1:colcon.colcon_core.package_identification:_identify(rospyvenv/lib/python3.10/site-packages/pip/_vendor/colorama/__pycache__) by extension 'cmake'
[1.010s] Level 1:colcon.colcon_core.package_identification:_identify(rospyvenv/lib/python3.10/site-packages/pip/_vendor/colorama/__pycache__) by extension 'python'
[1.011s] Level 1:colcon.colcon_core.package_identification:_identify(rospyvenv/lib/python3.10/site-packages/pip/_vendor/colorama/__pycache__) by extensions ['python_setup_py']
[1.011s] Level 1:colcon.colcon_core.package_identification:_identify(rospyvenv/lib/python3.10/site-packages/pip/_vendor/colorama/__pycache__) by extension 'python_setup_py'
[1.011s] Level 1:colcon.colcon_core.package_identification:_identify(rospyvenv/lib/python3.10/site-packages/pip/_vendor/distlib) by extensions ['ignore', 'ignore_ament_install']
[1.011s] Level 1:colcon.colcon_core.package_identification:_identify(rospyvenv/lib/python3.10/site-packages/pip/_vendor/distlib) by extension 'ignore'
[1.011s] Level 1:colcon.colcon_core.package_identification:_identify(rospyvenv/lib/python3.10/site-packages/pip/_vendor/distlib) by extension 'ignore_ament_install'
[1.011s] Level 1:colcon.colcon_core.package_identification:_identify(rospyvenv/lib/python3.10/site-packages/pip/_vendor/distlib) by extensions ['colcon_pkg']
[1.011s] Level 1:colcon.colcon_core.package_identification:_identify(rospyvenv/lib/python3.10/site-packages/pip/_vendor/distlib) by extension 'colcon_pkg'
[1.011s] Level 1:colcon.colcon_core.package_identification:_identify(rospyvenv/lib/python3.10/site-packages/pip/_vendor/distlib) by extensions ['colcon_meta']
[1.011s] Level 1:colcon.colcon_core.package_identification:_identify(rospyvenv/lib/python3.10/site-packages/pip/_vendor/distlib) by extension 'colcon_meta'
[1.011s] Level 1:colcon.colcon_core.package_identification:_identify(rospyvenv/lib/python3.10/site-packages/pip/_vendor/distlib) by extensions ['ros']
[1.011s] Level 1:colcon.colcon_core.package_identification:_identify(rospyvenv/lib/python3.10/site-packages/pip/_vendor/distlib) by extension 'ros'
[1.011s] Level 1:colcon.colcon_core.package_identification:_identify(rospyvenv/lib/python3.10/site-packages/pip/_vendor/distlib) by extensions ['cmake', 'python']
[1.011s] Level 1:colcon.colcon_core.package_identification:_identify(rospyvenv/lib/python3.10/site-packages/pip/_vendor/distlib) by extension 'cmake'
[1.011s] Level 1:colcon.colcon_core.package_identification:_identify(rospyvenv/lib/python3.10/site-packages/pip/_vendor/distlib) by extension 'python'
[1.011s] Level 1:colcon.colcon_core.package_identification:_identify(rospyvenv/lib/python3.10/site-packages/pip/_vendor/distlib) by extensions ['python_setup_py']
[1.011s] Level 1:colcon.colcon_core.package_identification:_identify(rospyvenv/lib/python3.10/site-packages/pip/_vendor/distlib) by extension 'python_setup_py'
[1.012s] Level 1:colcon.colcon_core.package_identification:_identify(rospyvenv/lib/python3.10/site-packages/pip/_vendor/distlib/__pycache__) by extensions ['ignore', 'ignore_ament_install']
[1.012s] Level 1:colcon.colcon_core.package_identification:_identify(rospyvenv/lib/python3.10/site-packages/pip/_vendor/distlib/__pycache__) by extension 'ignore'
[1.012s] Level 1:colcon.colcon_core.package_identification:_identify(rospyvenv/lib/python3.10/site-packages/pip/_vendor/distlib/__pycache__) by extension 'ignore_ament_install'
[1.012s] Level 1:colcon.colcon_core.package_identification:_identify(rospyvenv/lib/python3.10/site-packages/pip/_vendor/distlib/__pycache__) by extensions ['colcon_pkg']
[1.012s] Level 1:colcon.colcon_core.package_identification:_identify(rospyvenv/lib/python3.10/site-packages/pip/_vendor/distlib/__pycache__) by extension 'colcon_pkg'
[1.012s] Level 1:colcon.colcon_core.package_identification:_identify(rospyvenv/lib/python3.10/site-packages/pip/_vendor/distlib/__pycache__) by extensions ['colcon_meta']
[1.012s] Level 1:colcon.colcon_core.package_identification:_identify(rospyvenv/lib/python3.10/site-packages/pip/_vendor/distlib/__pycache__) by extension 'colcon_meta'
[1.012s] Level 1:colcon.colcon_core.package_identification:_identify(rospyvenv/lib/python3.10/site-packages/pip/_vendor/distlib/__pycache__) by extensions ['ros']
[1.012s] Level 1:colcon.colcon_core.package_identification:_identify(rospyvenv/lib/python3.10/site-packages/pip/_vendor/distlib/__pycache__) by extension 'ros'
[1.012s] Level 1:colcon.colcon_core.package_identification:_identify(rospyvenv/lib/python3.10/site-packages/pip/_vendor/distlib/__pycache__) by extensions ['cmake', 'python']
[1.012s] Level 1:colcon.colcon_core.package_identification:_identify(rospyvenv/lib/python3.10/site-packages/pip/_vendor/distlib/__pycache__) by extension 'cmake'
[1.012s] Level 1:colcon.colcon_core.package_identification:_identify(rospyvenv/lib/python3.10/site-packages/pip/_vendor/distlib/__pycache__) by extension 'python'
[1.012s] Level 1:colcon.colcon_core.package_identification:_identify(rospyvenv/lib/python3.10/site-packages/pip/_vendor/distlib/__pycache__) by extensions ['python_setup_py']
[1.012s] Level 1:colcon.colcon_core.package_identification:_identify(rospyvenv/lib/python3.10/site-packages/pip/_vendor/distlib/__pycache__) by extension 'python_setup_py'
[1.013s] Level 1:colcon.colcon_core.package_identification:_identify(rospyvenv/lib/python3.10/site-packages/pip/_vendor/html5lib) by extensions ['ignore', 'ignore_ament_install']
[1.013s] Level 1:colcon.colcon_core.package_identification:_identify(rospyvenv/lib/python3.10/site-packages/pip/_vendor/html5lib) by extension 'ignore'
[1.013s] Level 1:colcon.colcon_core.package_identification:_identify(rospyvenv/lib/python3.10/site-packages/pip/_vendor/html5lib) by extension 'ignore_ament_install'
[1.013s] Level 1:colcon.colcon_core.package_identification:_identify(rospyvenv/lib/python3.10/site-packages/pip/_vendor/html5lib) by extensions ['colcon_pkg']
[1.013s] Level 1:colcon.colcon_core.package_identification:_identify(rospyvenv/lib/python3.10/site-packages/pip/_vendor/html5lib) by extension 'colcon_pkg'
[1.013s] Level 1:colcon.colcon_core.package_identification:_identify(rospyvenv/lib/python3.10/site-packages/pip/_vendor/html5lib) by extensions ['colcon_meta']
[1.013s] Level 1:colcon.colcon_core.package_identification:_identify(rospyvenv/lib/python3.10/site-packages/pip/_vendor/html5lib) by extension 'colcon_meta'
[1.013s] Level 1:colcon.colcon_core.package_identification:_identify(rospyvenv/lib/python3.10/site-packages/pip/_vendor/html5lib) by extensions ['ros']
[1.013s] Level 1:colcon.colcon_core.package_identification:_identify(rospyvenv/lib/python3.10/site-packages/pip/_vendor/html5lib) by extension 'ros'
[1.013s] Level 1:colcon.colcon_core.package_identification:_identify(rospyvenv/lib/python3.10/site-packages/pip/_vendor/html5lib) by extensions ['cmake', 'python']
[1.013s] Level 1:colcon.colcon_core.package_identification:_identify(rospyvenv/lib/python3.10/site-packages/pip/_vendor/html5lib) by extension 'cmake'
[1.013s] Level 1:colcon.colcon_core.package_identification:_identify(rospyvenv/lib/python3.10/site-packages/pip/_vendor/html5lib) by extension 'python'
[1.013s] Level 1:colcon.colcon_core.package_identification:_identify(rospyvenv/lib/python3.10/site-packages/pip/_vendor/html5lib) by extensions ['python_setup_py']
[1.013s] Level 1:colcon.colcon_core.package_identification:_identify(rospyvenv/lib/python3.10/site-packages/pip/_vendor/html5lib) by extension 'python_setup_py'
[1.014s] Level 1:colcon.colcon_core.package_identification:_identify(rospyvenv/lib/python3.10/site-packages/pip/_vendor/html5lib/__pycache__) by extensions ['ignore', 'ignore_ament_install']
[1.014s] Level 1:colcon.colcon_core.package_identification:_identify(rospyvenv/lib/python3.10/site-packages/pip/_vendor/html5lib/__pycache__) by extension 'ignore'
[1.014s] Level 1:colcon.colcon_core.package_identification:_identify(rospyvenv/lib/python3.10/site-packages/pip/_vendor/html5lib/__pycache__) by extension 'ignore_ament_install'
[1.014s] Level 1:colcon.colcon_core.package_identification:_identify(rospyvenv/lib/python3.10/site-packages/pip/_vendor/html5lib/__pycache__) by extensions ['colcon_pkg']
[1.014s] Level 1:colcon.colcon_core.package_identification:_identify(rospyvenv/lib/python3.10/site-packages/pip/_vendor/html5lib/__pycache__) by extension 'colcon_pkg'
[1.014s] Level 1:colcon.colcon_core.package_identification:_identify(rospyvenv/lib/python3.10/site-packages/pip/_vendor/html5lib/__pycache__) by extensions ['colcon_meta']
[1.014s] Level 1:colcon.colcon_core.package_identification:_identify(rospyvenv/lib/python3.10/site-packages/pip/_vendor/html5lib/__pycache__) by extension 'colcon_meta'
[1.014s] Level 1:colcon.colcon_core.package_identification:_identify(rospyvenv/lib/python3.10/site-packages/pip/_vendor/html5lib/__pycache__) by extensions ['ros']
[1.014s] Level 1:colcon.colcon_core.package_identification:_identify(rospyvenv/lib/python3.10/site-packages/pip/_vendor/html5lib/__pycache__) by extension 'ros'
[1.014s] Level 1:colcon.colcon_core.package_identification:_identify(rospyvenv/lib/python3.10/site-packages/pip/_vendor/html5lib/__pycache__) by extensions ['cmake', 'python']
[1.014s] Level 1:colcon.colcon_core.package_identification:_identify(rospyvenv/lib/python3.10/site-packages/pip/_vendor/html5lib/__pycache__) by extension 'cmake'
[1.014s] Level 1:colcon.colcon_core.package_identification:_identify(rospyvenv/lib/python3.10/site-packages/pip/_vendor/html5lib/__pycache__) by extension 'python'
[1.014s] Level 1:colcon.colcon_core.package_identification:_identify(rospyvenv/lib/python3.10/site-packages/pip/_vendor/html5lib/__pycache__) by extensions ['python_setup_py']
[1.014s] Level 1:colcon.colcon_core.package_identification:_identify(rospyvenv/lib/python3.10/site-packages/pip/_vendor/html5lib/__pycache__) by extension 'python_setup_py'
[1.015s] Level 1:colcon.colcon_core.package_identification:_identify(rospyvenv/lib/python3.10/site-packages/pip/_vendor/html5lib/_trie) by extensions ['ignore', 'ignore_ament_install']
[1.015s] Level 1:colcon.colcon_core.package_identification:_identify(rospyvenv/lib/python3.10/site-packages/pip/_vendor/html5lib/_trie) by extension 'ignore'
[1.015s] Level 1:colcon.colcon_core.package_identification:_identify(rospyvenv/lib/python3.10/site-packages/pip/_vendor/html5lib/_trie) by extension 'ignore_ament_install'
[1.015s] Level 1:colcon.colcon_core.package_identification:_identify(rospyvenv/lib/python3.10/site-packages/pip/_vendor/html5lib/_trie) by extensions ['colcon_pkg']
[1.015s] Level 1:colcon.colcon_core.package_identification:_identify(rospyvenv/lib/python3.10/site-packages/pip/_vendor/html5lib/_trie) by extension 'colcon_pkg'
[1.015s] Level 1:colcon.colcon_core.package_identification:_identify(rospyvenv/lib/python3.10/site-packages/pip/_vendor/html5lib/_trie) by extensions ['colcon_meta']
[1.015s] Level 1:colcon.colcon_core.package_identification:_identify(rospyvenv/lib/python3.10/site-packages/pip/_vendor/html5lib/_trie) by extension 'colcon_meta'
[1.015s] Level 1:colcon.colcon_core.package_identification:_identify(rospyvenv/lib/python3.10/site-packages/pip/_vendor/html5lib/_trie) by extensions ['ros']
[1.015s] Level 1:colcon.colcon_core.package_identification:_identify(rospyvenv/lib/python3.10/site-packages/pip/_vendor/html5lib/_trie) by extension 'ros'
[1.015s] Level 1:colcon.colcon_core.package_identification:_identify(rospyvenv/lib/python3.10/site-packages/pip/_vendor/html5lib/_trie) by extensions ['cmake', 'python']
[1.015s] Level 1:colcon.colcon_core.package_identification:_identify(rospyvenv/lib/python3.10/site-packages/pip/_vendor/html5lib/_trie) by extension 'cmake'
[1.015s] Level 1:colcon.colcon_core.package_identification:_identify(rospyvenv/lib/python3.10/site-packages/pip/_vendor/html5lib/_trie) by extension 'python'
[1.015s] Level 1:colcon.colcon_core.package_identification:_identify(rospyvenv/lib/python3.10/site-packages/pip/_vendor/html5lib/_trie) by extensions ['python_setup_py']
[1.015s] Level 1:colcon.colcon_core.package_identification:_identify(rospyvenv/lib/python3.10/site-packages/pip/_vendor/html5lib/_trie) by extension 'python_setup_py'
[1.016s] Level 1:colcon.colcon_core.package_identification:_identify(rospyvenv/lib/python3.10/site-packages/pip/_vendor/html5lib/_trie/__pycache__) by extensions ['ignore', 'ignore_ament_install']
[1.016s] Level 1:colcon.colcon_core.package_identification:_identify(rospyvenv/lib/python3.10/site-packages/pip/_vendor/html5lib/_trie/__pycache__) by extension 'ignore'
[1.016s] Level 1:colcon.colcon_core.package_identification:_identify(rospyvenv/lib/python3.10/site-packages/pip/_vendor/html5lib/_trie/__pycache__) by extension 'ignore_ament_install'
[1.016s] Level 1:colcon.colcon_core.package_identification:_identify(rospyvenv/lib/python3.10/site-packages/pip/_vendor/html5lib/_trie/__pycache__) by extensions ['colcon_pkg']
[1.016s] Level 1:colcon.colcon_core.package_identification:_identify(rospyvenv/lib/python3.10/site-packages/pip/_vendor/html5lib/_trie/__pycache__) by extension 'colcon_pkg'
[1.016s] Level 1:colcon.colcon_core.package_identification:_identify(rospyvenv/lib/python3.10/site-packages/pip/_vendor/html5lib/_trie/__pycache__) by extensions ['colcon_meta']
[1.016s] Level 1:colcon.colcon_core.package_identification:_identify(rospyvenv/lib/python3.10/site-packages/pip/_vendor/html5lib/_trie/__pycache__) by extension 'colcon_meta'
[1.016s] Level 1:colcon.colcon_core.package_identification:_identify(rospyvenv/lib/python3.10/site-packages/pip/_vendor/html5lib/_trie/__pycache__) by extensions ['ros']
[1.016s] Level 1:colcon.colcon_core.package_identification:_identify(rospyvenv/lib/python3.10/site-packages/pip/_vendor/html5lib/_trie/__pycache__) by extension 'ros'
[1.016s] Level 1:colcon.colcon_core.package_identification:_identify(rospyvenv/lib/python3.10/site-packages/pip/_vendor/html5lib/_trie/__pycache__) by extensions ['cmake', 'python']
[1.016s] Level 1:colcon.colcon_core.package_identification:_identify(rospyvenv/lib/python3.10/site-packages/pip/_vendor/html5lib/_trie/__pycache__) by extension 'cmake'
[1.016s] Level 1:colcon.colcon_core.package_identification:_identify(rospyvenv/lib/python3.10/site-packages/pip/_vendor/html5lib/_trie/__pycache__) by extension 'python'
[1.016s] Level 1:colcon.colcon_core.package_identification:_identify(rospyvenv/lib/python3.10/site-packages/pip/_vendor/html5lib/_trie/__pycache__) by extensions ['python_setup_py']
[1.016s] Level 1:colcon.colcon_core.package_identification:_identify(rospyvenv/lib/python3.10/site-packages/pip/_vendor/html5lib/_trie/__pycache__) by extension 'python_setup_py'
[1.016s] Level 1:colcon.colcon_core.package_identification:_identify(rospyvenv/lib/python3.10/site-packages/pip/_vendor/html5lib/filters) by extensions ['ignore', 'ignore_ament_install']
[1.017s] Level 1:colcon.colcon_core.package_identification:_identify(rospyvenv/lib/python3.10/site-packages/pip/_vendor/html5lib/filters) by extension 'ignore'
[1.017s] Level 1:colcon.colcon_core.package_identification:_identify(rospyvenv/lib/python3.10/site-packages/pip/_vendor/html5lib/filters) by extension 'ignore_ament_install'
[1.017s] Level 1:colcon.colcon_core.package_identification:_identify(rospyvenv/lib/python3.10/site-packages/pip/_vendor/html5lib/filters) by extensions ['colcon_pkg']
[1.017s] Level 1:colcon.colcon_core.package_identification:_identify(rospyvenv/lib/python3.10/site-packages/pip/_vendor/html5lib/filters) by extension 'colcon_pkg'
[1.017s] Level 1:colcon.colcon_core.package_identification:_identify(rospyvenv/lib/python3.10/site-packages/pip/_vendor/html5lib/filters) by extensions ['colcon_meta']
[1.017s] Level 1:colcon.colcon_core.package_identification:_identify(rospyvenv/lib/python3.10/site-packages/pip/_vendor/html5lib/filters) by extension 'colcon_meta'
[1.017s] Level 1:colcon.colcon_core.package_identification:_identify(rospyvenv/lib/python3.10/site-packages/pip/_vendor/html5lib/filters) by extensions ['ros']
[1.017s] Level 1:colcon.colcon_core.package_identification:_identify(rospyvenv/lib/python3.10/site-packages/pip/_vendor/html5lib/filters) by extension 'ros'
[1.017s] Level 1:colcon.colcon_core.package_identification:_identify(rospyvenv/lib/python3.10/site-packages/pip/_vendor/html5lib/filters) by extensions ['cmake', 'python']
[1.017s] Level 1:colcon.colcon_core.package_identification:_identify(rospyvenv/lib/python3.10/site-packages/pip/_vendor/html5lib/filters) by extension 'cmake'
[1.017s] Level 1:colcon.colcon_core.package_identification:_identify(rospyvenv/lib/python3.10/site-packages/pip/_vendor/html5lib/filters) by extension 'python'
[1.017s] Level 1:colcon.colcon_core.package_identification:_identify(rospyvenv/lib/python3.10/site-packages/pip/_vendor/html5lib/filters) by extensions ['python_setup_py']
[1.017s] Level 1:colcon.colcon_core.package_identification:_identify(rospyvenv/lib/python3.10/site-packages/pip/_vendor/html5lib/filters) by extension 'python_setup_py'
[1.017s] Level 1:colcon.colcon_core.package_identification:_identify(rospyvenv/lib/python3.10/site-packages/pip/_vendor/html5lib/filters/__pycache__) by extensions ['ignore', 'ignore_ament_install']
[1.018s] Level 1:colcon.colcon_core.package_identification:_identify(rospyvenv/lib/python3.10/site-packages/pip/_vendor/html5lib/filters/__pycache__) by extension 'ignore'
[1.018s] Level 1:colcon.colcon_core.package_identification:_identify(rospyvenv/lib/python3.10/site-packages/pip/_vendor/html5lib/filters/__pycache__) by extension 'ignore_ament_install'
[1.018s] Level 1:colcon.colcon_core.package_identification:_identify(rospyvenv/lib/python3.10/site-packages/pip/_vendor/html5lib/filters/__pycache__) by extensions ['colcon_pkg']
[1.018s] Level 1:colcon.colcon_core.package_identification:_identify(rospyvenv/lib/python3.10/site-packages/pip/_vendor/html5lib/filters/__pycache__) by extension 'colcon_pkg'
[1.018s] Level 1:colcon.colcon_core.package_identification:_identify(rospyvenv/lib/python3.10/site-packages/pip/_vendor/html5lib/filters/__pycache__) by extensions ['colcon_meta']
[1.018s] Level 1:colcon.colcon_core.package_identification:_identify(rospyvenv/lib/python3.10/site-packages/pip/_vendor/html5lib/filters/__pycache__) by extension 'colcon_meta'
[1.018s] Level 1:colcon.colcon_core.package_identification:_identify(rospyvenv/lib/python3.10/site-packages/pip/_vendor/html5lib/filters/__pycache__) by extensions ['ros']
[1.018s] Level 1:colcon.colcon_core.package_identification:_identify(rospyvenv/lib/python3.10/site-packages/pip/_vendor/html5lib/filters/__pycache__) by extension 'ros'
[1.018s] Level 1:colcon.colcon_core.package_identification:_identify(rospyvenv/lib/python3.10/site-packages/pip/_vendor/html5lib/filters/__pycache__) by extensions ['cmake', 'python']
[1.018s] Level 1:colcon.colcon_core.package_identification:_identify(rospyvenv/lib/python3.10/site-packages/pip/_vendor/html5lib/filters/__pycache__) by extension 'cmake'
[1.018s] Level 1:colcon.colcon_core.package_identification:_identify(rospyvenv/lib/python3.10/site-packages/pip/_vendor/html5lib/filters/__pycache__) by extension 'python'
[1.018s] Level 1:colcon.colcon_core.package_identification:_identify(rospyvenv/lib/python3.10/site-packages/pip/_vendor/html5lib/filters/__pycache__) by extensions ['python_setup_py']
[1.018s] Level 1:colcon.colcon_core.package_identification:_identify(rospyvenv/lib/python3.10/site-packages/pip/_vendor/html5lib/filters/__pycache__) by extension 'python_setup_py'
[1.018s] Level 1:colcon.colcon_core.package_identification:_identify(rospyvenv/lib/python3.10/site-packages/pip/_vendor/html5lib/treeadapters) by extensions ['ignore', 'ignore_ament_install']
[1.019s] Level 1:colcon.colcon_core.package_identification:_identify(rospyvenv/lib/python3.10/site-packages/pip/_vendor/html5lib/treeadapters) by extension 'ignore'
[1.019s] Level 1:colcon.colcon_core.package_identification:_identify(rospyvenv/lib/python3.10/site-packages/pip/_vendor/html5lib/treeadapters) by extension 'ignore_ament_install'
[1.019s] Level 1:colcon.colcon_core.package_identification:_identify(rospyvenv/lib/python3.10/site-packages/pip/_vendor/html5lib/treeadapters) by extensions ['colcon_pkg']
[1.019s] Level 1:colcon.colcon_core.package_identification:_identify(rospyvenv/lib/python3.10/site-packages/pip/_vendor/html5lib/treeadapters) by extension 'colcon_pkg'
[1.019s] Level 1:colcon.colcon_core.package_identification:_identify(rospyvenv/lib/python3.10/site-packages/pip/_vendor/html5lib/treeadapters) by extensions ['colcon_meta']
[1.019s] Level 1:colcon.colcon_core.package_identification:_identify(rospyvenv/lib/python3.10/site-packages/pip/_vendor/html5lib/treeadapters) by extension 'colcon_meta'
[1.019s] Level 1:colcon.colcon_core.package_identification:_identify(rospyvenv/lib/python3.10/site-packages/pip/_vendor/html5lib/treeadapters) by extensions ['ros']
[1.019s] Level 1:colcon.colcon_core.package_identification:_identify(rospyvenv/lib/python3.10/site-packages/pip/_vendor/html5lib/treeadapters) by extension 'ros'
[1.019s] Level 1:colcon.colcon_core.package_identification:_identify(rospyvenv/lib/python3.10/site-packages/pip/_vendor/html5lib/treeadapters) by extensions ['cmake', 'python']
[1.019s] Level 1:colcon.colcon_core.package_identification:_identify(rospyvenv/lib/python3.10/site-packages/pip/_vendor/html5lib/treeadapters) by extension 'cmake'
[1.019s] Level 1:colcon.colcon_core.package_identification:_identify(rospyvenv/lib/python3.10/site-packages/pip/_vendor/html5lib/treeadapters) by extension 'python'
[1.019s] Level 1:colcon.colcon_core.package_identification:_identify(rospyvenv/lib/python3.10/site-packages/pip/_vendor/html5lib/treeadapters) by extensions ['python_setup_py']
[1.019s] Level 1:colcon.colcon_core.package_identification:_identify(rospyvenv/lib/python3.10/site-packages/pip/_vendor/html5lib/treeadapters) by extension 'python_setup_py'
[1.019s] Level 1:colcon.colcon_core.package_identification:_identify(rospyvenv/lib/python3.10/site-packages/pip/_vendor/html5lib/treeadapters/__pycache__) by extensions ['ignore', 'ignore_ament_install']
[1.020s] Level 1:colcon.colcon_core.package_identification:_identify(rospyvenv/lib/python3.10/site-packages/pip/_vendor/html5lib/treeadapters/__pycache__) by extension 'ignore'
[1.020s] Level 1:colcon.colcon_core.package_identification:_identify(rospyvenv/lib/python3.10/site-packages/pip/_vendor/html5lib/treeadapters/__pycache__) by extension 'ignore_ament_install'
[1.020s] Level 1:colcon.colcon_core.package_identification:_identify(rospyvenv/lib/python3.10/site-packages/pip/_vendor/html5lib/treeadapters/__pycache__) by extensions ['colcon_pkg']
[1.020s] Level 1:colcon.colcon_core.package_identification:_identify(rospyvenv/lib/python3.10/site-packages/pip/_vendor/html5lib/treeadapters/__pycache__) by extension 'colcon_pkg'
[1.020s] Level 1:colcon.colcon_core.package_identification:_identify(rospyvenv/lib/python3.10/site-packages/pip/_vendor/html5lib/treeadapters/__pycache__) by extensions ['colcon_meta']
[1.020s] Level 1:colcon.colcon_core.package_identification:_identify(rospyvenv/lib/python3.10/site-packages/pip/_vendor/html5lib/treeadapters/__pycache__) by extension 'colcon_meta'
[1.020s] Level 1:colcon.colcon_core.package_identification:_identify(rospyvenv/lib/python3.10/site-packages/pip/_vendor/html5lib/treeadapters/__pycache__) by extensions ['ros']
[1.020s] Level 1:colcon.colcon_core.package_identification:_identify(rospyvenv/lib/python3.10/site-packages/pip/_vendor/html5lib/treeadapters/__pycache__) by extension 'ros'
[1.020s] Level 1:colcon.colcon_core.package_identification:_identify(rospyvenv/lib/python3.10/site-packages/pip/_vendor/html5lib/treeadapters/__pycache__) by extensions ['cmake', 'python']
[1.020s] Level 1:colcon.colcon_core.package_identification:_identify(rospyvenv/lib/python3.10/site-packages/pip/_vendor/html5lib/treeadapters/__pycache__) by extension 'cmake'
[1.020s] Level 1:colcon.colcon_core.package_identification:_identify(rospyvenv/lib/python3.10/site-packages/pip/_vendor/html5lib/treeadapters/__pycache__) by extension 'python'
[1.020s] Level 1:colcon.colcon_core.package_identification:_identify(rospyvenv/lib/python3.10/site-packages/pip/_vendor/html5lib/treeadapters/__pycache__) by extensions ['python_setup_py']
[1.020s] Level 1:colcon.colcon_core.package_identification:_identify(rospyvenv/lib/python3.10/site-packages/pip/_vendor/html5lib/treeadapters/__pycache__) by extension 'python_setup_py'
[1.020s] Level 1:colcon.colcon_core.package_identification:_identify(rospyvenv/lib/python3.10/site-packages/pip/_vendor/html5lib/treebuilders) by extensions ['ignore', 'ignore_ament_install']
[1.021s] Level 1:colcon.colcon_core.package_identification:_identify(rospyvenv/lib/python3.10/site-packages/pip/_vendor/html5lib/treebuilders) by extension 'ignore'
[1.021s] Level 1:colcon.colcon_core.package_identification:_identify(rospyvenv/lib/python3.10/site-packages/pip/_vendor/html5lib/treebuilders) by extension 'ignore_ament_install'
[1.021s] Level 1:colcon.colcon_core.package_identification:_identify(rospyvenv/lib/python3.10/site-packages/pip/_vendor/html5lib/treebuilders) by extensions ['colcon_pkg']
[1.021s] Level 1:colcon.colcon_core.package_identification:_identify(rospyvenv/lib/python3.10/site-packages/pip/_vendor/html5lib/treebuilders) by extension 'colcon_pkg'
[1.021s] Level 1:colcon.colcon_core.package_identification:_identify(rospyvenv/lib/python3.10/site-packages/pip/_vendor/html5lib/treebuilders) by extensions ['colcon_meta']
[1.021s] Level 1:colcon.colcon_core.package_identification:_identify(rospyvenv/lib/python3.10/site-packages/pip/_vendor/html5lib/treebuilders) by extension 'colcon_meta'
[1.021s] Level 1:colcon.colcon_core.package_identification:_identify(rospyvenv/lib/python3.10/site-packages/pip/_vendor/html5lib/treebuilders) by extensions ['ros']
[1.021s] Level 1:colcon.colcon_core.package_identification:_identify(rospyvenv/lib/python3.10/site-packages/pip/_vendor/html5lib/treebuilders) by extension 'ros'
[1.021s] Level 1:colcon.colcon_core.package_identification:_identify(rospyvenv/lib/python3.10/site-packages/pip/_vendor/html5lib/treebuilders) by extensions ['cmake', 'python']
[1.021s] Level 1:colcon.colcon_core.package_identification:_identify(rospyvenv/lib/python3.10/site-packages/pip/_vendor/html5lib/treebuilders) by extension 'cmake'
[1.021s] Level 1:colcon.colcon_core.package_identification:_identify(rospyvenv/lib/python3.10/site-packages/pip/_vendor/html5lib/treebuilders) by extension 'python'
[1.021s] Level 1:colcon.colcon_core.package_identification:_identify(rospyvenv/lib/python3.10/site-packages/pip/_vendor/html5lib/treebuilders) by extensions ['python_setup_py']
[1.021s] Level 1:colcon.colcon_core.package_identification:_identify(rospyvenv/lib/python3.10/site-packages/pip/_vendor/html5lib/treebuilders) by extension 'python_setup_py'
[1.021s] Level 1:colcon.colcon_core.package_identification:_identify(rospyvenv/lib/python3.10/site-packages/pip/_vendor/html5lib/treebuilders/__pycache__) by extensions ['ignore', 'ignore_ament_install']
[1.021s] Level 1:colcon.colcon_core.package_identification:_identify(rospyvenv/lib/python3.10/site-packages/pip/_vendor/html5lib/treebuilders/__pycache__) by extension 'ignore'
[1.021s] Level 1:colcon.colcon_core.package_identification:_identify(rospyvenv/lib/python3.10/site-packages/pip/_vendor/html5lib/treebuilders/__pycache__) by extension 'ignore_ament_install'
[1.022s] Level 1:colcon.colcon_core.package_identification:_identify(rospyvenv/lib/python3.10/site-packages/pip/_vendor/html5lib/treebuilders/__pycache__) by extensions ['colcon_pkg']
[1.022s] Level 1:colcon.colcon_core.package_identification:_identify(rospyvenv/lib/python3.10/site-packages/pip/_vendor/html5lib/treebuilders/__pycache__) by extension 'colcon_pkg'
[1.022s] Level 1:colcon.colcon_core.package_identification:_identify(rospyvenv/lib/python3.10/site-packages/pip/_vendor/html5lib/treebuilders/__pycache__) by extensions ['colcon_meta']
[1.022s] Level 1:colcon.colcon_core.package_identification:_identify(rospyvenv/lib/python3.10/site-packages/pip/_vendor/html5lib/treebuilders/__pycache__) by extension 'colcon_meta'
[1.022s] Level 1:colcon.colcon_core.package_identification:_identify(rospyvenv/lib/python3.10/site-packages/pip/_vendor/html5lib/treebuilders/__pycache__) by extensions ['ros']
[1.022s] Level 1:colcon.colcon_core.package_identification:_identify(rospyvenv/lib/python3.10/site-packages/pip/_vendor/html5lib/treebuilders/__pycache__) by extension 'ros'
[1.022s] Level 1:colcon.colcon_core.package_identification:_identify(rospyvenv/lib/python3.10/site-packages/pip/_vendor/html5lib/treebuilders/__pycache__) by extensions ['cmake', 'python']
[1.022s] Level 1:colcon.colcon_core.package_identification:_identify(rospyvenv/lib/python3.10/site-packages/pip/_vendor/html5lib/treebuilders/__pycache__) by extension 'cmake'
[1.022s] Level 1:colcon.colcon_core.package_identification:_identify(rospyvenv/lib/python3.10/site-packages/pip/_vendor/html5lib/treebuilders/__pycache__) by extension 'python'
[1.022s] Level 1:colcon.colcon_core.package_identification:_identify(rospyvenv/lib/python3.10/site-packages/pip/_vendor/html5lib/treebuilders/__pycache__) by extensions ['python_setup_py']
[1.022s] Level 1:colcon.colcon_core.package_identification:_identify(rospyvenv/lib/python3.10/site-packages/pip/_vendor/html5lib/treebuilders/__pycache__) by extension 'python_setup_py'
[1.022s] Level 1:colcon.colcon_core.package_identification:_identify(rospyvenv/lib/python3.10/site-packages/pip/_vendor/html5lib/treewalkers) by extensions ['ignore', 'ignore_ament_install']
[1.022s] Level 1:colcon.colcon_core.package_identification:_identify(rospyvenv/lib/python3.10/site-packages/pip/_vendor/html5lib/treewalkers) by extension 'ignore'
[1.022s] Level 1:colcon.colcon_core.package_identification:_identify(rospyvenv/lib/python3.10/site-packages/pip/_vendor/html5lib/treewalkers) by extension 'ignore_ament_install'
[1.022s] Level 1:colcon.colcon_core.package_identification:_identify(rospyvenv/lib/python3.10/site-packages/pip/_vendor/html5lib/treewalkers) by extensions ['colcon_pkg']
[1.022s] Level 1:colcon.colcon_core.package_identification:_identify(rospyvenv/lib/python3.10/site-packages/pip/_vendor/html5lib/treewalkers) by extension 'colcon_pkg'
[1.022s] Level 1:colcon.colcon_core.package_identification:_identify(rospyvenv/lib/python3.10/site-packages/pip/_vendor/html5lib/treewalkers) by extensions ['colcon_meta']
[1.023s] Level 1:colcon.colcon_core.package_identification:_identify(rospyvenv/lib/python3.10/site-packages/pip/_vendor/html5lib/treewalkers) by extension 'colcon_meta'
[1.023s] Level 1:colcon.colcon_core.package_identification:_identify(rospyvenv/lib/python3.10/site-packages/pip/_vendor/html5lib/treewalkers) by extensions ['ros']
[1.023s] Level 1:colcon.colcon_core.package_identification:_identify(rospyvenv/lib/python3.10/site-packages/pip/_vendor/html5lib/treewalkers) by extension 'ros'
[1.023s] Level 1:colcon.colcon_core.package_identification:_identify(rospyvenv/lib/python3.10/site-packages/pip/_vendor/html5lib/treewalkers) by extensions ['cmake', 'python']
[1.023s] Level 1:colcon.colcon_core.package_identification:_identify(rospyvenv/lib/python3.10/site-packages/pip/_vendor/html5lib/treewalkers) by extension 'cmake'
[1.023s] Level 1:colcon.colcon_core.package_identification:_identify(rospyvenv/lib/python3.10/site-packages/pip/_vendor/html5lib/treewalkers) by extension 'python'
[1.023s] Level 1:colcon.colcon_core.package_identification:_identify(rospyvenv/lib/python3.10/site-packages/pip/_vendor/html5lib/treewalkers) by extensions ['python_setup_py']
[1.023s] Level 1:colcon.colcon_core.package_identification:_identify(rospyvenv/lib/python3.10/site-packages/pip/_vendor/html5lib/treewalkers) by extension 'python_setup_py'
[1.023s] Level 1:colcon.colcon_core.package_identification:_identify(rospyvenv/lib/python3.10/site-packages/pip/_vendor/html5lib/treewalkers/__pycache__) by extensions ['ignore', 'ignore_ament_install']
[1.023s] Level 1:colcon.colcon_core.package_identification:_identify(rospyvenv/lib/python3.10/site-packages/pip/_vendor/html5lib/treewalkers/__pycache__) by extension 'ignore'
[1.023s] Level 1:colcon.colcon_core.package_identification:_identify(rospyvenv/lib/python3.10/site-packages/pip/_vendor/html5lib/treewalkers/__pycache__) by extension 'ignore_ament_install'
[1.023s] Level 1:colcon.colcon_core.package_identification:_identify(rospyvenv/lib/python3.10/site-packages/pip/_vendor/html5lib/treewalkers/__pycache__) by extensions ['colcon_pkg']
[1.023s] Level 1:colcon.colcon_core.package_identification:_identify(rospyvenv/lib/python3.10/site-packages/pip/_vendor/html5lib/treewalkers/__pycache__) by extension 'colcon_pkg'
[1.023s] Level 1:colcon.colcon_core.package_identification:_identify(rospyvenv/lib/python3.10/site-packages/pip/_vendor/html5lib/treewalkers/__pycache__) by extensions ['colcon_meta']
[1.023s] Level 1:colcon.colcon_core.package_identification:_identify(rospyvenv/lib/python3.10/site-packages/pip/_vendor/html5lib/treewalkers/__pycache__) by extension 'colcon_meta'
[1.024s] Level 1:colcon.colcon_core.package_identification:_identify(rospyvenv/lib/python3.10/site-packages/pip/_vendor/html5lib/treewalkers/__pycache__) by extensions ['ros']
[1.024s] Level 1:colcon.colcon_core.package_identification:_identify(rospyvenv/lib/python3.10/site-packages/pip/_vendor/html5lib/treewalkers/__pycache__) by extension 'ros'
[1.024s] Level 1:colcon.colcon_core.package_identification:_identify(rospyvenv/lib/python3.10/site-packages/pip/_vendor/html5lib/treewalkers/__pycache__) by extensions ['cmake', 'python']
[1.024s] Level 1:colcon.colcon_core.package_identification:_identify(rospyvenv/lib/python3.10/site-packages/pip/_vendor/html5lib/treewalkers/__pycache__) by extension 'cmake'
[1.024s] Level 1:colcon.colcon_core.package_identification:_identify(rospyvenv/lib/python3.10/site-packages/pip/_vendor/html5lib/treewalkers/__pycache__) by extension 'python'
[1.024s] Level 1:colcon.colcon_core.package_identification:_identify(rospyvenv/lib/python3.10/site-packages/pip/_vendor/html5lib/treewalkers/__pycache__) by extensions ['python_setup_py']
[1.024s] Level 1:colcon.colcon_core.package_identification:_identify(rospyvenv/lib/python3.10/site-packages/pip/_vendor/html5lib/treewalkers/__pycache__) by extension 'python_setup_py'
[1.024s] Level 1:colcon.colcon_core.package_identification:_identify(rospyvenv/lib/python3.10/site-packages/pip/_vendor/idna) by extensions ['ignore', 'ignore_ament_install']
[1.024s] Level 1:colcon.colcon_core.package_identification:_identify(rospyvenv/lib/python3.10/site-packages/pip/_vendor/idna) by extension 'ignore'
[1.024s] Level 1:colcon.colcon_core.package_identification:_identify(rospyvenv/lib/python3.10/site-packages/pip/_vendor/idna) by extension 'ignore_ament_install'
[1.024s] Level 1:colcon.colcon_core.package_identification:_identify(rospyvenv/lib/python3.10/site-packages/pip/_vendor/idna) by extensions ['colcon_pkg']
[1.024s] Level 1:colcon.colcon_core.package_identification:_identify(rospyvenv/lib/python3.10/site-packages/pip/_vendor/idna) by extension 'colcon_pkg'
[1.024s] Level 1:colcon.colcon_core.package_identification:_identify(rospyvenv/lib/python3.10/site-packages/pip/_vendor/idna) by extensions ['colcon_meta']
[1.024s] Level 1:colcon.colcon_core.package_identification:_identify(rospyvenv/lib/python3.10/site-packages/pip/_vendor/idna) by extension 'colcon_meta'
[1.024s] Level 1:colcon.colcon_core.package_identification:_identify(rospyvenv/lib/python3.10/site-packages/pip/_vendor/idna) by extensions ['ros']
[1.024s] Level 1:colcon.colcon_core.package_identification:_identify(rospyvenv/lib/python3.10/site-packages/pip/_vendor/idna) by extension 'ros'
[1.025s] Level 1:colcon.colcon_core.package_identification:_identify(rospyvenv/lib/python3.10/site-packages/pip/_vendor/idna) by extensions ['cmake', 'python']
[1.025s] Level 1:colcon.colcon_core.package_identification:_identify(rospyvenv/lib/python3.10/site-packages/pip/_vendor/idna) by extension 'cmake'
[1.025s] Level 1:colcon.colcon_core.package_identification:_identify(rospyvenv/lib/python3.10/site-packages/pip/_vendor/idna) by extension 'python'
[1.025s] Level 1:colcon.colcon_core.package_identification:_identify(rospyvenv/lib/python3.10/site-packages/pip/_vendor/idna) by extensions ['python_setup_py']
[1.025s] Level 1:colcon.colcon_core.package_identification:_identify(rospyvenv/lib/python3.10/site-packages/pip/_vendor/idna) by extension 'python_setup_py'
[1.025s] Level 1:colcon.colcon_core.package_identification:_identify(rospyvenv/lib/python3.10/site-packages/pip/_vendor/idna/__pycache__) by extensions ['ignore', 'ignore_ament_install']
[1.025s] Level 1:colcon.colcon_core.package_identification:_identify(rospyvenv/lib/python3.10/site-packages/pip/_vendor/idna/__pycache__) by extension 'ignore'
[1.025s] Level 1:colcon.colcon_core.package_identification:_identify(rospyvenv/lib/python3.10/site-packages/pip/_vendor/idna/__pycache__) by extension 'ignore_ament_install'
[1.025s] Level 1:colcon.colcon_core.package_identification:_identify(rospyvenv/lib/python3.10/site-packages/pip/_vendor/idna/__pycache__) by extensions ['colcon_pkg']
[1.025s] Level 1:colcon.colcon_core.package_identification:_identify(rospyvenv/lib/python3.10/site-packages/pip/_vendor/idna/__pycache__) by extension 'colcon_pkg'
[1.025s] Level 1:colcon.colcon_core.package_identification:_identify(rospyvenv/lib/python3.10/site-packages/pip/_vendor/idna/__pycache__) by extensions ['colcon_meta']
[1.025s] Level 1:colcon.colcon_core.package_identification:_identify(rospyvenv/lib/python3.10/site-packages/pip/_vendor/idna/__pycache__) by extension 'colcon_meta'
[1.025s] Level 1:colcon.colcon_core.package_identification:_identify(rospyvenv/lib/python3.10/site-packages/pip/_vendor/idna/__pycache__) by extensions ['ros']
[1.025s] Level 1:colcon.colcon_core.package_identification:_identify(rospyvenv/lib/python3.10/site-packages/pip/_vendor/idna/__pycache__) by extension 'ros'
[1.025s] Level 1:colcon.colcon_core.package_identification:_identify(rospyvenv/lib/python3.10/site-packages/pip/_vendor/idna/__pycache__) by extensions ['cmake', 'python']
[1.026s] Level 1:colcon.colcon_core.package_identification:_identify(rospyvenv/lib/python3.10/site-packages/pip/_vendor/idna/__pycache__) by extension 'cmake'
[1.026s] Level 1:colcon.colcon_core.package_identification:_identify(rospyvenv/lib/python3.10/site-packages/pip/_vendor/idna/__pycache__) by extension 'python'
[1.026s] Level 1:colcon.colcon_core.package_identification:_identify(rospyvenv/lib/python3.10/site-packages/pip/_vendor/idna/__pycache__) by extensions ['python_setup_py']
[1.026s] Level 1:colcon.colcon_core.package_identification:_identify(rospyvenv/lib/python3.10/site-packages/pip/_vendor/idna/__pycache__) by extension 'python_setup_py'
[1.026s] Level 1:colcon.colcon_core.package_identification:_identify(rospyvenv/lib/python3.10/site-packages/pip/_vendor/msgpack) by extensions ['ignore', 'ignore_ament_install']
[1.026s] Level 1:colcon.colcon_core.package_identification:_identify(rospyvenv/lib/python3.10/site-packages/pip/_vendor/msgpack) by extension 'ignore'
[1.026s] Level 1:colcon.colcon_core.package_identification:_identify(rospyvenv/lib/python3.10/site-packages/pip/_vendor/msgpack) by extension 'ignore_ament_install'
[1.026s] Level 1:colcon.colcon_core.package_identification:_identify(rospyvenv/lib/python3.10/site-packages/pip/_vendor/msgpack) by extensions ['colcon_pkg']
[1.026s] Level 1:colcon.colcon_core.package_identification:_identify(rospyvenv/lib/python3.10/site-packages/pip/_vendor/msgpack) by extension 'colcon_pkg'
[1.026s] Level 1:colcon.colcon_core.package_identification:_identify(rospyvenv/lib/python3.10/site-packages/pip/_vendor/msgpack) by extensions ['colcon_meta']
[1.026s] Level 1:colcon.colcon_core.package_identification:_identify(rospyvenv/lib/python3.10/site-packages/pip/_vendor/msgpack) by extension 'colcon_meta'
[1.026s] Level 1:colcon.colcon_core.package_identification:_identify(rospyvenv/lib/python3.10/site-packages/pip/_vendor/msgpack) by extensions ['ros']
[1.026s] Level 1:colcon.colcon_core.package_identification:_identify(rospyvenv/lib/python3.10/site-packages/pip/_vendor/msgpack) by extension 'ros'
[1.026s] Level 1:colcon.colcon_core.package_identification:_identify(rospyvenv/lib/python3.10/site-packages/pip/_vendor/msgpack) by extensions ['cmake', 'python']
[1.026s] Level 1:colcon.colcon_core.package_identification:_identify(rospyvenv/lib/python3.10/site-packages/pip/_vendor/msgpack) by extension 'cmake'
[1.026s] Level 1:colcon.colcon_core.package_identification:_identify(rospyvenv/lib/python3.10/site-packages/pip/_vendor/msgpack) by extension 'python'
[1.026s] Level 1:colcon.colcon_core.package_identification:_identify(rospyvenv/lib/python3.10/site-packages/pip/_vendor/msgpack) by extensions ['python_setup_py']
[1.026s] Level 1:colcon.colcon_core.package_identification:_identify(rospyvenv/lib/python3.10/site-packages/pip/_vendor/msgpack) by extension 'python_setup_py'
[1.027s] Level 1:colcon.colcon_core.package_identification:_identify(rospyvenv/lib/python3.10/site-packages/pip/_vendor/msgpack/__pycache__) by extensions ['ignore', 'ignore_ament_install']
[1.027s] Level 1:colcon.colcon_core.package_identification:_identify(rospyvenv/lib/python3.10/site-packages/pip/_vendor/msgpack/__pycache__) by extension 'ignore'
[1.027s] Level 1:colcon.colcon_core.package_identification:_identify(rospyvenv/lib/python3.10/site-packages/pip/_vendor/msgpack/__pycache__) by extension 'ignore_ament_install'
[1.027s] Level 1:colcon.colcon_core.package_identification:_identify(rospyvenv/lib/python3.10/site-packages/pip/_vendor/msgpack/__pycache__) by extensions ['colcon_pkg']
[1.027s] Level 1:colcon.colcon_core.package_identification:_identify(rospyvenv/lib/python3.10/site-packages/pip/_vendor/msgpack/__pycache__) by extension 'colcon_pkg'
[1.027s] Level 1:colcon.colcon_core.package_identification:_identify(rospyvenv/lib/python3.10/site-packages/pip/_vendor/msgpack/__pycache__) by extensions ['colcon_meta']
[1.027s] Level 1:colcon.colcon_core.package_identification:_identify(rospyvenv/lib/python3.10/site-packages/pip/_vendor/msgpack/__pycache__) by extension 'colcon_meta'
[1.027s] Level 1:colcon.colcon_core.package_identification:_identify(rospyvenv/lib/python3.10/site-packages/pip/_vendor/msgpack/__pycache__) by extensions ['ros']
[1.027s] Level 1:colcon.colcon_core.package_identification:_identify(rospyvenv/lib/python3.10/site-packages/pip/_vendor/msgpack/__pycache__) by extension 'ros'
[1.027s] Level 1:colcon.colcon_core.package_identification:_identify(rospyvenv/lib/python3.10/site-packages/pip/_vendor/msgpack/__pycache__) by extensions ['cmake', 'python']
[1.027s] Level 1:colcon.colcon_core.package_identification:_identify(rospyvenv/lib/python3.10/site-packages/pip/_vendor/msgpack/__pycache__) by extension 'cmake'
[1.027s] Level 1:colcon.colcon_core.package_identification:_identify(rospyvenv/lib/python3.10/site-packages/pip/_vendor/msgpack/__pycache__) by extension 'python'
[1.027s] Level 1:colcon.colcon_core.package_identification:_identify(rospyvenv/lib/python3.10/site-packages/pip/_vendor/msgpack/__pycache__) by extensions ['python_setup_py']
[1.027s] Level 1:colcon.colcon_core.package_identification:_identify(rospyvenv/lib/python3.10/site-packages/pip/_vendor/msgpack/__pycache__) by extension 'python_setup_py'
[1.028s] Level 1:colcon.colcon_core.package_identification:_identify(rospyvenv/lib/python3.10/site-packages/pip/_vendor/packaging) by extensions ['ignore', 'ignore_ament_install']
[1.028s] Level 1:colcon.colcon_core.package_identification:_identify(rospyvenv/lib/python3.10/site-packages/pip/_vendor/packaging) by extension 'ignore'
[1.028s] Level 1:colcon.colcon_core.package_identification:_identify(rospyvenv/lib/python3.10/site-packages/pip/_vendor/packaging) by extension 'ignore_ament_install'
[1.028s] Level 1:colcon.colcon_core.package_identification:_identify(rospyvenv/lib/python3.10/site-packages/pip/_vendor/packaging) by extensions ['colcon_pkg']
[1.028s] Level 1:colcon.colcon_core.package_identification:_identify(rospyvenv/lib/python3.10/site-packages/pip/_vendor/packaging) by extension 'colcon_pkg'
[1.028s] Level 1:colcon.colcon_core.package_identification:_identify(rospyvenv/lib/python3.10/site-packages/pip/_vendor/packaging) by extensions ['colcon_meta']
[1.028s] Level 1:colcon.colcon_core.package_identification:_identify(rospyvenv/lib/python3.10/site-packages/pip/_vendor/packaging) by extension 'colcon_meta'
[1.028s] Level 1:colcon.colcon_core.package_identification:_identify(rospyvenv/lib/python3.10/site-packages/pip/_vendor/packaging) by extensions ['ros']
[1.028s] Level 1:colcon.colcon_core.package_identification:_identify(rospyvenv/lib/python3.10/site-packages/pip/_vendor/packaging) by extension 'ros'
[1.028s] Level 1:colcon.colcon_core.package_identification:_identify(rospyvenv/lib/python3.10/site-packages/pip/_vendor/packaging) by extensions ['cmake', 'python']
[1.028s] Level 1:colcon.colcon_core.package_identification:_identify(rospyvenv/lib/python3.10/site-packages/pip/_vendor/packaging) by extension 'cmake'
[1.028s] Level 1:colcon.colcon_core.package_identification:_identify(rospyvenv/lib/python3.10/site-packages/pip/_vendor/packaging) by extension 'python'
[1.028s] Level 1:colcon.colcon_core.package_identification:_identify(rospyvenv/lib/python3.10/site-packages/pip/_vendor/packaging) by extensions ['python_setup_py']
[1.028s] Level 1:colcon.colcon_core.package_identification:_identify(rospyvenv/lib/python3.10/site-packages/pip/_vendor/packaging) by extension 'python_setup_py'
[1.029s] Level 1:colcon.colcon_core.package_identification:_identify(rospyvenv/lib/python3.10/site-packages/pip/_vendor/packaging/__pycache__) by extensions ['ignore', 'ignore_ament_install']
[1.029s] Level 1:colcon.colcon_core.package_identification:_identify(rospyvenv/lib/python3.10/site-packages/pip/_vendor/packaging/__pycache__) by extension 'ignore'
[1.029s] Level 1:colcon.colcon_core.package_identification:_identify(rospyvenv/lib/python3.10/site-packages/pip/_vendor/packaging/__pycache__) by extension 'ignore_ament_install'
[1.029s] Level 1:colcon.colcon_core.package_identification:_identify(rospyvenv/lib/python3.10/site-packages/pip/_vendor/packaging/__pycache__) by extensions ['colcon_pkg']
[1.029s] Level 1:colcon.colcon_core.package_identification:_identify(rospyvenv/lib/python3.10/site-packages/pip/_vendor/packaging/__pycache__) by extension 'colcon_pkg'
[1.029s] Level 1:colcon.colcon_core.package_identification:_identify(rospyvenv/lib/python3.10/site-packages/pip/_vendor/packaging/__pycache__) by extensions ['colcon_meta']
[1.029s] Level 1:colcon.colcon_core.package_identification:_identify(rospyvenv/lib/python3.10/site-packages/pip/_vendor/packaging/__pycache__) by extension 'colcon_meta'
[1.029s] Level 1:colcon.colcon_core.package_identification:_identify(rospyvenv/lib/python3.10/site-packages/pip/_vendor/packaging/__pycache__) by extensions ['ros']
[1.029s] Level 1:colcon.colcon_core.package_identification:_identify(rospyvenv/lib/python3.10/site-packages/pip/_vendor/packaging/__pycache__) by extension 'ros'
[1.029s] Level 1:colcon.colcon_core.package_identification:_identify(rospyvenv/lib/python3.10/site-packages/pip/_vendor/packaging/__pycache__) by extensions ['cmake', 'python']
[1.029s] Level 1:colcon.colcon_core.package_identification:_identify(rospyvenv/lib/python3.10/site-packages/pip/_vendor/packaging/__pycache__) by extension 'cmake'
[1.029s] Level 1:colcon.colcon_core.package_identification:_identify(rospyvenv/lib/python3.10/site-packages/pip/_vendor/packaging/__pycache__) by extension 'python'
[1.029s] Level 1:colcon.colcon_core.package_identification:_identify(rospyvenv/lib/python3.10/site-packages/pip/_vendor/packaging/__pycache__) by extensions ['python_setup_py']
[1.029s] Level 1:colcon.colcon_core.package_identification:_identify(rospyvenv/lib/python3.10/site-packages/pip/_vendor/packaging/__pycache__) by extension 'python_setup_py'
[1.030s] Level 1:colcon.colcon_core.package_identification:_identify(rospyvenv/lib/python3.10/site-packages/pip/_vendor/pep517) by extensions ['ignore', 'ignore_ament_install']
[1.030s] Level 1:colcon.colcon_core.package_identification:_identify(rospyvenv/lib/python3.10/site-packages/pip/_vendor/pep517) by extension 'ignore'
[1.030s] Level 1:colcon.colcon_core.package_identification:_identify(rospyvenv/lib/python3.10/site-packages/pip/_vendor/pep517) by extension 'ignore_ament_install'
[1.030s] Level 1:colcon.colcon_core.package_identification:_identify(rospyvenv/lib/python3.10/site-packages/pip/_vendor/pep517) by extensions ['colcon_pkg']
[1.030s] Level 1:colcon.colcon_core.package_identification:_identify(rospyvenv/lib/python3.10/site-packages/pip/_vendor/pep517) by extension 'colcon_pkg'
[1.030s] Level 1:colcon.colcon_core.package_identification:_identify(rospyvenv/lib/python3.10/site-packages/pip/_vendor/pep517) by extensions ['colcon_meta']
[1.030s] Level 1:colcon.colcon_core.package_identification:_identify(rospyvenv/lib/python3.10/site-packages/pip/_vendor/pep517) by extension 'colcon_meta'
[1.030s] Level 1:colcon.colcon_core.package_identification:_identify(rospyvenv/lib/python3.10/site-packages/pip/_vendor/pep517) by extensions ['ros']
[1.030s] Level 1:colcon.colcon_core.package_identification:_identify(rospyvenv/lib/python3.10/site-packages/pip/_vendor/pep517) by extension 'ros'
[1.030s] Level 1:colcon.colcon_core.package_identification:_identify(rospyvenv/lib/python3.10/site-packages/pip/_vendor/pep517) by extensions ['cmake', 'python']
[1.030s] Level 1:colcon.colcon_core.package_identification:_identify(rospyvenv/lib/python3.10/site-packages/pip/_vendor/pep517) by extension 'cmake'
[1.030s] Level 1:colcon.colcon_core.package_identification:_identify(rospyvenv/lib/python3.10/site-packages/pip/_vendor/pep517) by extension 'python'
[1.030s] Level 1:colcon.colcon_core.package_identification:_identify(rospyvenv/lib/python3.10/site-packages/pip/_vendor/pep517) by extensions ['python_setup_py']
[1.030s] Level 1:colcon.colcon_core.package_identification:_identify(rospyvenv/lib/python3.10/site-packages/pip/_vendor/pep517) by extension 'python_setup_py'
[1.031s] Level 1:colcon.colcon_core.package_identification:_identify(rospyvenv/lib/python3.10/site-packages/pip/_vendor/pep517/__pycache__) by extensions ['ignore', 'ignore_ament_install']
[1.031s] Level 1:colcon.colcon_core.package_identification:_identify(rospyvenv/lib/python3.10/site-packages/pip/_vendor/pep517/__pycache__) by extension 'ignore'
[1.031s] Level 1:colcon.colcon_core.package_identification:_identify(rospyvenv/lib/python3.10/site-packages/pip/_vendor/pep517/__pycache__) by extension 'ignore_ament_install'
[1.031s] Level 1:colcon.colcon_core.package_identification:_identify(rospyvenv/lib/python3.10/site-packages/pip/_vendor/pep517/__pycache__) by extensions ['colcon_pkg']
[1.031s] Level 1:colcon.colcon_core.package_identification:_identify(rospyvenv/lib/python3.10/site-packages/pip/_vendor/pep517/__pycache__) by extension 'colcon_pkg'
[1.031s] Level 1:colcon.colcon_core.package_identification:_identify(rospyvenv/lib/python3.10/site-packages/pip/_vendor/pep517/__pycache__) by extensions ['colcon_meta']
[1.031s] Level 1:colcon.colcon_core.package_identification:_identify(rospyvenv/lib/python3.10/site-packages/pip/_vendor/pep517/__pycache__) by extension 'colcon_meta'
[1.031s] Level 1:colcon.colcon_core.package_identification:_identify(rospyvenv/lib/python3.10/site-packages/pip/_vendor/pep517/__pycache__) by extensions ['ros']
[1.031s] Level 1:colcon.colcon_core.package_identification:_identify(rospyvenv/lib/python3.10/site-packages/pip/_vendor/pep517/__pycache__) by extension 'ros'
[1.031s] Level 1:colcon.colcon_core.package_identification:_identify(rospyvenv/lib/python3.10/site-packages/pip/_vendor/pep517/__pycache__) by extensions ['cmake', 'python']
[1.031s] Level 1:colcon.colcon_core.package_identification:_identify(rospyvenv/lib/python3.10/site-packages/pip/_vendor/pep517/__pycache__) by extension 'cmake'
[1.031s] Level 1:colcon.colcon_core.package_identification:_identify(rospyvenv/lib/python3.10/site-packages/pip/_vendor/pep517/__pycache__) by extension 'python'
[1.031s] Level 1:colcon.colcon_core.package_identification:_identify(rospyvenv/lib/python3.10/site-packages/pip/_vendor/pep517/__pycache__) by extensions ['python_setup_py']
[1.031s] Level 1:colcon.colcon_core.package_identification:_identify(rospyvenv/lib/python3.10/site-packages/pip/_vendor/pep517/__pycache__) by extension 'python_setup_py'
[1.031s] Level 1:colcon.colcon_core.package_identification:_identify(rospyvenv/lib/python3.10/site-packages/pip/_vendor/pep517/in_process) by extensions ['ignore', 'ignore_ament_install']
[1.031s] Level 1:colcon.colcon_core.package_identification:_identify(rospyvenv/lib/python3.10/site-packages/pip/_vendor/pep517/in_process) by extension 'ignore'
[1.031s] Level 1:colcon.colcon_core.package_identification:_identify(rospyvenv/lib/python3.10/site-packages/pip/_vendor/pep517/in_process) by extension 'ignore_ament_install'
[1.032s] Level 1:colcon.colcon_core.package_identification:_identify(rospyvenv/lib/python3.10/site-packages/pip/_vendor/pep517/in_process) by extensions ['colcon_pkg']
[1.032s] Level 1:colcon.colcon_core.package_identification:_identify(rospyvenv/lib/python3.10/site-packages/pip/_vendor/pep517/in_process) by extension 'colcon_pkg'
[1.032s] Level 1:colcon.colcon_core.package_identification:_identify(rospyvenv/lib/python3.10/site-packages/pip/_vendor/pep517/in_process) by extensions ['colcon_meta']
[1.032s] Level 1:colcon.colcon_core.package_identification:_identify(rospyvenv/lib/python3.10/site-packages/pip/_vendor/pep517/in_process) by extension 'colcon_meta'
[1.032s] Level 1:colcon.colcon_core.package_identification:_identify(rospyvenv/lib/python3.10/site-packages/pip/_vendor/pep517/in_process) by extensions ['ros']
[1.032s] Level 1:colcon.colcon_core.package_identification:_identify(rospyvenv/lib/python3.10/site-packages/pip/_vendor/pep517/in_process) by extension 'ros'
[1.032s] Level 1:colcon.colcon_core.package_identification:_identify(rospyvenv/lib/python3.10/site-packages/pip/_vendor/pep517/in_process) by extensions ['cmake', 'python']
[1.032s] Level 1:colcon.colcon_core.package_identification:_identify(rospyvenv/lib/python3.10/site-packages/pip/_vendor/pep517/in_process) by extension 'cmake'
[1.032s] Level 1:colcon.colcon_core.package_identification:_identify(rospyvenv/lib/python3.10/site-packages/pip/_vendor/pep517/in_process) by extension 'python'
[1.032s] Level 1:colcon.colcon_core.package_identification:_identify(rospyvenv/lib/python3.10/site-packages/pip/_vendor/pep517/in_process) by extensions ['python_setup_py']
[1.032s] Level 1:colcon.colcon_core.package_identification:_identify(rospyvenv/lib/python3.10/site-packages/pip/_vendor/pep517/in_process) by extension 'python_setup_py'
[1.032s] Level 1:colcon.colcon_core.package_identification:_identify(rospyvenv/lib/python3.10/site-packages/pip/_vendor/pep517/in_process/__pycache__) by extensions ['ignore', 'ignore_ament_install']
[1.032s] Level 1:colcon.colcon_core.package_identification:_identify(rospyvenv/lib/python3.10/site-packages/pip/_vendor/pep517/in_process/__pycache__) by extension 'ignore'
[1.032s] Level 1:colcon.colcon_core.package_identification:_identify(rospyvenv/lib/python3.10/site-packages/pip/_vendor/pep517/in_process/__pycache__) by extension 'ignore_ament_install'
[1.032s] Level 1:colcon.colcon_core.package_identification:_identify(rospyvenv/lib/python3.10/site-packages/pip/_vendor/pep517/in_process/__pycache__) by extensions ['colcon_pkg']
[1.032s] Level 1:colcon.colcon_core.package_identification:_identify(rospyvenv/lib/python3.10/site-packages/pip/_vendor/pep517/in_process/__pycache__) by extension 'colcon_pkg'
[1.033s] Level 1:colcon.colcon_core.package_identification:_identify(rospyvenv/lib/python3.10/site-packages/pip/_vendor/pep517/in_process/__pycache__) by extensions ['colcon_meta']
[1.033s] Level 1:colcon.colcon_core.package_identification:_identify(rospyvenv/lib/python3.10/site-packages/pip/_vendor/pep517/in_process/__pycache__) by extension 'colcon_meta'
[1.033s] Level 1:colcon.colcon_core.package_identification:_identify(rospyvenv/lib/python3.10/site-packages/pip/_vendor/pep517/in_process/__pycache__) by extensions ['ros']
[1.033s] Level 1:colcon.colcon_core.package_identification:_identify(rospyvenv/lib/python3.10/site-packages/pip/_vendor/pep517/in_process/__pycache__) by extension 'ros'
[1.033s] Level 1:colcon.colcon_core.package_identification:_identify(rospyvenv/lib/python3.10/site-packages/pip/_vendor/pep517/in_process/__pycache__) by extensions ['cmake', 'python']
[1.033s] Level 1:colcon.colcon_core.package_identification:_identify(rospyvenv/lib/python3.10/site-packages/pip/_vendor/pep517/in_process/__pycache__) by extension 'cmake'
[1.033s] Level 1:colcon.colcon_core.package_identification:_identify(rospyvenv/lib/python3.10/site-packages/pip/_vendor/pep517/in_process/__pycache__) by extension 'python'
[1.033s] Level 1:colcon.colcon_core.package_identification:_identify(rospyvenv/lib/python3.10/site-packages/pip/_vendor/pep517/in_process/__pycache__) by extensions ['python_setup_py']
[1.033s] Level 1:colcon.colcon_core.package_identification:_identify(rospyvenv/lib/python3.10/site-packages/pip/_vendor/pep517/in_process/__pycache__) by extension 'python_setup_py'
[1.033s] Level 1:colcon.colcon_core.package_identification:_identify(rospyvenv/lib/python3.10/site-packages/pip/_vendor/pkg_resources) by extensions ['ignore', 'ignore_ament_install']
[1.033s] Level 1:colcon.colcon_core.package_identification:_identify(rospyvenv/lib/python3.10/site-packages/pip/_vendor/pkg_resources) by extension 'ignore'
[1.033s] Level 1:colcon.colcon_core.package_identification:_identify(rospyvenv/lib/python3.10/site-packages/pip/_vendor/pkg_resources) by extension 'ignore_ament_install'
[1.033s] Level 1:colcon.colcon_core.package_identification:_identify(rospyvenv/lib/python3.10/site-packages/pip/_vendor/pkg_resources) by extensions ['colcon_pkg']
[1.033s] Level 1:colcon.colcon_core.package_identification:_identify(rospyvenv/lib/python3.10/site-packages/pip/_vendor/pkg_resources) by extension 'colcon_pkg'
[1.033s] Level 1:colcon.colcon_core.package_identification:_identify(rospyvenv/lib/python3.10/site-packages/pip/_vendor/pkg_resources) by extensions ['colcon_meta']
[1.033s] Level 1:colcon.colcon_core.package_identification:_identify(rospyvenv/lib/python3.10/site-packages/pip/_vendor/pkg_resources) by extension 'colcon_meta'
[1.033s] Level 1:colcon.colcon_core.package_identification:_identify(rospyvenv/lib/python3.10/site-packages/pip/_vendor/pkg_resources) by extensions ['ros']
[1.033s] Level 1:colcon.colcon_core.package_identification:_identify(rospyvenv/lib/python3.10/site-packages/pip/_vendor/pkg_resources) by extension 'ros'
[1.034s] Level 1:colcon.colcon_core.package_identification:_identify(rospyvenv/lib/python3.10/site-packages/pip/_vendor/pkg_resources) by extensions ['cmake', 'python']
[1.034s] Level 1:colcon.colcon_core.package_identification:_identify(rospyvenv/lib/python3.10/site-packages/pip/_vendor/pkg_resources) by extension 'cmake'
[1.034s] Level 1:colcon.colcon_core.package_identification:_identify(rospyvenv/lib/python3.10/site-packages/pip/_vendor/pkg_resources) by extension 'python'
[1.034s] Level 1:colcon.colcon_core.package_identification:_identify(rospyvenv/lib/python3.10/site-packages/pip/_vendor/pkg_resources) by extensions ['python_setup_py']
[1.034s] Level 1:colcon.colcon_core.package_identification:_identify(rospyvenv/lib/python3.10/site-packages/pip/_vendor/pkg_resources) by extension 'python_setup_py'
[1.034s] Level 1:colcon.colcon_core.package_identification:_identify(rospyvenv/lib/python3.10/site-packages/pip/_vendor/pkg_resources/__pycache__) by extensions ['ignore', 'ignore_ament_install']
[1.034s] Level 1:colcon.colcon_core.package_identification:_identify(rospyvenv/lib/python3.10/site-packages/pip/_vendor/pkg_resources/__pycache__) by extension 'ignore'
[1.034s] Level 1:colcon.colcon_core.package_identification:_identify(rospyvenv/lib/python3.10/site-packages/pip/_vendor/pkg_resources/__pycache__) by extension 'ignore_ament_install'
[1.034s] Level 1:colcon.colcon_core.package_identification:_identify(rospyvenv/lib/python3.10/site-packages/pip/_vendor/pkg_resources/__pycache__) by extensions ['colcon_pkg']
[1.034s] Level 1:colcon.colcon_core.package_identification:_identify(rospyvenv/lib/python3.10/site-packages/pip/_vendor/pkg_resources/__pycache__) by extension 'colcon_pkg'
[1.034s] Level 1:colcon.colcon_core.package_identification:_identify(rospyvenv/lib/python3.10/site-packages/pip/_vendor/pkg_resources/__pycache__) by extensions ['colcon_meta']
[1.034s] Level 1:colcon.colcon_core.package_identification:_identify(rospyvenv/lib/python3.10/site-packages/pip/_vendor/pkg_resources/__pycache__) by extension 'colcon_meta'
[1.034s] Level 1:colcon.colcon_core.package_identification:_identify(rospyvenv/lib/python3.10/site-packages/pip/_vendor/pkg_resources/__pycache__) by extensions ['ros']
[1.034s] Level 1:colcon.colcon_core.package_identification:_identify(rospyvenv/lib/python3.10/site-packages/pip/_vendor/pkg_resources/__pycache__) by extension 'ros'
[1.034s] Level 1:colcon.colcon_core.package_identification:_identify(rospyvenv/lib/python3.10/site-packages/pip/_vendor/pkg_resources/__pycache__) by extensions ['cmake', 'python']
[1.034s] Level 1:colcon.colcon_core.package_identification:_identify(rospyvenv/lib/python3.10/site-packages/pip/_vendor/pkg_resources/__pycache__) by extension 'cmake'
[1.034s] Level 1:colcon.colcon_core.package_identification:_identify(rospyvenv/lib/python3.10/site-packages/pip/_vendor/pkg_resources/__pycache__) by extension 'python'
[1.035s] Level 1:colcon.colcon_core.package_identification:_identify(rospyvenv/lib/python3.10/site-packages/pip/_vendor/pkg_resources/__pycache__) by extensions ['python_setup_py']
[1.035s] Level 1:colcon.colcon_core.package_identification:_identify(rospyvenv/lib/python3.10/site-packages/pip/_vendor/pkg_resources/__pycache__) by extension 'python_setup_py'
[1.035s] Level 1:colcon.colcon_core.package_identification:_identify(rospyvenv/lib/python3.10/site-packages/pip/_vendor/platformdirs) by extensions ['ignore', 'ignore_ament_install']
[1.035s] Level 1:colcon.colcon_core.package_identification:_identify(rospyvenv/lib/python3.10/site-packages/pip/_vendor/platformdirs) by extension 'ignore'
[1.035s] Level 1:colcon.colcon_core.package_identification:_identify(rospyvenv/lib/python3.10/site-packages/pip/_vendor/platformdirs) by extension 'ignore_ament_install'
[1.035s] Level 1:colcon.colcon_core.package_identification:_identify(rospyvenv/lib/python3.10/site-packages/pip/_vendor/platformdirs) by extensions ['colcon_pkg']
[1.035s] Level 1:colcon.colcon_core.package_identification:_identify(rospyvenv/lib/python3.10/site-packages/pip/_vendor/platformdirs) by extension 'colcon_pkg'
[1.035s] Level 1:colcon.colcon_core.package_identification:_identify(rospyvenv/lib/python3.10/site-packages/pip/_vendor/platformdirs) by extensions ['colcon_meta']
[1.035s] Level 1:colcon.colcon_core.package_identification:_identify(rospyvenv/lib/python3.10/site-packages/pip/_vendor/platformdirs) by extension 'colcon_meta'
[1.035s] Level 1:colcon.colcon_core.package_identification:_identify(rospyvenv/lib/python3.10/site-packages/pip/_vendor/platformdirs) by extensions ['ros']
[1.035s] Level 1:colcon.colcon_core.package_identification:_identify(rospyvenv/lib/python3.10/site-packages/pip/_vendor/platformdirs) by extension 'ros'
[1.035s] Level 1:colcon.colcon_core.package_identification:_identify(rospyvenv/lib/python3.10/site-packages/pip/_vendor/platformdirs) by extensions ['cmake', 'python']
[1.035s] Level 1:colcon.colcon_core.package_identification:_identify(rospyvenv/lib/python3.10/site-packages/pip/_vendor/platformdirs) by extension 'cmake'
[1.035s] Level 1:colcon.colcon_core.package_identification:_identify(rospyvenv/lib/python3.10/site-packages/pip/_vendor/platformdirs) by extension 'python'
[1.035s] Level 1:colcon.colcon_core.package_identification:_identify(rospyvenv/lib/python3.10/site-packages/pip/_vendor/platformdirs) by extensions ['python_setup_py']
[1.035s] Level 1:colcon.colcon_core.package_identification:_identify(rospyvenv/lib/python3.10/site-packages/pip/_vendor/platformdirs) by extension 'python_setup_py'
[1.036s] Level 1:colcon.colcon_core.package_identification:_identify(rospyvenv/lib/python3.10/site-packages/pip/_vendor/platformdirs/__pycache__) by extensions ['ignore', 'ignore_ament_install']
[1.036s] Level 1:colcon.colcon_core.package_identification:_identify(rospyvenv/lib/python3.10/site-packages/pip/_vendor/platformdirs/__pycache__) by extension 'ignore'
[1.036s] Level 1:colcon.colcon_core.package_identification:_identify(rospyvenv/lib/python3.10/site-packages/pip/_vendor/platformdirs/__pycache__) by extension 'ignore_ament_install'
[1.036s] Level 1:colcon.colcon_core.package_identification:_identify(rospyvenv/lib/python3.10/site-packages/pip/_vendor/platformdirs/__pycache__) by extensions ['colcon_pkg']
[1.036s] Level 1:colcon.colcon_core.package_identification:_identify(rospyvenv/lib/python3.10/site-packages/pip/_vendor/platformdirs/__pycache__) by extension 'colcon_pkg'
[1.036s] Level 1:colcon.colcon_core.package_identification:_identify(rospyvenv/lib/python3.10/site-packages/pip/_vendor/platformdirs/__pycache__) by extensions ['colcon_meta']
[1.036s] Level 1:colcon.colcon_core.package_identification:_identify(rospyvenv/lib/python3.10/site-packages/pip/_vendor/platformdirs/__pycache__) by extension 'colcon_meta'
[1.036s] Level 1:colcon.colcon_core.package_identification:_identify(rospyvenv/lib/python3.10/site-packages/pip/_vendor/platformdirs/__pycache__) by extensions ['ros']
[1.036s] Level 1:colcon.colcon_core.package_identification:_identify(rospyvenv/lib/python3.10/site-packages/pip/_vendor/platformdirs/__pycache__) by extension 'ros'
[1.036s] Level 1:colcon.colcon_core.package_identification:_identify(rospyvenv/lib/python3.10/site-packages/pip/_vendor/platformdirs/__pycache__) by extensions ['cmake', 'python']
[1.036s] Level 1:colcon.colcon_core.package_identification:_identify(rospyvenv/lib/python3.10/site-packages/pip/_vendor/platformdirs/__pycache__) by extension 'cmake'
[1.036s] Level 1:colcon.colcon_core.package_identification:_identify(rospyvenv/lib/python3.10/site-packages/pip/_vendor/platformdirs/__pycache__) by extension 'python'
[1.036s] Level 1:colcon.colcon_core.package_identification:_identify(rospyvenv/lib/python3.10/site-packages/pip/_vendor/platformdirs/__pycache__) by extensions ['python_setup_py']
[1.036s] Level 1:colcon.colcon_core.package_identification:_identify(rospyvenv/lib/python3.10/site-packages/pip/_vendor/platformdirs/__pycache__) by extension 'python_setup_py'
[1.037s] Level 1:colcon.colcon_core.package_identification:_identify(rospyvenv/lib/python3.10/site-packages/pip/_vendor/progress) by extensions ['ignore', 'ignore_ament_install']
[1.037s] Level 1:colcon.colcon_core.package_identification:_identify(rospyvenv/lib/python3.10/site-packages/pip/_vendor/progress) by extension 'ignore'
[1.037s] Level 1:colcon.colcon_core.package_identification:_identify(rospyvenv/lib/python3.10/site-packages/pip/_vendor/progress) by extension 'ignore_ament_install'
[1.037s] Level 1:colcon.colcon_core.package_identification:_identify(rospyvenv/lib/python3.10/site-packages/pip/_vendor/progress) by extensions ['colcon_pkg']
[1.037s] Level 1:colcon.colcon_core.package_identification:_identify(rospyvenv/lib/python3.10/site-packages/pip/_vendor/progress) by extension 'colcon_pkg'
[1.037s] Level 1:colcon.colcon_core.package_identification:_identify(rospyvenv/lib/python3.10/site-packages/pip/_vendor/progress) by extensions ['colcon_meta']
[1.037s] Level 1:colcon.colcon_core.package_identification:_identify(rospyvenv/lib/python3.10/site-packages/pip/_vendor/progress) by extension 'colcon_meta'
[1.037s] Level 1:colcon.colcon_core.package_identification:_identify(rospyvenv/lib/python3.10/site-packages/pip/_vendor/progress) by extensions ['ros']
[1.037s] Level 1:colcon.colcon_core.package_identification:_identify(rospyvenv/lib/python3.10/site-packages/pip/_vendor/progress) by extension 'ros'
[1.037s] Level 1:colcon.colcon_core.package_identification:_identify(rospyvenv/lib/python3.10/site-packages/pip/_vendor/progress) by extensions ['cmake', 'python']
[1.037s] Level 1:colcon.colcon_core.package_identification:_identify(rospyvenv/lib/python3.10/site-packages/pip/_vendor/progress) by extension 'cmake'
[1.037s] Level 1:colcon.colcon_core.package_identification:_identify(rospyvenv/lib/python3.10/site-packages/pip/_vendor/progress) by extension 'python'
[1.037s] Level 1:colcon.colcon_core.package_identification:_identify(rospyvenv/lib/python3.10/site-packages/pip/_vendor/progress) by extensions ['python_setup_py']
[1.037s] Level 1:colcon.colcon_core.package_identification:_identify(rospyvenv/lib/python3.10/site-packages/pip/_vendor/progress) by extension 'python_setup_py'
[1.038s] Level 1:colcon.colcon_core.package_identification:_identify(rospyvenv/lib/python3.10/site-packages/pip/_vendor/progress/__pycache__) by extensions ['ignore', 'ignore_ament_install']
[1.038s] Level 1:colcon.colcon_core.package_identification:_identify(rospyvenv/lib/python3.10/site-packages/pip/_vendor/progress/__pycache__) by extension 'ignore'
[1.038s] Level 1:colcon.colcon_core.package_identification:_identify(rospyvenv/lib/python3.10/site-packages/pip/_vendor/progress/__pycache__) by extension 'ignore_ament_install'
[1.038s] Level 1:colcon.colcon_core.package_identification:_identify(rospyvenv/lib/python3.10/site-packages/pip/_vendor/progress/__pycache__) by extensions ['colcon_pkg']
[1.038s] Level 1:colcon.colcon_core.package_identification:_identify(rospyvenv/lib/python3.10/site-packages/pip/_vendor/progress/__pycache__) by extension 'colcon_pkg'
[1.038s] Level 1:colcon.colcon_core.package_identification:_identify(rospyvenv/lib/python3.10/site-packages/pip/_vendor/progress/__pycache__) by extensions ['colcon_meta']
[1.038s] Level 1:colcon.colcon_core.package_identification:_identify(rospyvenv/lib/python3.10/site-packages/pip/_vendor/progress/__pycache__) by extension 'colcon_meta'
[1.038s] Level 1:colcon.colcon_core.package_identification:_identify(rospyvenv/lib/python3.10/site-packages/pip/_vendor/progress/__pycache__) by extensions ['ros']
[1.038s] Level 1:colcon.colcon_core.package_identification:_identify(rospyvenv/lib/python3.10/site-packages/pip/_vendor/progress/__pycache__) by extension 'ros'
[1.038s] Level 1:colcon.colcon_core.package_identification:_identify(rospyvenv/lib/python3.10/site-packages/pip/_vendor/progress/__pycache__) by extensions ['cmake', 'python']
[1.038s] Level 1:colcon.colcon_core.package_identification:_identify(rospyvenv/lib/python3.10/site-packages/pip/_vendor/progress/__pycache__) by extension 'cmake'
[1.038s] Level 1:colcon.colcon_core.package_identification:_identify(rospyvenv/lib/python3.10/site-packages/pip/_vendor/progress/__pycache__) by extension 'python'
[1.038s] Level 1:colcon.colcon_core.package_identification:_identify(rospyvenv/lib/python3.10/site-packages/pip/_vendor/progress/__pycache__) by extensions ['python_setup_py']
[1.038s] Level 1:colcon.colcon_core.package_identification:_identify(rospyvenv/lib/python3.10/site-packages/pip/_vendor/progress/__pycache__) by extension 'python_setup_py'
[1.039s] Level 1:colcon.colcon_core.package_identification:_identify(rospyvenv/lib/python3.10/site-packages/pip/_vendor/pygments) by extensions ['ignore', 'ignore_ament_install']
[1.039s] Level 1:colcon.colcon_core.package_identification:_identify(rospyvenv/lib/python3.10/site-packages/pip/_vendor/pygments) by extension 'ignore'
[1.039s] Level 1:colcon.colcon_core.package_identification:_identify(rospyvenv/lib/python3.10/site-packages/pip/_vendor/pygments) by extension 'ignore_ament_install'
[1.039s] Level 1:colcon.colcon_core.package_identification:_identify(rospyvenv/lib/python3.10/site-packages/pip/_vendor/pygments) by extensions ['colcon_pkg']
[1.039s] Level 1:colcon.colcon_core.package_identification:_identify(rospyvenv/lib/python3.10/site-packages/pip/_vendor/pygments) by extension 'colcon_pkg'
[1.039s] Level 1:colcon.colcon_core.package_identification:_identify(rospyvenv/lib/python3.10/site-packages/pip/_vendor/pygments) by extensions ['colcon_meta']
[1.039s] Level 1:colcon.colcon_core.package_identification:_identify(rospyvenv/lib/python3.10/site-packages/pip/_vendor/pygments) by extension 'colcon_meta'
[1.039s] Level 1:colcon.colcon_core.package_identification:_identify(rospyvenv/lib/python3.10/site-packages/pip/_vendor/pygments) by extensions ['ros']
[1.039s] Level 1:colcon.colcon_core.package_identification:_identify(rospyvenv/lib/python3.10/site-packages/pip/_vendor/pygments) by extension 'ros'
[1.039s] Level 1:colcon.colcon_core.package_identification:_identify(rospyvenv/lib/python3.10/site-packages/pip/_vendor/pygments) by extensions ['cmake', 'python']
[1.039s] Level 1:colcon.colcon_core.package_identification:_identify(rospyvenv/lib/python3.10/site-packages/pip/_vendor/pygments) by extension 'cmake'
[1.039s] Level 1:colcon.colcon_core.package_identification:_identify(rospyvenv/lib/python3.10/site-packages/pip/_vendor/pygments) by extension 'python'
[1.039s] Level 1:colcon.colcon_core.package_identification:_identify(rospyvenv/lib/python3.10/site-packages/pip/_vendor/pygments) by extensions ['python_setup_py']
[1.039s] Level 1:colcon.colcon_core.package_identification:_identify(rospyvenv/lib/python3.10/site-packages/pip/_vendor/pygments) by extension 'python_setup_py'
[1.039s] Level 1:colcon.colcon_core.package_identification:_identify(rospyvenv/lib/python3.10/site-packages/pip/_vendor/pygments/__pycache__) by extensions ['ignore', 'ignore_ament_install']
[1.039s] Level 1:colcon.colcon_core.package_identification:_identify(rospyvenv/lib/python3.10/site-packages/pip/_vendor/pygments/__pycache__) by extension 'ignore'
[1.040s] Level 1:colcon.colcon_core.package_identification:_identify(rospyvenv/lib/python3.10/site-packages/pip/_vendor/pygments/__pycache__) by extension 'ignore_ament_install'
[1.040s] Level 1:colcon.colcon_core.package_identification:_identify(rospyvenv/lib/python3.10/site-packages/pip/_vendor/pygments/__pycache__) by extensions ['colcon_pkg']
[1.040s] Level 1:colcon.colcon_core.package_identification:_identify(rospyvenv/lib/python3.10/site-packages/pip/_vendor/pygments/__pycache__) by extension 'colcon_pkg'
[1.040s] Level 1:colcon.colcon_core.package_identification:_identify(rospyvenv/lib/python3.10/site-packages/pip/_vendor/pygments/__pycache__) by extensions ['colcon_meta']
[1.040s] Level 1:colcon.colcon_core.package_identification:_identify(rospyvenv/lib/python3.10/site-packages/pip/_vendor/pygments/__pycache__) by extension 'colcon_meta'
[1.040s] Level 1:colcon.colcon_core.package_identification:_identify(rospyvenv/lib/python3.10/site-packages/pip/_vendor/pygments/__pycache__) by extensions ['ros']
[1.040s] Level 1:colcon.colcon_core.package_identification:_identify(rospyvenv/lib/python3.10/site-packages/pip/_vendor/pygments/__pycache__) by extension 'ros'
[1.040s] Level 1:colcon.colcon_core.package_identification:_identify(rospyvenv/lib/python3.10/site-packages/pip/_vendor/pygments/__pycache__) by extensions ['cmake', 'python']
[1.040s] Level 1:colcon.colcon_core.package_identification:_identify(rospyvenv/lib/python3.10/site-packages/pip/_vendor/pygments/__pycache__) by extension 'cmake'
[1.040s] Level 1:colcon.colcon_core.package_identification:_identify(rospyvenv/lib/python3.10/site-packages/pip/_vendor/pygments/__pycache__) by extension 'python'
[1.040s] Level 1:colcon.colcon_core.package_identification:_identify(rospyvenv/lib/python3.10/site-packages/pip/_vendor/pygments/__pycache__) by extensions ['python_setup_py']
[1.040s] Level 1:colcon.colcon_core.package_identification:_identify(rospyvenv/lib/python3.10/site-packages/pip/_vendor/pygments/__pycache__) by extension 'python_setup_py'
[1.040s] Level 1:colcon.colcon_core.package_identification:_identify(rospyvenv/lib/python3.10/site-packages/pip/_vendor/pygments/filters) by extensions ['ignore', 'ignore_ament_install']
[1.041s] Level 1:colcon.colcon_core.package_identification:_identify(rospyvenv/lib/python3.10/site-packages/pip/_vendor/pygments/filters) by extension 'ignore'
[1.041s] Level 1:colcon.colcon_core.package_identification:_identify(rospyvenv/lib/python3.10/site-packages/pip/_vendor/pygments/filters) by extension 'ignore_ament_install'
[1.041s] Level 1:colcon.colcon_core.package_identification:_identify(rospyvenv/lib/python3.10/site-packages/pip/_vendor/pygments/filters) by extensions ['colcon_pkg']
[1.041s] Level 1:colcon.colcon_core.package_identification:_identify(rospyvenv/lib/python3.10/site-packages/pip/_vendor/pygments/filters) by extension 'colcon_pkg'
[1.041s] Level 1:colcon.colcon_core.package_identification:_identify(rospyvenv/lib/python3.10/site-packages/pip/_vendor/pygments/filters) by extensions ['colcon_meta']
[1.041s] Level 1:colcon.colcon_core.package_identification:_identify(rospyvenv/lib/python3.10/site-packages/pip/_vendor/pygments/filters) by extension 'colcon_meta'
[1.041s] Level 1:colcon.colcon_core.package_identification:_identify(rospyvenv/lib/python3.10/site-packages/pip/_vendor/pygments/filters) by extensions ['ros']
[1.041s] Level 1:colcon.colcon_core.package_identification:_identify(rospyvenv/lib/python3.10/site-packages/pip/_vendor/pygments/filters) by extension 'ros'
[1.041s] Level 1:colcon.colcon_core.package_identification:_identify(rospyvenv/lib/python3.10/site-packages/pip/_vendor/pygments/filters) by extensions ['cmake', 'python']
[1.041s] Level 1:colcon.colcon_core.package_identification:_identify(rospyvenv/lib/python3.10/site-packages/pip/_vendor/pygments/filters) by extension 'cmake'
[1.041s] Level 1:colcon.colcon_core.package_identification:_identify(rospyvenv/lib/python3.10/site-packages/pip/_vendor/pygments/filters) by extension 'python'
[1.041s] Level 1:colcon.colcon_core.package_identification:_identify(rospyvenv/lib/python3.10/site-packages/pip/_vendor/pygments/filters) by extensions ['python_setup_py']
[1.041s] Level 1:colcon.colcon_core.package_identification:_identify(rospyvenv/lib/python3.10/site-packages/pip/_vendor/pygments/filters) by extension 'python_setup_py'
[1.041s] Level 1:colcon.colcon_core.package_identification:_identify(rospyvenv/lib/python3.10/site-packages/pip/_vendor/pygments/filters/__pycache__) by extensions ['ignore', 'ignore_ament_install']
[1.041s] Level 1:colcon.colcon_core.package_identification:_identify(rospyvenv/lib/python3.10/site-packages/pip/_vendor/pygments/filters/__pycache__) by extension 'ignore'
[1.042s] Level 1:colcon.colcon_core.package_identification:_identify(rospyvenv/lib/python3.10/site-packages/pip/_vendor/pygments/filters/__pycache__) by extension 'ignore_ament_install'
[1.042s] Level 1:colcon.colcon_core.package_identification:_identify(rospyvenv/lib/python3.10/site-packages/pip/_vendor/pygments/filters/__pycache__) by extensions ['colcon_pkg']
[1.042s] Level 1:colcon.colcon_core.package_identification:_identify(rospyvenv/lib/python3.10/site-packages/pip/_vendor/pygments/filters/__pycache__) by extension 'colcon_pkg'
[1.042s] Level 1:colcon.colcon_core.package_identification:_identify(rospyvenv/lib/python3.10/site-packages/pip/_vendor/pygments/filters/__pycache__) by extensions ['colcon_meta']
[1.042s] Level 1:colcon.colcon_core.package_identification:_identify(rospyvenv/lib/python3.10/site-packages/pip/_vendor/pygments/filters/__pycache__) by extension 'colcon_meta'
[1.042s] Level 1:colcon.colcon_core.package_identification:_identify(rospyvenv/lib/python3.10/site-packages/pip/_vendor/pygments/filters/__pycache__) by extensions ['ros']
[1.042s] Level 1:colcon.colcon_core.package_identification:_identify(rospyvenv/lib/python3.10/site-packages/pip/_vendor/pygments/filters/__pycache__) by extension 'ros'
[1.042s] Level 1:colcon.colcon_core.package_identification:_identify(rospyvenv/lib/python3.10/site-packages/pip/_vendor/pygments/filters/__pycache__) by extensions ['cmake', 'python']
[1.042s] Level 1:colcon.colcon_core.package_identification:_identify(rospyvenv/lib/python3.10/site-packages/pip/_vendor/pygments/filters/__pycache__) by extension 'cmake'
[1.042s] Level 1:colcon.colcon_core.package_identification:_identify(rospyvenv/lib/python3.10/site-packages/pip/_vendor/pygments/filters/__pycache__) by extension 'python'
[1.042s] Level 1:colcon.colcon_core.package_identification:_identify(rospyvenv/lib/python3.10/site-packages/pip/_vendor/pygments/filters/__pycache__) by extensions ['python_setup_py']
[1.042s] Level 1:colcon.colcon_core.package_identification:_identify(rospyvenv/lib/python3.10/site-packages/pip/_vendor/pygments/filters/__pycache__) by extension 'python_setup_py'
[1.042s] Level 1:colcon.colcon_core.package_identification:_identify(rospyvenv/lib/python3.10/site-packages/pip/_vendor/pygments/formatters) by extensions ['ignore', 'ignore_ament_install']
[1.042s] Level 1:colcon.colcon_core.package_identification:_identify(rospyvenv/lib/python3.10/site-packages/pip/_vendor/pygments/formatters) by extension 'ignore'
[1.042s] Level 1:colcon.colcon_core.package_identification:_identify(rospyvenv/lib/python3.10/site-packages/pip/_vendor/pygments/formatters) by extension 'ignore_ament_install'
[1.043s] Level 1:colcon.colcon_core.package_identification:_identify(rospyvenv/lib/python3.10/site-packages/pip/_vendor/pygments/formatters) by extensions ['colcon_pkg']
[1.043s] Level 1:colcon.colcon_core.package_identification:_identify(rospyvenv/lib/python3.10/site-packages/pip/_vendor/pygments/formatters) by extension 'colcon_pkg'
[1.043s] Level 1:colcon.colcon_core.package_identification:_identify(rospyvenv/lib/python3.10/site-packages/pip/_vendor/pygments/formatters) by extensions ['colcon_meta']
[1.043s] Level 1:colcon.colcon_core.package_identification:_identify(rospyvenv/lib/python3.10/site-packages/pip/_vendor/pygments/formatters) by extension 'colcon_meta'
[1.043s] Level 1:colcon.colcon_core.package_identification:_identify(rospyvenv/lib/python3.10/site-packages/pip/_vendor/pygments/formatters) by extensions ['ros']
[1.043s] Level 1:colcon.colcon_core.package_identification:_identify(rospyvenv/lib/python3.10/site-packages/pip/_vendor/pygments/formatters) by extension 'ros'
[1.043s] Level 1:colcon.colcon_core.package_identification:_identify(rospyvenv/lib/python3.10/site-packages/pip/_vendor/pygments/formatters) by extensions ['cmake', 'python']
[1.043s] Level 1:colcon.colcon_core.package_identification:_identify(rospyvenv/lib/python3.10/site-packages/pip/_vendor/pygments/formatters) by extension 'cmake'
[1.043s] Level 1:colcon.colcon_core.package_identification:_identify(rospyvenv/lib/python3.10/site-packages/pip/_vendor/pygments/formatters) by extension 'python'
[1.043s] Level 1:colcon.colcon_core.package_identification:_identify(rospyvenv/lib/python3.10/site-packages/pip/_vendor/pygments/formatters) by extensions ['python_setup_py']
[1.043s] Level 1:colcon.colcon_core.package_identification:_identify(rospyvenv/lib/python3.10/site-packages/pip/_vendor/pygments/formatters) by extension 'python_setup_py'
[1.043s] Level 1:colcon.colcon_core.package_identification:_identify(rospyvenv/lib/python3.10/site-packages/pip/_vendor/pygments/formatters/__pycache__) by extensions ['ignore', 'ignore_ament_install']
[1.043s] Level 1:colcon.colcon_core.package_identification:_identify(rospyvenv/lib/python3.10/site-packages/pip/_vendor/pygments/formatters/__pycache__) by extension 'ignore'
[1.043s] Level 1:colcon.colcon_core.package_identification:_identify(rospyvenv/lib/python3.10/site-packages/pip/_vendor/pygments/formatters/__pycache__) by extension 'ignore_ament_install'
[1.044s] Level 1:colcon.colcon_core.package_identification:_identify(rospyvenv/lib/python3.10/site-packages/pip/_vendor/pygments/formatters/__pycache__) by extensions ['colcon_pkg']
[1.044s] Level 1:colcon.colcon_core.package_identification:_identify(rospyvenv/lib/python3.10/site-packages/pip/_vendor/pygments/formatters/__pycache__) by extension 'colcon_pkg'
[1.044s] Level 1:colcon.colcon_core.package_identification:_identify(rospyvenv/lib/python3.10/site-packages/pip/_vendor/pygments/formatters/__pycache__) by extensions ['colcon_meta']
[1.044s] Level 1:colcon.colcon_core.package_identification:_identify(rospyvenv/lib/python3.10/site-packages/pip/_vendor/pygments/formatters/__pycache__) by extension 'colcon_meta'
[1.044s] Level 1:colcon.colcon_core.package_identification:_identify(rospyvenv/lib/python3.10/site-packages/pip/_vendor/pygments/formatters/__pycache__) by extensions ['ros']
[1.044s] Level 1:colcon.colcon_core.package_identification:_identify(rospyvenv/lib/python3.10/site-packages/pip/_vendor/pygments/formatters/__pycache__) by extension 'ros'
[1.044s] Level 1:colcon.colcon_core.package_identification:_identify(rospyvenv/lib/python3.10/site-packages/pip/_vendor/pygments/formatters/__pycache__) by extensions ['cmake', 'python']
[1.044s] Level 1:colcon.colcon_core.package_identification:_identify(rospyvenv/lib/python3.10/site-packages/pip/_vendor/pygments/formatters/__pycache__) by extension 'cmake'
[1.044s] Level 1:colcon.colcon_core.package_identification:_identify(rospyvenv/lib/python3.10/site-packages/pip/_vendor/pygments/formatters/__pycache__) by extension 'python'
[1.044s] Level 1:colcon.colcon_core.package_identification:_identify(rospyvenv/lib/python3.10/site-packages/pip/_vendor/pygments/formatters/__pycache__) by extensions ['python_setup_py']
[1.044s] Level 1:colcon.colcon_core.package_identification:_identify(rospyvenv/lib/python3.10/site-packages/pip/_vendor/pygments/formatters/__pycache__) by extension 'python_setup_py'
[1.044s] Level 1:colcon.colcon_core.package_identification:_identify(rospyvenv/lib/python3.10/site-packages/pip/_vendor/pygments/lexers) by extensions ['ignore', 'ignore_ament_install']
[1.044s] Level 1:colcon.colcon_core.package_identification:_identify(rospyvenv/lib/python3.10/site-packages/pip/_vendor/pygments/lexers) by extension 'ignore'
[1.044s] Level 1:colcon.colcon_core.package_identification:_identify(rospyvenv/lib/python3.10/site-packages/pip/_vendor/pygments/lexers) by extension 'ignore_ament_install'
[1.044s] Level 1:colcon.colcon_core.package_identification:_identify(rospyvenv/lib/python3.10/site-packages/pip/_vendor/pygments/lexers) by extensions ['colcon_pkg']
[1.044s] Level 1:colcon.colcon_core.package_identification:_identify(rospyvenv/lib/python3.10/site-packages/pip/_vendor/pygments/lexers) by extension 'colcon_pkg'
[1.044s] Level 1:colcon.colcon_core.package_identification:_identify(rospyvenv/lib/python3.10/site-packages/pip/_vendor/pygments/lexers) by extensions ['colcon_meta']
[1.044s] Level 1:colcon.colcon_core.package_identification:_identify(rospyvenv/lib/python3.10/site-packages/pip/_vendor/pygments/lexers) by extension 'colcon_meta'
[1.045s] Level 1:colcon.colcon_core.package_identification:_identify(rospyvenv/lib/python3.10/site-packages/pip/_vendor/pygments/lexers) by extensions ['ros']
[1.045s] Level 1:colcon.colcon_core.package_identification:_identify(rospyvenv/lib/python3.10/site-packages/pip/_vendor/pygments/lexers) by extension 'ros'
[1.045s] Level 1:colcon.colcon_core.package_identification:_identify(rospyvenv/lib/python3.10/site-packages/pip/_vendor/pygments/lexers) by extensions ['cmake', 'python']
[1.045s] Level 1:colcon.colcon_core.package_identification:_identify(rospyvenv/lib/python3.10/site-packages/pip/_vendor/pygments/lexers) by extension 'cmake'
[1.045s] Level 1:colcon.colcon_core.package_identification:_identify(rospyvenv/lib/python3.10/site-packages/pip/_vendor/pygments/lexers) by extension 'python'
[1.045s] Level 1:colcon.colcon_core.package_identification:_identify(rospyvenv/lib/python3.10/site-packages/pip/_vendor/pygments/lexers) by extensions ['python_setup_py']
[1.045s] Level 1:colcon.colcon_core.package_identification:_identify(rospyvenv/lib/python3.10/site-packages/pip/_vendor/pygments/lexers) by extension 'python_setup_py'
[1.045s] Level 1:colcon.colcon_core.package_identification:_identify(rospyvenv/lib/python3.10/site-packages/pip/_vendor/pygments/lexers/__pycache__) by extensions ['ignore', 'ignore_ament_install']
[1.045s] Level 1:colcon.colcon_core.package_identification:_identify(rospyvenv/lib/python3.10/site-packages/pip/_vendor/pygments/lexers/__pycache__) by extension 'ignore'
[1.045s] Level 1:colcon.colcon_core.package_identification:_identify(rospyvenv/lib/python3.10/site-packages/pip/_vendor/pygments/lexers/__pycache__) by extension 'ignore_ament_install'
[1.045s] Level 1:colcon.colcon_core.package_identification:_identify(rospyvenv/lib/python3.10/site-packages/pip/_vendor/pygments/lexers/__pycache__) by extensions ['colcon_pkg']
[1.045s] Level 1:colcon.colcon_core.package_identification:_identify(rospyvenv/lib/python3.10/site-packages/pip/_vendor/pygments/lexers/__pycache__) by extension 'colcon_pkg'
[1.045s] Level 1:colcon.colcon_core.package_identification:_identify(rospyvenv/lib/python3.10/site-packages/pip/_vendor/pygments/lexers/__pycache__) by extensions ['colcon_meta']
[1.045s] Level 1:colcon.colcon_core.package_identification:_identify(rospyvenv/lib/python3.10/site-packages/pip/_vendor/pygments/lexers/__pycache__) by extension 'colcon_meta'
[1.045s] Level 1:colcon.colcon_core.package_identification:_identify(rospyvenv/lib/python3.10/site-packages/pip/_vendor/pygments/lexers/__pycache__) by extensions ['ros']
[1.045s] Level 1:colcon.colcon_core.package_identification:_identify(rospyvenv/lib/python3.10/site-packages/pip/_vendor/pygments/lexers/__pycache__) by extension 'ros'
[1.046s] Level 1:colcon.colcon_core.package_identification:_identify(rospyvenv/lib/python3.10/site-packages/pip/_vendor/pygments/lexers/__pycache__) by extensions ['cmake', 'python']
[1.046s] Level 1:colcon.colcon_core.package_identification:_identify(rospyvenv/lib/python3.10/site-packages/pip/_vendor/pygments/lexers/__pycache__) by extension 'cmake'
[1.046s] Level 1:colcon.colcon_core.package_identification:_identify(rospyvenv/lib/python3.10/site-packages/pip/_vendor/pygments/lexers/__pycache__) by extension 'python'
[1.046s] Level 1:colcon.colcon_core.package_identification:_identify(rospyvenv/lib/python3.10/site-packages/pip/_vendor/pygments/lexers/__pycache__) by extensions ['python_setup_py']
[1.046s] Level 1:colcon.colcon_core.package_identification:_identify(rospyvenv/lib/python3.10/site-packages/pip/_vendor/pygments/lexers/__pycache__) by extension 'python_setup_py'
[1.046s] Level 1:colcon.colcon_core.package_identification:_identify(rospyvenv/lib/python3.10/site-packages/pip/_vendor/pygments/styles) by extensions ['ignore', 'ignore_ament_install']
[1.046s] Level 1:colcon.colcon_core.package_identification:_identify(rospyvenv/lib/python3.10/site-packages/pip/_vendor/pygments/styles) by extension 'ignore'
[1.046s] Level 1:colcon.colcon_core.package_identification:_identify(rospyvenv/lib/python3.10/site-packages/pip/_vendor/pygments/styles) by extension 'ignore_ament_install'
[1.046s] Level 1:colcon.colcon_core.package_identification:_identify(rospyvenv/lib/python3.10/site-packages/pip/_vendor/pygments/styles) by extensions ['colcon_pkg']
[1.046s] Level 1:colcon.colcon_core.package_identification:_identify(rospyvenv/lib/python3.10/site-packages/pip/_vendor/pygments/styles) by extension 'colcon_pkg'
[1.046s] Level 1:colcon.colcon_core.package_identification:_identify(rospyvenv/lib/python3.10/site-packages/pip/_vendor/pygments/styles) by extensions ['colcon_meta']
[1.046s] Level 1:colcon.colcon_core.package_identification:_identify(rospyvenv/lib/python3.10/site-packages/pip/_vendor/pygments/styles) by extension 'colcon_meta'
[1.046s] Level 1:colcon.colcon_core.package_identification:_identify(rospyvenv/lib/python3.10/site-packages/pip/_vendor/pygments/styles) by extensions ['ros']
[1.046s] Level 1:colcon.colcon_core.package_identification:_identify(rospyvenv/lib/python3.10/site-packages/pip/_vendor/pygments/styles) by extension 'ros'
[1.046s] Level 1:colcon.colcon_core.package_identification:_identify(rospyvenv/lib/python3.10/site-packages/pip/_vendor/pygments/styles) by extensions ['cmake', 'python']
[1.047s] Level 1:colcon.colcon_core.package_identification:_identify(rospyvenv/lib/python3.10/site-packages/pip/_vendor/pygments/styles) by extension 'cmake'
[1.047s] Level 1:colcon.colcon_core.package_identification:_identify(rospyvenv/lib/python3.10/site-packages/pip/_vendor/pygments/styles) by extension 'python'
[1.047s] Level 1:colcon.colcon_core.package_identification:_identify(rospyvenv/lib/python3.10/site-packages/pip/_vendor/pygments/styles) by extensions ['python_setup_py']
[1.047s] Level 1:colcon.colcon_core.package_identification:_identify(rospyvenv/lib/python3.10/site-packages/pip/_vendor/pygments/styles) by extension 'python_setup_py'
[1.047s] Level 1:colcon.colcon_core.package_identification:_identify(rospyvenv/lib/python3.10/site-packages/pip/_vendor/pygments/styles/__pycache__) by extensions ['ignore', 'ignore_ament_install']
[1.047s] Level 1:colcon.colcon_core.package_identification:_identify(rospyvenv/lib/python3.10/site-packages/pip/_vendor/pygments/styles/__pycache__) by extension 'ignore'
[1.047s] Level 1:colcon.colcon_core.package_identification:_identify(rospyvenv/lib/python3.10/site-packages/pip/_vendor/pygments/styles/__pycache__) by extension 'ignore_ament_install'
[1.047s] Level 1:colcon.colcon_core.package_identification:_identify(rospyvenv/lib/python3.10/site-packages/pip/_vendor/pygments/styles/__pycache__) by extensions ['colcon_pkg']
[1.047s] Level 1:colcon.colcon_core.package_identification:_identify(rospyvenv/lib/python3.10/site-packages/pip/_vendor/pygments/styles/__pycache__) by extension 'colcon_pkg'
[1.047s] Level 1:colcon.colcon_core.package_identification:_identify(rospyvenv/lib/python3.10/site-packages/pip/_vendor/pygments/styles/__pycache__) by extensions ['colcon_meta']
[1.047s] Level 1:colcon.colcon_core.package_identification:_identify(rospyvenv/lib/python3.10/site-packages/pip/_vendor/pygments/styles/__pycache__) by extension 'colcon_meta'
[1.047s] Level 1:colcon.colcon_core.package_identification:_identify(rospyvenv/lib/python3.10/site-packages/pip/_vendor/pygments/styles/__pycache__) by extensions ['ros']
[1.047s] Level 1:colcon.colcon_core.package_identification:_identify(rospyvenv/lib/python3.10/site-packages/pip/_vendor/pygments/styles/__pycache__) by extension 'ros'
[1.047s] Level 1:colcon.colcon_core.package_identification:_identify(rospyvenv/lib/python3.10/site-packages/pip/_vendor/pygments/styles/__pycache__) by extensions ['cmake', 'python']
[1.047s] Level 1:colcon.colcon_core.package_identification:_identify(rospyvenv/lib/python3.10/site-packages/pip/_vendor/pygments/styles/__pycache__) by extension 'cmake'
[1.047s] Level 1:colcon.colcon_core.package_identification:_identify(rospyvenv/lib/python3.10/site-packages/pip/_vendor/pygments/styles/__pycache__) by extension 'python'
[1.048s] Level 1:colcon.colcon_core.package_identification:_identify(rospyvenv/lib/python3.10/site-packages/pip/_vendor/pygments/styles/__pycache__) by extensions ['python_setup_py']
[1.048s] Level 1:colcon.colcon_core.package_identification:_identify(rospyvenv/lib/python3.10/site-packages/pip/_vendor/pygments/styles/__pycache__) by extension 'python_setup_py'
[1.048s] Level 1:colcon.colcon_core.package_identification:_identify(rospyvenv/lib/python3.10/site-packages/pip/_vendor/pyparsing) by extensions ['ignore', 'ignore_ament_install']
[1.048s] Level 1:colcon.colcon_core.package_identification:_identify(rospyvenv/lib/python3.10/site-packages/pip/_vendor/pyparsing) by extension 'ignore'
[1.048s] Level 1:colcon.colcon_core.package_identification:_identify(rospyvenv/lib/python3.10/site-packages/pip/_vendor/pyparsing) by extension 'ignore_ament_install'
[1.048s] Level 1:colcon.colcon_core.package_identification:_identify(rospyvenv/lib/python3.10/site-packages/pip/_vendor/pyparsing) by extensions ['colcon_pkg']
[1.048s] Level 1:colcon.colcon_core.package_identification:_identify(rospyvenv/lib/python3.10/site-packages/pip/_vendor/pyparsing) by extension 'colcon_pkg'
[1.048s] Level 1:colcon.colcon_core.package_identification:_identify(rospyvenv/lib/python3.10/site-packages/pip/_vendor/pyparsing) by extensions ['colcon_meta']
[1.048s] Level 1:colcon.colcon_core.package_identification:_identify(rospyvenv/lib/python3.10/site-packages/pip/_vendor/pyparsing) by extension 'colcon_meta'
[1.048s] Level 1:colcon.colcon_core.package_identification:_identify(rospyvenv/lib/python3.10/site-packages/pip/_vendor/pyparsing) by extensions ['ros']
[1.048s] Level 1:colcon.colcon_core.package_identification:_identify(rospyvenv/lib/python3.10/site-packages/pip/_vendor/pyparsing) by extension 'ros'
[1.048s] Level 1:colcon.colcon_core.package_identification:_identify(rospyvenv/lib/python3.10/site-packages/pip/_vendor/pyparsing) by extensions ['cmake', 'python']
[1.048s] Level 1:colcon.colcon_core.package_identification:_identify(rospyvenv/lib/python3.10/site-packages/pip/_vendor/pyparsing) by extension 'cmake'
[1.048s] Level 1:colcon.colcon_core.package_identification:_identify(rospyvenv/lib/python3.10/site-packages/pip/_vendor/pyparsing) by extension 'python'
[1.048s] Level 1:colcon.colcon_core.package_identification:_identify(rospyvenv/lib/python3.10/site-packages/pip/_vendor/pyparsing) by extensions ['python_setup_py']
[1.048s] Level 1:colcon.colcon_core.package_identification:_identify(rospyvenv/lib/python3.10/site-packages/pip/_vendor/pyparsing) by extension 'python_setup_py'
[1.049s] Level 1:colcon.colcon_core.package_identification:_identify(rospyvenv/lib/python3.10/site-packages/pip/_vendor/pyparsing/__pycache__) by extensions ['ignore', 'ignore_ament_install']
[1.049s] Level 1:colcon.colcon_core.package_identification:_identify(rospyvenv/lib/python3.10/site-packages/pip/_vendor/pyparsing/__pycache__) by extension 'ignore'
[1.049s] Level 1:colcon.colcon_core.package_identification:_identify(rospyvenv/lib/python3.10/site-packages/pip/_vendor/pyparsing/__pycache__) by extension 'ignore_ament_install'
[1.049s] Level 1:colcon.colcon_core.package_identification:_identify(rospyvenv/lib/python3.10/site-packages/pip/_vendor/pyparsing/__pycache__) by extensions ['colcon_pkg']
[1.049s] Level 1:colcon.colcon_core.package_identification:_identify(rospyvenv/lib/python3.10/site-packages/pip/_vendor/pyparsing/__pycache__) by extension 'colcon_pkg'
[1.049s] Level 1:colcon.colcon_core.package_identification:_identify(rospyvenv/lib/python3.10/site-packages/pip/_vendor/pyparsing/__pycache__) by extensions ['colcon_meta']
[1.049s] Level 1:colcon.colcon_core.package_identification:_identify(rospyvenv/lib/python3.10/site-packages/pip/_vendor/pyparsing/__pycache__) by extension 'colcon_meta'
[1.049s] Level 1:colcon.colcon_core.package_identification:_identify(rospyvenv/lib/python3.10/site-packages/pip/_vendor/pyparsing/__pycache__) by extensions ['ros']
[1.049s] Level 1:colcon.colcon_core.package_identification:_identify(rospyvenv/lib/python3.10/site-packages/pip/_vendor/pyparsing/__pycache__) by extension 'ros'
[1.049s] Level 1:colcon.colcon_core.package_identification:_identify(rospyvenv/lib/python3.10/site-packages/pip/_vendor/pyparsing/__pycache__) by extensions ['cmake', 'python']
[1.049s] Level 1:colcon.colcon_core.package_identification:_identify(rospyvenv/lib/python3.10/site-packages/pip/_vendor/pyparsing/__pycache__) by extension 'cmake'
[1.049s] Level 1:colcon.colcon_core.package_identification:_identify(rospyvenv/lib/python3.10/site-packages/pip/_vendor/pyparsing/__pycache__) by extension 'python'
[1.049s] Level 1:colcon.colcon_core.package_identification:_identify(rospyvenv/lib/python3.10/site-packages/pip/_vendor/pyparsing/__pycache__) by extensions ['python_setup_py']
[1.049s] Level 1:colcon.colcon_core.package_identification:_identify(rospyvenv/lib/python3.10/site-packages/pip/_vendor/pyparsing/__pycache__) by extension 'python_setup_py'
[1.050s] Level 1:colcon.colcon_core.package_identification:_identify(rospyvenv/lib/python3.10/site-packages/pip/_vendor/pyparsing/diagram) by extensions ['ignore', 'ignore_ament_install']
[1.050s] Level 1:colcon.colcon_core.package_identification:_identify(rospyvenv/lib/python3.10/site-packages/pip/_vendor/pyparsing/diagram) by extension 'ignore'
[1.050s] Level 1:colcon.colcon_core.package_identification:_identify(rospyvenv/lib/python3.10/site-packages/pip/_vendor/pyparsing/diagram) by extension 'ignore_ament_install'
[1.050s] Level 1:colcon.colcon_core.package_identification:_identify(rospyvenv/lib/python3.10/site-packages/pip/_vendor/pyparsing/diagram) by extensions ['colcon_pkg']
[1.050s] Level 1:colcon.colcon_core.package_identification:_identify(rospyvenv/lib/python3.10/site-packages/pip/_vendor/pyparsing/diagram) by extension 'colcon_pkg'
[1.050s] Level 1:colcon.colcon_core.package_identification:_identify(rospyvenv/lib/python3.10/site-packages/pip/_vendor/pyparsing/diagram) by extensions ['colcon_meta']
[1.050s] Level 1:colcon.colcon_core.package_identification:_identify(rospyvenv/lib/python3.10/site-packages/pip/_vendor/pyparsing/diagram) by extension 'colcon_meta'
[1.050s] Level 1:colcon.colcon_core.package_identification:_identify(rospyvenv/lib/python3.10/site-packages/pip/_vendor/pyparsing/diagram) by extensions ['ros']
[1.050s] Level 1:colcon.colcon_core.package_identification:_identify(rospyvenv/lib/python3.10/site-packages/pip/_vendor/pyparsing/diagram) by extension 'ros'
[1.050s] Level 1:colcon.colcon_core.package_identification:_identify(rospyvenv/lib/python3.10/site-packages/pip/_vendor/pyparsing/diagram) by extensions ['cmake', 'python']
[1.050s] Level 1:colcon.colcon_core.package_identification:_identify(rospyvenv/lib/python3.10/site-packages/pip/_vendor/pyparsing/diagram) by extension 'cmake'
[1.050s] Level 1:colcon.colcon_core.package_identification:_identify(rospyvenv/lib/python3.10/site-packages/pip/_vendor/pyparsing/diagram) by extension 'python'
[1.050s] Level 1:colcon.colcon_core.package_identification:_identify(rospyvenv/lib/python3.10/site-packages/pip/_vendor/pyparsing/diagram) by extensions ['python_setup_py']
[1.050s] Level 1:colcon.colcon_core.package_identification:_identify(rospyvenv/lib/python3.10/site-packages/pip/_vendor/pyparsing/diagram) by extension 'python_setup_py'
[1.051s] Level 1:colcon.colcon_core.package_identification:_identify(rospyvenv/lib/python3.10/site-packages/pip/_vendor/pyparsing/diagram/__pycache__) by extensions ['ignore', 'ignore_ament_install']
[1.051s] Level 1:colcon.colcon_core.package_identification:_identify(rospyvenv/lib/python3.10/site-packages/pip/_vendor/pyparsing/diagram/__pycache__) by extension 'ignore'
[1.051s] Level 1:colcon.colcon_core.package_identification:_identify(rospyvenv/lib/python3.10/site-packages/pip/_vendor/pyparsing/diagram/__pycache__) by extension 'ignore_ament_install'
[1.051s] Level 1:colcon.colcon_core.package_identification:_identify(rospyvenv/lib/python3.10/site-packages/pip/_vendor/pyparsing/diagram/__pycache__) by extensions ['colcon_pkg']
[1.051s] Level 1:colcon.colcon_core.package_identification:_identify(rospyvenv/lib/python3.10/site-packages/pip/_vendor/pyparsing/diagram/__pycache__) by extension 'colcon_pkg'
[1.051s] Level 1:colcon.colcon_core.package_identification:_identify(rospyvenv/lib/python3.10/site-packages/pip/_vendor/pyparsing/diagram/__pycache__) by extensions ['colcon_meta']
[1.051s] Level 1:colcon.colcon_core.package_identification:_identify(rospyvenv/lib/python3.10/site-packages/pip/_vendor/pyparsing/diagram/__pycache__) by extension 'colcon_meta'
[1.051s] Level 1:colcon.colcon_core.package_identification:_identify(rospyvenv/lib/python3.10/site-packages/pip/_vendor/pyparsing/diagram/__pycache__) by extensions ['ros']
[1.051s] Level 1:colcon.colcon_core.package_identification:_identify(rospyvenv/lib/python3.10/site-packages/pip/_vendor/pyparsing/diagram/__pycache__) by extension 'ros'
[1.051s] Level 1:colcon.colcon_core.package_identification:_identify(rospyvenv/lib/python3.10/site-packages/pip/_vendor/pyparsing/diagram/__pycache__) by extensions ['cmake', 'python']
[1.051s] Level 1:colcon.colcon_core.package_identification:_identify(rospyvenv/lib/python3.10/site-packages/pip/_vendor/pyparsing/diagram/__pycache__) by extension 'cmake'
[1.051s] Level 1:colcon.colcon_core.package_identification:_identify(rospyvenv/lib/python3.10/site-packages/pip/_vendor/pyparsing/diagram/__pycache__) by extension 'python'
[1.051s] Level 1:colcon.colcon_core.package_identification:_identify(rospyvenv/lib/python3.10/site-packages/pip/_vendor/pyparsing/diagram/__pycache__) by extensions ['python_setup_py']
[1.051s] Level 1:colcon.colcon_core.package_identification:_identify(rospyvenv/lib/python3.10/site-packages/pip/_vendor/pyparsing/diagram/__pycache__) by extension 'python_setup_py'
[1.051s] Level 1:colcon.colcon_core.package_identification:_identify(rospyvenv/lib/python3.10/site-packages/pip/_vendor/requests) by extensions ['ignore', 'ignore_ament_install']
[1.052s] Level 1:colcon.colcon_core.package_identification:_identify(rospyvenv/lib/python3.10/site-packages/pip/_vendor/requests) by extension 'ignore'
[1.052s] Level 1:colcon.colcon_core.package_identification:_identify(rospyvenv/lib/python3.10/site-packages/pip/_vendor/requests) by extension 'ignore_ament_install'
[1.052s] Level 1:colcon.colcon_core.package_identification:_identify(rospyvenv/lib/python3.10/site-packages/pip/_vendor/requests) by extensions ['colcon_pkg']
[1.052s] Level 1:colcon.colcon_core.package_identification:_identify(rospyvenv/lib/python3.10/site-packages/pip/_vendor/requests) by extension 'colcon_pkg'
[1.052s] Level 1:colcon.colcon_core.package_identification:_identify(rospyvenv/lib/python3.10/site-packages/pip/_vendor/requests) by extensions ['colcon_meta']
[1.052s] Level 1:colcon.colcon_core.package_identification:_identify(rospyvenv/lib/python3.10/site-packages/pip/_vendor/requests) by extension 'colcon_meta'
[1.052s] Level 1:colcon.colcon_core.package_identification:_identify(rospyvenv/lib/python3.10/site-packages/pip/_vendor/requests) by extensions ['ros']
[1.052s] Level 1:colcon.colcon_core.package_identification:_identify(rospyvenv/lib/python3.10/site-packages/pip/_vendor/requests) by extension 'ros'
[1.052s] Level 1:colcon.colcon_core.package_identification:_identify(rospyvenv/lib/python3.10/site-packages/pip/_vendor/requests) by extensions ['cmake', 'python']
[1.052s] Level 1:colcon.colcon_core.package_identification:_identify(rospyvenv/lib/python3.10/site-packages/pip/_vendor/requests) by extension 'cmake'
[1.052s] Level 1:colcon.colcon_core.package_identification:_identify(rospyvenv/lib/python3.10/site-packages/pip/_vendor/requests) by extension 'python'
[1.052s] Level 1:colcon.colcon_core.package_identification:_identify(rospyvenv/lib/python3.10/site-packages/pip/_vendor/requests) by extensions ['python_setup_py']
[1.052s] Level 1:colcon.colcon_core.package_identification:_identify(rospyvenv/lib/python3.10/site-packages/pip/_vendor/requests) by extension 'python_setup_py'
[1.052s] Level 1:colcon.colcon_core.package_identification:_identify(rospyvenv/lib/python3.10/site-packages/pip/_vendor/requests/__pycache__) by extensions ['ignore', 'ignore_ament_install']
[1.053s] Level 1:colcon.colcon_core.package_identification:_identify(rospyvenv/lib/python3.10/site-packages/pip/_vendor/requests/__pycache__) by extension 'ignore'
[1.053s] Level 1:colcon.colcon_core.package_identification:_identify(rospyvenv/lib/python3.10/site-packages/pip/_vendor/requests/__pycache__) by extension 'ignore_ament_install'
[1.053s] Level 1:colcon.colcon_core.package_identification:_identify(rospyvenv/lib/python3.10/site-packages/pip/_vendor/requests/__pycache__) by extensions ['colcon_pkg']
[1.053s] Level 1:colcon.colcon_core.package_identification:_identify(rospyvenv/lib/python3.10/site-packages/pip/_vendor/requests/__pycache__) by extension 'colcon_pkg'
[1.053s] Level 1:colcon.colcon_core.package_identification:_identify(rospyvenv/lib/python3.10/site-packages/pip/_vendor/requests/__pycache__) by extensions ['colcon_meta']
[1.053s] Level 1:colcon.colcon_core.package_identification:_identify(rospyvenv/lib/python3.10/site-packages/pip/_vendor/requests/__pycache__) by extension 'colcon_meta'
[1.053s] Level 1:colcon.colcon_core.package_identification:_identify(rospyvenv/lib/python3.10/site-packages/pip/_vendor/requests/__pycache__) by extensions ['ros']
[1.053s] Level 1:colcon.colcon_core.package_identification:_identify(rospyvenv/lib/python3.10/site-packages/pip/_vendor/requests/__pycache__) by extension 'ros'
[1.053s] Level 1:colcon.colcon_core.package_identification:_identify(rospyvenv/lib/python3.10/site-packages/pip/_vendor/requests/__pycache__) by extensions ['cmake', 'python']
[1.053s] Level 1:colcon.colcon_core.package_identification:_identify(rospyvenv/lib/python3.10/site-packages/pip/_vendor/requests/__pycache__) by extension 'cmake'
[1.053s] Level 1:colcon.colcon_core.package_identification:_identify(rospyvenv/lib/python3.10/site-packages/pip/_vendor/requests/__pycache__) by extension 'python'
[1.053s] Level 1:colcon.colcon_core.package_identification:_identify(rospyvenv/lib/python3.10/site-packages/pip/_vendor/requests/__pycache__) by extensions ['python_setup_py']
[1.053s] Level 1:colcon.colcon_core.package_identification:_identify(rospyvenv/lib/python3.10/site-packages/pip/_vendor/requests/__pycache__) by extension 'python_setup_py'
[1.053s] Level 1:colcon.colcon_core.package_identification:_identify(rospyvenv/lib/python3.10/site-packages/pip/_vendor/resolvelib) by extensions ['ignore', 'ignore_ament_install']
[1.053s] Level 1:colcon.colcon_core.package_identification:_identify(rospyvenv/lib/python3.10/site-packages/pip/_vendor/resolvelib) by extension 'ignore'
[1.054s] Level 1:colcon.colcon_core.package_identification:_identify(rospyvenv/lib/python3.10/site-packages/pip/_vendor/resolvelib) by extension 'ignore_ament_install'
[1.054s] Level 1:colcon.colcon_core.package_identification:_identify(rospyvenv/lib/python3.10/site-packages/pip/_vendor/resolvelib) by extensions ['colcon_pkg']
[1.054s] Level 1:colcon.colcon_core.package_identification:_identify(rospyvenv/lib/python3.10/site-packages/pip/_vendor/resolvelib) by extension 'colcon_pkg'
[1.054s] Level 1:colcon.colcon_core.package_identification:_identify(rospyvenv/lib/python3.10/site-packages/pip/_vendor/resolvelib) by extensions ['colcon_meta']
[1.054s] Level 1:colcon.colcon_core.package_identification:_identify(rospyvenv/lib/python3.10/site-packages/pip/_vendor/resolvelib) by extension 'colcon_meta'
[1.054s] Level 1:colcon.colcon_core.package_identification:_identify(rospyvenv/lib/python3.10/site-packages/pip/_vendor/resolvelib) by extensions ['ros']
[1.054s] Level 1:colcon.colcon_core.package_identification:_identify(rospyvenv/lib/python3.10/site-packages/pip/_vendor/resolvelib) by extension 'ros'
[1.054s] Level 1:colcon.colcon_core.package_identification:_identify(rospyvenv/lib/python3.10/site-packages/pip/_vendor/resolvelib) by extensions ['cmake', 'python']
[1.054s] Level 1:colcon.colcon_core.package_identification:_identify(rospyvenv/lib/python3.10/site-packages/pip/_vendor/resolvelib) by extension 'cmake'
[1.054s] Level 1:colcon.colcon_core.package_identification:_identify(rospyvenv/lib/python3.10/site-packages/pip/_vendor/resolvelib) by extension 'python'
[1.054s] Level 1:colcon.colcon_core.package_identification:_identify(rospyvenv/lib/python3.10/site-packages/pip/_vendor/resolvelib) by extensions ['python_setup_py']
[1.054s] Level 1:colcon.colcon_core.package_identification:_identify(rospyvenv/lib/python3.10/site-packages/pip/_vendor/resolvelib) by extension 'python_setup_py'
[1.054s] Level 1:colcon.colcon_core.package_identification:_identify(rospyvenv/lib/python3.10/site-packages/pip/_vendor/resolvelib/__pycache__) by extensions ['ignore', 'ignore_ament_install']
[1.054s] Level 1:colcon.colcon_core.package_identification:_identify(rospyvenv/lib/python3.10/site-packages/pip/_vendor/resolvelib/__pycache__) by extension 'ignore'
[1.054s] Level 1:colcon.colcon_core.package_identification:_identify(rospyvenv/lib/python3.10/site-packages/pip/_vendor/resolvelib/__pycache__) by extension 'ignore_ament_install'
[1.055s] Level 1:colcon.colcon_core.package_identification:_identify(rospyvenv/lib/python3.10/site-packages/pip/_vendor/resolvelib/__pycache__) by extensions ['colcon_pkg']
[1.055s] Level 1:colcon.colcon_core.package_identification:_identify(rospyvenv/lib/python3.10/site-packages/pip/_vendor/resolvelib/__pycache__) by extension 'colcon_pkg'
[1.055s] Level 1:colcon.colcon_core.package_identification:_identify(rospyvenv/lib/python3.10/site-packages/pip/_vendor/resolvelib/__pycache__) by extensions ['colcon_meta']
[1.055s] Level 1:colcon.colcon_core.package_identification:_identify(rospyvenv/lib/python3.10/site-packages/pip/_vendor/resolvelib/__pycache__) by extension 'colcon_meta'
[1.055s] Level 1:colcon.colcon_core.package_identification:_identify(rospyvenv/lib/python3.10/site-packages/pip/_vendor/resolvelib/__pycache__) by extensions ['ros']
[1.055s] Level 1:colcon.colcon_core.package_identification:_identify(rospyvenv/lib/python3.10/site-packages/pip/_vendor/resolvelib/__pycache__) by extension 'ros'
[1.055s] Level 1:colcon.colcon_core.package_identification:_identify(rospyvenv/lib/python3.10/site-packages/pip/_vendor/resolvelib/__pycache__) by extensions ['cmake', 'python']
[1.055s] Level 1:colcon.colcon_core.package_identification:_identify(rospyvenv/lib/python3.10/site-packages/pip/_vendor/resolvelib/__pycache__) by extension 'cmake'
[1.055s] Level 1:colcon.colcon_core.package_identification:_identify(rospyvenv/lib/python3.10/site-packages/pip/_vendor/resolvelib/__pycache__) by extension 'python'
[1.055s] Level 1:colcon.colcon_core.package_identification:_identify(rospyvenv/lib/python3.10/site-packages/pip/_vendor/resolvelib/__pycache__) by extensions ['python_setup_py']
[1.055s] Level 1:colcon.colcon_core.package_identification:_identify(rospyvenv/lib/python3.10/site-packages/pip/_vendor/resolvelib/__pycache__) by extension 'python_setup_py'
[1.055s] Level 1:colcon.colcon_core.package_identification:_identify(rospyvenv/lib/python3.10/site-packages/pip/_vendor/resolvelib/compat) by extensions ['ignore', 'ignore_ament_install']
[1.055s] Level 1:colcon.colcon_core.package_identification:_identify(rospyvenv/lib/python3.10/site-packages/pip/_vendor/resolvelib/compat) by extension 'ignore'
[1.055s] Level 1:colcon.colcon_core.package_identification:_identify(rospyvenv/lib/python3.10/site-packages/pip/_vendor/resolvelib/compat) by extension 'ignore_ament_install'
[1.056s] Level 1:colcon.colcon_core.package_identification:_identify(rospyvenv/lib/python3.10/site-packages/pip/_vendor/resolvelib/compat) by extensions ['colcon_pkg']
[1.056s] Level 1:colcon.colcon_core.package_identification:_identify(rospyvenv/lib/python3.10/site-packages/pip/_vendor/resolvelib/compat) by extension 'colcon_pkg'
[1.056s] Level 1:colcon.colcon_core.package_identification:_identify(rospyvenv/lib/python3.10/site-packages/pip/_vendor/resolvelib/compat) by extensions ['colcon_meta']
[1.056s] Level 1:colcon.colcon_core.package_identification:_identify(rospyvenv/lib/python3.10/site-packages/pip/_vendor/resolvelib/compat) by extension 'colcon_meta'
[1.056s] Level 1:colcon.colcon_core.package_identification:_identify(rospyvenv/lib/python3.10/site-packages/pip/_vendor/resolvelib/compat) by extensions ['ros']
[1.056s] Level 1:colcon.colcon_core.package_identification:_identify(rospyvenv/lib/python3.10/site-packages/pip/_vendor/resolvelib/compat) by extension 'ros'
[1.056s] Level 1:colcon.colcon_core.package_identification:_identify(rospyvenv/lib/python3.10/site-packages/pip/_vendor/resolvelib/compat) by extensions ['cmake', 'python']
[1.056s] Level 1:colcon.colcon_core.package_identification:_identify(rospyvenv/lib/python3.10/site-packages/pip/_vendor/resolvelib/compat) by extension 'cmake'
[1.056s] Level 1:colcon.colcon_core.package_identification:_identify(rospyvenv/lib/python3.10/site-packages/pip/_vendor/resolvelib/compat) by extension 'python'
[1.056s] Level 1:colcon.colcon_core.package_identification:_identify(rospyvenv/lib/python3.10/site-packages/pip/_vendor/resolvelib/compat) by extensions ['python_setup_py']
[1.056s] Level 1:colcon.colcon_core.package_identification:_identify(rospyvenv/lib/python3.10/site-packages/pip/_vendor/resolvelib/compat) by extension 'python_setup_py'
[1.056s] Level 1:colcon.colcon_core.package_identification:_identify(rospyvenv/lib/python3.10/site-packages/pip/_vendor/resolvelib/compat/__pycache__) by extensions ['ignore', 'ignore_ament_install']
[1.056s] Level 1:colcon.colcon_core.package_identification:_identify(rospyvenv/lib/python3.10/site-packages/pip/_vendor/resolvelib/compat/__pycache__) by extension 'ignore'
[1.056s] Level 1:colcon.colcon_core.package_identification:_identify(rospyvenv/lib/python3.10/site-packages/pip/_vendor/resolvelib/compat/__pycache__) by extension 'ignore_ament_install'
[1.056s] Level 1:colcon.colcon_core.package_identification:_identify(rospyvenv/lib/python3.10/site-packages/pip/_vendor/resolvelib/compat/__pycache__) by extensions ['colcon_pkg']
[1.056s] Level 1:colcon.colcon_core.package_identification:_identify(rospyvenv/lib/python3.10/site-packages/pip/_vendor/resolvelib/compat/__pycache__) by extension 'colcon_pkg'
[1.056s] Level 1:colcon.colcon_core.package_identification:_identify(rospyvenv/lib/python3.10/site-packages/pip/_vendor/resolvelib/compat/__pycache__) by extensions ['colcon_meta']
[1.057s] Level 1:colcon.colcon_core.package_identification:_identify(rospyvenv/lib/python3.10/site-packages/pip/_vendor/resolvelib/compat/__pycache__) by extension 'colcon_meta'
[1.057s] Level 1:colcon.colcon_core.package_identification:_identify(rospyvenv/lib/python3.10/site-packages/pip/_vendor/resolvelib/compat/__pycache__) by extensions ['ros']
[1.057s] Level 1:colcon.colcon_core.package_identification:_identify(rospyvenv/lib/python3.10/site-packages/pip/_vendor/resolvelib/compat/__pycache__) by extension 'ros'
[1.057s] Level 1:colcon.colcon_core.package_identification:_identify(rospyvenv/lib/python3.10/site-packages/pip/_vendor/resolvelib/compat/__pycache__) by extensions ['cmake', 'python']
[1.057s] Level 1:colcon.colcon_core.package_identification:_identify(rospyvenv/lib/python3.10/site-packages/pip/_vendor/resolvelib/compat/__pycache__) by extension 'cmake'
[1.057s] Level 1:colcon.colcon_core.package_identification:_identify(rospyvenv/lib/python3.10/site-packages/pip/_vendor/resolvelib/compat/__pycache__) by extension 'python'
[1.057s] Level 1:colcon.colcon_core.package_identification:_identify(rospyvenv/lib/python3.10/site-packages/pip/_vendor/resolvelib/compat/__pycache__) by extensions ['python_setup_py']
[1.057s] Level 1:colcon.colcon_core.package_identification:_identify(rospyvenv/lib/python3.10/site-packages/pip/_vendor/resolvelib/compat/__pycache__) by extension 'python_setup_py'
[1.057s] Level 1:colcon.colcon_core.package_identification:_identify(rospyvenv/lib/python3.10/site-packages/pip/_vendor/rich) by extensions ['ignore', 'ignore_ament_install']
[1.057s] Level 1:colcon.colcon_core.package_identification:_identify(rospyvenv/lib/python3.10/site-packages/pip/_vendor/rich) by extension 'ignore'
[1.057s] Level 1:colcon.colcon_core.package_identification:_identify(rospyvenv/lib/python3.10/site-packages/pip/_vendor/rich) by extension 'ignore_ament_install'
[1.058s] Level 1:colcon.colcon_core.package_identification:_identify(rospyvenv/lib/python3.10/site-packages/pip/_vendor/rich) by extensions ['colcon_pkg']
[1.058s] Level 1:colcon.colcon_core.package_identification:_identify(rospyvenv/lib/python3.10/site-packages/pip/_vendor/rich) by extension 'colcon_pkg'
[1.058s] Level 1:colcon.colcon_core.package_identification:_identify(rospyvenv/lib/python3.10/site-packages/pip/_vendor/rich) by extensions ['colcon_meta']
[1.058s] Level 1:colcon.colcon_core.package_identification:_identify(rospyvenv/lib/python3.10/site-packages/pip/_vendor/rich) by extension 'colcon_meta'
[1.058s] Level 1:colcon.colcon_core.package_identification:_identify(rospyvenv/lib/python3.10/site-packages/pip/_vendor/rich) by extensions ['ros']
[1.058s] Level 1:colcon.colcon_core.package_identification:_identify(rospyvenv/lib/python3.10/site-packages/pip/_vendor/rich) by extension 'ros'
[1.058s] Level 1:colcon.colcon_core.package_identification:_identify(rospyvenv/lib/python3.10/site-packages/pip/_vendor/rich) by extensions ['cmake', 'python']
[1.058s] Level 1:colcon.colcon_core.package_identification:_identify(rospyvenv/lib/python3.10/site-packages/pip/_vendor/rich) by extension 'cmake'
[1.058s] Level 1:colcon.colcon_core.package_identification:_identify(rospyvenv/lib/python3.10/site-packages/pip/_vendor/rich) by extension 'python'
[1.058s] Level 1:colcon.colcon_core.package_identification:_identify(rospyvenv/lib/python3.10/site-packages/pip/_vendor/rich) by extensions ['python_setup_py']
[1.058s] Level 1:colcon.colcon_core.package_identification:_identify(rospyvenv/lib/python3.10/site-packages/pip/_vendor/rich) by extension 'python_setup_py'
[1.058s] Level 1:colcon.colcon_core.package_identification:_identify(rospyvenv/lib/python3.10/site-packages/pip/_vendor/rich/__pycache__) by extensions ['ignore', 'ignore_ament_install']
[1.058s] Level 1:colcon.colcon_core.package_identification:_identify(rospyvenv/lib/python3.10/site-packages/pip/_vendor/rich/__pycache__) by extension 'ignore'
[1.058s] Level 1:colcon.colcon_core.package_identification:_identify(rospyvenv/lib/python3.10/site-packages/pip/_vendor/rich/__pycache__) by extension 'ignore_ament_install'
[1.058s] Level 1:colcon.colcon_core.package_identification:_identify(rospyvenv/lib/python3.10/site-packages/pip/_vendor/rich/__pycache__) by extensions ['colcon_pkg']
[1.058s] Level 1:colcon.colcon_core.package_identification:_identify(rospyvenv/lib/python3.10/site-packages/pip/_vendor/rich/__pycache__) by extension 'colcon_pkg'
[1.058s] Level 1:colcon.colcon_core.package_identification:_identify(rospyvenv/lib/python3.10/site-packages/pip/_vendor/rich/__pycache__) by extensions ['colcon_meta']
[1.058s] Level 1:colcon.colcon_core.package_identification:_identify(rospyvenv/lib/python3.10/site-packages/pip/_vendor/rich/__pycache__) by extension 'colcon_meta'
[1.059s] Level 1:colcon.colcon_core.package_identification:_identify(rospyvenv/lib/python3.10/site-packages/pip/_vendor/rich/__pycache__) by extensions ['ros']
[1.059s] Level 1:colcon.colcon_core.package_identification:_identify(rospyvenv/lib/python3.10/site-packages/pip/_vendor/rich/__pycache__) by extension 'ros'
[1.059s] Level 1:colcon.colcon_core.package_identification:_identify(rospyvenv/lib/python3.10/site-packages/pip/_vendor/rich/__pycache__) by extensions ['cmake', 'python']
[1.059s] Level 1:colcon.colcon_core.package_identification:_identify(rospyvenv/lib/python3.10/site-packages/pip/_vendor/rich/__pycache__) by extension 'cmake'
[1.059s] Level 1:colcon.colcon_core.package_identification:_identify(rospyvenv/lib/python3.10/site-packages/pip/_vendor/rich/__pycache__) by extension 'python'
[1.059s] Level 1:colcon.colcon_core.package_identification:_identify(rospyvenv/lib/python3.10/site-packages/pip/_vendor/rich/__pycache__) by extensions ['python_setup_py']
[1.059s] Level 1:colcon.colcon_core.package_identification:_identify(rospyvenv/lib/python3.10/site-packages/pip/_vendor/rich/__pycache__) by extension 'python_setup_py'
[1.059s] Level 1:colcon.colcon_core.package_identification:_identify(rospyvenv/lib/python3.10/site-packages/pip/_vendor/tenacity) by extensions ['ignore', 'ignore_ament_install']
[1.059s] Level 1:colcon.colcon_core.package_identification:_identify(rospyvenv/lib/python3.10/site-packages/pip/_vendor/tenacity) by extension 'ignore'
[1.059s] Level 1:colcon.colcon_core.package_identification:_identify(rospyvenv/lib/python3.10/site-packages/pip/_vendor/tenacity) by extension 'ignore_ament_install'
[1.059s] Level 1:colcon.colcon_core.package_identification:_identify(rospyvenv/lib/python3.10/site-packages/pip/_vendor/tenacity) by extensions ['colcon_pkg']
[1.059s] Level 1:colcon.colcon_core.package_identification:_identify(rospyvenv/lib/python3.10/site-packages/pip/_vendor/tenacity) by extension 'colcon_pkg'
[1.059s] Level 1:colcon.colcon_core.package_identification:_identify(rospyvenv/lib/python3.10/site-packages/pip/_vendor/tenacity) by extensions ['colcon_meta']
[1.060s] Level 1:colcon.colcon_core.package_identification:_identify(rospyvenv/lib/python3.10/site-packages/pip/_vendor/tenacity) by extension 'colcon_meta'
[1.060s] Level 1:colcon.colcon_core.package_identification:_identify(rospyvenv/lib/python3.10/site-packages/pip/_vendor/tenacity) by extensions ['ros']
[1.060s] Level 1:colcon.colcon_core.package_identification:_identify(rospyvenv/lib/python3.10/site-packages/pip/_vendor/tenacity) by extension 'ros'
[1.060s] Level 1:colcon.colcon_core.package_identification:_identify(rospyvenv/lib/python3.10/site-packages/pip/_vendor/tenacity) by extensions ['cmake', 'python']
[1.060s] Level 1:colcon.colcon_core.package_identification:_identify(rospyvenv/lib/python3.10/site-packages/pip/_vendor/tenacity) by extension 'cmake'
[1.060s] Level 1:colcon.colcon_core.package_identification:_identify(rospyvenv/lib/python3.10/site-packages/pip/_vendor/tenacity) by extension 'python'
[1.060s] Level 1:colcon.colcon_core.package_identification:_identify(rospyvenv/lib/python3.10/site-packages/pip/_vendor/tenacity) by extensions ['python_setup_py']
[1.060s] Level 1:colcon.colcon_core.package_identification:_identify(rospyvenv/lib/python3.10/site-packages/pip/_vendor/tenacity) by extension 'python_setup_py'
[1.060s] Level 1:colcon.colcon_core.package_identification:_identify(rospyvenv/lib/python3.10/site-packages/pip/_vendor/tenacity/__pycache__) by extensions ['ignore', 'ignore_ament_install']
[1.060s] Level 1:colcon.colcon_core.package_identification:_identify(rospyvenv/lib/python3.10/site-packages/pip/_vendor/tenacity/__pycache__) by extension 'ignore'
[1.060s] Level 1:colcon.colcon_core.package_identification:_identify(rospyvenv/lib/python3.10/site-packages/pip/_vendor/tenacity/__pycache__) by extension 'ignore_ament_install'
[1.060s] Level 1:colcon.colcon_core.package_identification:_identify(rospyvenv/lib/python3.10/site-packages/pip/_vendor/tenacity/__pycache__) by extensions ['colcon_pkg']
[1.060s] Level 1:colcon.colcon_core.package_identification:_identify(rospyvenv/lib/python3.10/site-packages/pip/_vendor/tenacity/__pycache__) by extension 'colcon_pkg'
[1.060s] Level 1:colcon.colcon_core.package_identification:_identify(rospyvenv/lib/python3.10/site-packages/pip/_vendor/tenacity/__pycache__) by extensions ['colcon_meta']
[1.060s] Level 1:colcon.colcon_core.package_identification:_identify(rospyvenv/lib/python3.10/site-packages/pip/_vendor/tenacity/__pycache__) by extension 'colcon_meta'
[1.061s] Level 1:colcon.colcon_core.package_identification:_identify(rospyvenv/lib/python3.10/site-packages/pip/_vendor/tenacity/__pycache__) by extensions ['ros']
[1.061s] Level 1:colcon.colcon_core.package_identification:_identify(rospyvenv/lib/python3.10/site-packages/pip/_vendor/tenacity/__pycache__) by extension 'ros'
[1.061s] Level 1:colcon.colcon_core.package_identification:_identify(rospyvenv/lib/python3.10/site-packages/pip/_vendor/tenacity/__pycache__) by extensions ['cmake', 'python']
[1.061s] Level 1:colcon.colcon_core.package_identification:_identify(rospyvenv/lib/python3.10/site-packages/pip/_vendor/tenacity/__pycache__) by extension 'cmake'
[1.061s] Level 1:colcon.colcon_core.package_identification:_identify(rospyvenv/lib/python3.10/site-packages/pip/_vendor/tenacity/__pycache__) by extension 'python'
[1.061s] Level 1:colcon.colcon_core.package_identification:_identify(rospyvenv/lib/python3.10/site-packages/pip/_vendor/tenacity/__pycache__) by extensions ['python_setup_py']
[1.061s] Level 1:colcon.colcon_core.package_identification:_identify(rospyvenv/lib/python3.10/site-packages/pip/_vendor/tenacity/__pycache__) by extension 'python_setup_py'
[1.061s] Level 1:colcon.colcon_core.package_identification:_identify(rospyvenv/lib/python3.10/site-packages/pip/_vendor/tomli) by extensions ['ignore', 'ignore_ament_install']
[1.061s] Level 1:colcon.colcon_core.package_identification:_identify(rospyvenv/lib/python3.10/site-packages/pip/_vendor/tomli) by extension 'ignore'
[1.061s] Level 1:colcon.colcon_core.package_identification:_identify(rospyvenv/lib/python3.10/site-packages/pip/_vendor/tomli) by extension 'ignore_ament_install'
[1.061s] Level 1:colcon.colcon_core.package_identification:_identify(rospyvenv/lib/python3.10/site-packages/pip/_vendor/tomli) by extensions ['colcon_pkg']
[1.061s] Level 1:colcon.colcon_core.package_identification:_identify(rospyvenv/lib/python3.10/site-packages/pip/_vendor/tomli) by extension 'colcon_pkg'
[1.061s] Level 1:colcon.colcon_core.package_identification:_identify(rospyvenv/lib/python3.10/site-packages/pip/_vendor/tomli) by extensions ['colcon_meta']
[1.061s] Level 1:colcon.colcon_core.package_identification:_identify(rospyvenv/lib/python3.10/site-packages/pip/_vendor/tomli) by extension 'colcon_meta'
[1.062s] Level 1:colcon.colcon_core.package_identification:_identify(rospyvenv/lib/python3.10/site-packages/pip/_vendor/tomli) by extensions ['ros']
[1.062s] Level 1:colcon.colcon_core.package_identification:_identify(rospyvenv/lib/python3.10/site-packages/pip/_vendor/tomli) by extension 'ros'
[1.062s] Level 1:colcon.colcon_core.package_identification:_identify(rospyvenv/lib/python3.10/site-packages/pip/_vendor/tomli) by extensions ['cmake', 'python']
[1.062s] Level 1:colcon.colcon_core.package_identification:_identify(rospyvenv/lib/python3.10/site-packages/pip/_vendor/tomli) by extension 'cmake'
[1.062s] Level 1:colcon.colcon_core.package_identification:_identify(rospyvenv/lib/python3.10/site-packages/pip/_vendor/tomli) by extension 'python'
[1.062s] Level 1:colcon.colcon_core.package_identification:_identify(rospyvenv/lib/python3.10/site-packages/pip/_vendor/tomli) by extensions ['python_setup_py']
[1.062s] Level 1:colcon.colcon_core.package_identification:_identify(rospyvenv/lib/python3.10/site-packages/pip/_vendor/tomli) by extension 'python_setup_py'
[1.062s] Level 1:colcon.colcon_core.package_identification:_identify(rospyvenv/lib/python3.10/site-packages/pip/_vendor/tomli/__pycache__) by extensions ['ignore', 'ignore_ament_install']
[1.062s] Level 1:colcon.colcon_core.package_identification:_identify(rospyvenv/lib/python3.10/site-packages/pip/_vendor/tomli/__pycache__) by extension 'ignore'
[1.062s] Level 1:colcon.colcon_core.package_identification:_identify(rospyvenv/lib/python3.10/site-packages/pip/_vendor/tomli/__pycache__) by extension 'ignore_ament_install'
[1.062s] Level 1:colcon.colcon_core.package_identification:_identify(rospyvenv/lib/python3.10/site-packages/pip/_vendor/tomli/__pycache__) by extensions ['colcon_pkg']
[1.062s] Level 1:colcon.colcon_core.package_identification:_identify(rospyvenv/lib/python3.10/site-packages/pip/_vendor/tomli/__pycache__) by extension 'colcon_pkg'
[1.062s] Level 1:colcon.colcon_core.package_identification:_identify(rospyvenv/lib/python3.10/site-packages/pip/_vendor/tomli/__pycache__) by extensions ['colcon_meta']
[1.062s] Level 1:colcon.colcon_core.package_identification:_identify(rospyvenv/lib/python3.10/site-packages/pip/_vendor/tomli/__pycache__) by extension 'colcon_meta'
[1.062s] Level 1:colcon.colcon_core.package_identification:_identify(rospyvenv/lib/python3.10/site-packages/pip/_vendor/tomli/__pycache__) by extensions ['ros']
[1.062s] Level 1:colcon.colcon_core.package_identification:_identify(rospyvenv/lib/python3.10/site-packages/pip/_vendor/tomli/__pycache__) by extension 'ros'
[1.063s] Level 1:colcon.colcon_core.package_identification:_identify(rospyvenv/lib/python3.10/site-packages/pip/_vendor/tomli/__pycache__) by extensions ['cmake', 'python']
[1.063s] Level 1:colcon.colcon_core.package_identification:_identify(rospyvenv/lib/python3.10/site-packages/pip/_vendor/tomli/__pycache__) by extension 'cmake'
[1.063s] Level 1:colcon.colcon_core.package_identification:_identify(rospyvenv/lib/python3.10/site-packages/pip/_vendor/tomli/__pycache__) by extension 'python'
[1.063s] Level 1:colcon.colcon_core.package_identification:_identify(rospyvenv/lib/python3.10/site-packages/pip/_vendor/tomli/__pycache__) by extensions ['python_setup_py']
[1.063s] Level 1:colcon.colcon_core.package_identification:_identify(rospyvenv/lib/python3.10/site-packages/pip/_vendor/tomli/__pycache__) by extension 'python_setup_py'
[1.063s] Level 1:colcon.colcon_core.package_identification:_identify(rospyvenv/lib/python3.10/site-packages/pip/_vendor/urllib3) by extensions ['ignore', 'ignore_ament_install']
[1.063s] Level 1:colcon.colcon_core.package_identification:_identify(rospyvenv/lib/python3.10/site-packages/pip/_vendor/urllib3) by extension 'ignore'
[1.063s] Level 1:colcon.colcon_core.package_identification:_identify(rospyvenv/lib/python3.10/site-packages/pip/_vendor/urllib3) by extension 'ignore_ament_install'
[1.063s] Level 1:colcon.colcon_core.package_identification:_identify(rospyvenv/lib/python3.10/site-packages/pip/_vendor/urllib3) by extensions ['colcon_pkg']
[1.063s] Level 1:colcon.colcon_core.package_identification:_identify(rospyvenv/lib/python3.10/site-packages/pip/_vendor/urllib3) by extension 'colcon_pkg'
[1.063s] Level 1:colcon.colcon_core.package_identification:_identify(rospyvenv/lib/python3.10/site-packages/pip/_vendor/urllib3) by extensions ['colcon_meta']
[1.063s] Level 1:colcon.colcon_core.package_identification:_identify(rospyvenv/lib/python3.10/site-packages/pip/_vendor/urllib3) by extension 'colcon_meta'
[1.063s] Level 1:colcon.colcon_core.package_identification:_identify(rospyvenv/lib/python3.10/site-packages/pip/_vendor/urllib3) by extensions ['ros']
[1.063s] Level 1:colcon.colcon_core.package_identification:_identify(rospyvenv/lib/python3.10/site-packages/pip/_vendor/urllib3) by extension 'ros'
[1.063s] Level 1:colcon.colcon_core.package_identification:_identify(rospyvenv/lib/python3.10/site-packages/pip/_vendor/urllib3) by extensions ['cmake', 'python']
[1.063s] Level 1:colcon.colcon_core.package_identification:_identify(rospyvenv/lib/python3.10/site-packages/pip/_vendor/urllib3) by extension 'cmake'
[1.064s] Level 1:colcon.colcon_core.package_identification:_identify(rospyvenv/lib/python3.10/site-packages/pip/_vendor/urllib3) by extension 'python'
[1.064s] Level 1:colcon.colcon_core.package_identification:_identify(rospyvenv/lib/python3.10/site-packages/pip/_vendor/urllib3) by extensions ['python_setup_py']
[1.064s] Level 1:colcon.colcon_core.package_identification:_identify(rospyvenv/lib/python3.10/site-packages/pip/_vendor/urllib3) by extension 'python_setup_py'
[1.064s] Level 1:colcon.colcon_core.package_identification:_identify(rospyvenv/lib/python3.10/site-packages/pip/_vendor/urllib3/__pycache__) by extensions ['ignore', 'ignore_ament_install']
[1.064s] Level 1:colcon.colcon_core.package_identification:_identify(rospyvenv/lib/python3.10/site-packages/pip/_vendor/urllib3/__pycache__) by extension 'ignore'
[1.064s] Level 1:colcon.colcon_core.package_identification:_identify(rospyvenv/lib/python3.10/site-packages/pip/_vendor/urllib3/__pycache__) by extension 'ignore_ament_install'
[1.064s] Level 1:colcon.colcon_core.package_identification:_identify(rospyvenv/lib/python3.10/site-packages/pip/_vendor/urllib3/__pycache__) by extensions ['colcon_pkg']
[1.064s] Level 1:colcon.colcon_core.package_identification:_identify(rospyvenv/lib/python3.10/site-packages/pip/_vendor/urllib3/__pycache__) by extension 'colcon_pkg'
[1.064s] Level 1:colcon.colcon_core.package_identification:_identify(rospyvenv/lib/python3.10/site-packages/pip/_vendor/urllib3/__pycache__) by extensions ['colcon_meta']
[1.064s] Level 1:colcon.colcon_core.package_identification:_identify(rospyvenv/lib/python3.10/site-packages/pip/_vendor/urllib3/__pycache__) by extension 'colcon_meta'
[1.064s] Level 1:colcon.colcon_core.package_identification:_identify(rospyvenv/lib/python3.10/site-packages/pip/_vendor/urllib3/__pycache__) by extensions ['ros']
[1.064s] Level 1:colcon.colcon_core.package_identification:_identify(rospyvenv/lib/python3.10/site-packages/pip/_vendor/urllib3/__pycache__) by extension 'ros'
[1.064s] Level 1:colcon.colcon_core.package_identification:_identify(rospyvenv/lib/python3.10/site-packages/pip/_vendor/urllib3/__pycache__) by extensions ['cmake', 'python']
[1.064s] Level 1:colcon.colcon_core.package_identification:_identify(rospyvenv/lib/python3.10/site-packages/pip/_vendor/urllib3/__pycache__) by extension 'cmake'
[1.064s] Level 1:colcon.colcon_core.package_identification:_identify(rospyvenv/lib/python3.10/site-packages/pip/_vendor/urllib3/__pycache__) by extension 'python'
[1.065s] Level 1:colcon.colcon_core.package_identification:_identify(rospyvenv/lib/python3.10/site-packages/pip/_vendor/urllib3/__pycache__) by extensions ['python_setup_py']
[1.065s] Level 1:colcon.colcon_core.package_identification:_identify(rospyvenv/lib/python3.10/site-packages/pip/_vendor/urllib3/__pycache__) by extension 'python_setup_py'
[1.065s] Level 1:colcon.colcon_core.package_identification:_identify(rospyvenv/lib/python3.10/site-packages/pip/_vendor/urllib3/contrib) by extensions ['ignore', 'ignore_ament_install']
[1.065s] Level 1:colcon.colcon_core.package_identification:_identify(rospyvenv/lib/python3.10/site-packages/pip/_vendor/urllib3/contrib) by extension 'ignore'
[1.065s] Level 1:colcon.colcon_core.package_identification:_identify(rospyvenv/lib/python3.10/site-packages/pip/_vendor/urllib3/contrib) by extension 'ignore_ament_install'
[1.065s] Level 1:colcon.colcon_core.package_identification:_identify(rospyvenv/lib/python3.10/site-packages/pip/_vendor/urllib3/contrib) by extensions ['colcon_pkg']
[1.065s] Level 1:colcon.colcon_core.package_identification:_identify(rospyvenv/lib/python3.10/site-packages/pip/_vendor/urllib3/contrib) by extension 'colcon_pkg'
[1.065s] Level 1:colcon.colcon_core.package_identification:_identify(rospyvenv/lib/python3.10/site-packages/pip/_vendor/urllib3/contrib) by extensions ['colcon_meta']
[1.065s] Level 1:colcon.colcon_core.package_identification:_identify(rospyvenv/lib/python3.10/site-packages/pip/_vendor/urllib3/contrib) by extension 'colcon_meta'
[1.065s] Level 1:colcon.colcon_core.package_identification:_identify(rospyvenv/lib/python3.10/site-packages/pip/_vendor/urllib3/contrib) by extensions ['ros']
[1.065s] Level 1:colcon.colcon_core.package_identification:_identify(rospyvenv/lib/python3.10/site-packages/pip/_vendor/urllib3/contrib) by extension 'ros'
[1.065s] Level 1:colcon.colcon_core.package_identification:_identify(rospyvenv/lib/python3.10/site-packages/pip/_vendor/urllib3/contrib) by extensions ['cmake', 'python']
[1.065s] Level 1:colcon.colcon_core.package_identification:_identify(rospyvenv/lib/python3.10/site-packages/pip/_vendor/urllib3/contrib) by extension 'cmake'
[1.066s] Level 1:colcon.colcon_core.package_identification:_identify(rospyvenv/lib/python3.10/site-packages/pip/_vendor/urllib3/contrib) by extension 'python'
[1.066s] Level 1:colcon.colcon_core.package_identification:_identify(rospyvenv/lib/python3.10/site-packages/pip/_vendor/urllib3/contrib) by extensions ['python_setup_py']
[1.066s] Level 1:colcon.colcon_core.package_identification:_identify(rospyvenv/lib/python3.10/site-packages/pip/_vendor/urllib3/contrib) by extension 'python_setup_py'
[1.066s] Level 1:colcon.colcon_core.package_identification:_identify(rospyvenv/lib/python3.10/site-packages/pip/_vendor/urllib3/contrib/__pycache__) by extensions ['ignore', 'ignore_ament_install']
[1.066s] Level 1:colcon.colcon_core.package_identification:_identify(rospyvenv/lib/python3.10/site-packages/pip/_vendor/urllib3/contrib/__pycache__) by extension 'ignore'
[1.066s] Level 1:colcon.colcon_core.package_identification:_identify(rospyvenv/lib/python3.10/site-packages/pip/_vendor/urllib3/contrib/__pycache__) by extension 'ignore_ament_install'
[1.066s] Level 1:colcon.colcon_core.package_identification:_identify(rospyvenv/lib/python3.10/site-packages/pip/_vendor/urllib3/contrib/__pycache__) by extensions ['colcon_pkg']
[1.066s] Level 1:colcon.colcon_core.package_identification:_identify(rospyvenv/lib/python3.10/site-packages/pip/_vendor/urllib3/contrib/__pycache__) by extension 'colcon_pkg'
[1.066s] Level 1:colcon.colcon_core.package_identification:_identify(rospyvenv/lib/python3.10/site-packages/pip/_vendor/urllib3/contrib/__pycache__) by extensions ['colcon_meta']
[1.066s] Level 1:colcon.colcon_core.package_identification:_identify(rospyvenv/lib/python3.10/site-packages/pip/_vendor/urllib3/contrib/__pycache__) by extension 'colcon_meta'
[1.066s] Level 1:colcon.colcon_core.package_identification:_identify(rospyvenv/lib/python3.10/site-packages/pip/_vendor/urllib3/contrib/__pycache__) by extensions ['ros']
[1.066s] Level 1:colcon.colcon_core.package_identification:_identify(rospyvenv/lib/python3.10/site-packages/pip/_vendor/urllib3/contrib/__pycache__) by extension 'ros'
[1.066s] Level 1:colcon.colcon_core.package_identification:_identify(rospyvenv/lib/python3.10/site-packages/pip/_vendor/urllib3/contrib/__pycache__) by extensions ['cmake', 'python']
[1.066s] Level 1:colcon.colcon_core.package_identification:_identify(rospyvenv/lib/python3.10/site-packages/pip/_vendor/urllib3/contrib/__pycache__) by extension 'cmake'
[1.066s] Level 1:colcon.colcon_core.package_identification:_identify(rospyvenv/lib/python3.10/site-packages/pip/_vendor/urllib3/contrib/__pycache__) by extension 'python'
[1.066s] Level 1:colcon.colcon_core.package_identification:_identify(rospyvenv/lib/python3.10/site-packages/pip/_vendor/urllib3/contrib/__pycache__) by extensions ['python_setup_py']
[1.066s] Level 1:colcon.colcon_core.package_identification:_identify(rospyvenv/lib/python3.10/site-packages/pip/_vendor/urllib3/contrib/__pycache__) by extension 'python_setup_py'
[1.067s] Level 1:colcon.colcon_core.package_identification:_identify(rospyvenv/lib/python3.10/site-packages/pip/_vendor/urllib3/contrib/_securetransport) by extensions ['ignore', 'ignore_ament_install']
[1.067s] Level 1:colcon.colcon_core.package_identification:_identify(rospyvenv/lib/python3.10/site-packages/pip/_vendor/urllib3/contrib/_securetransport) by extension 'ignore'
[1.067s] Level 1:colcon.colcon_core.package_identification:_identify(rospyvenv/lib/python3.10/site-packages/pip/_vendor/urllib3/contrib/_securetransport) by extension 'ignore_ament_install'
[1.067s] Level 1:colcon.colcon_core.package_identification:_identify(rospyvenv/lib/python3.10/site-packages/pip/_vendor/urllib3/contrib/_securetransport) by extensions ['colcon_pkg']
[1.067s] Level 1:colcon.colcon_core.package_identification:_identify(rospyvenv/lib/python3.10/site-packages/pip/_vendor/urllib3/contrib/_securetransport) by extension 'colcon_pkg'
[1.067s] Level 1:colcon.colcon_core.package_identification:_identify(rospyvenv/lib/python3.10/site-packages/pip/_vendor/urllib3/contrib/_securetransport) by extensions ['colcon_meta']
[1.067s] Level 1:colcon.colcon_core.package_identification:_identify(rospyvenv/lib/python3.10/site-packages/pip/_vendor/urllib3/contrib/_securetransport) by extension 'colcon_meta'
[1.067s] Level 1:colcon.colcon_core.package_identification:_identify(rospyvenv/lib/python3.10/site-packages/pip/_vendor/urllib3/contrib/_securetransport) by extensions ['ros']
[1.067s] Level 1:colcon.colcon_core.package_identification:_identify(rospyvenv/lib/python3.10/site-packages/pip/_vendor/urllib3/contrib/_securetransport) by extension 'ros'
[1.067s] Level 1:colcon.colcon_core.package_identification:_identify(rospyvenv/lib/python3.10/site-packages/pip/_vendor/urllib3/contrib/_securetransport) by extensions ['cmake', 'python']
[1.067s] Level 1:colcon.colcon_core.package_identification:_identify(rospyvenv/lib/python3.10/site-packages/pip/_vendor/urllib3/contrib/_securetransport) by extension 'cmake'
[1.067s] Level 1:colcon.colcon_core.package_identification:_identify(rospyvenv/lib/python3.10/site-packages/pip/_vendor/urllib3/contrib/_securetransport) by extension 'python'
[1.067s] Level 1:colcon.colcon_core.package_identification:_identify(rospyvenv/lib/python3.10/site-packages/pip/_vendor/urllib3/contrib/_securetransport) by extensions ['python_setup_py']
[1.067s] Level 1:colcon.colcon_core.package_identification:_identify(rospyvenv/lib/python3.10/site-packages/pip/_vendor/urllib3/contrib/_securetransport) by extension 'python_setup_py'
[1.068s] Level 1:colcon.colcon_core.package_identification:_identify(rospyvenv/lib/python3.10/site-packages/pip/_vendor/urllib3/contrib/_securetransport/__pycache__) by extensions ['ignore', 'ignore_ament_install']
[1.068s] Level 1:colcon.colcon_core.package_identification:_identify(rospyvenv/lib/python3.10/site-packages/pip/_vendor/urllib3/contrib/_securetransport/__pycache__) by extension 'ignore'
[1.068s] Level 1:colcon.colcon_core.package_identification:_identify(rospyvenv/lib/python3.10/site-packages/pip/_vendor/urllib3/contrib/_securetransport/__pycache__) by extension 'ignore_ament_install'
[1.068s] Level 1:colcon.colcon_core.package_identification:_identify(rospyvenv/lib/python3.10/site-packages/pip/_vendor/urllib3/contrib/_securetransport/__pycache__) by extensions ['colcon_pkg']
[1.068s] Level 1:colcon.colcon_core.package_identification:_identify(rospyvenv/lib/python3.10/site-packages/pip/_vendor/urllib3/contrib/_securetransport/__pycache__) by extension 'colcon_pkg'
[1.068s] Level 1:colcon.colcon_core.package_identification:_identify(rospyvenv/lib/python3.10/site-packages/pip/_vendor/urllib3/contrib/_securetransport/__pycache__) by extensions ['colcon_meta']
[1.068s] Level 1:colcon.colcon_core.package_identification:_identify(rospyvenv/lib/python3.10/site-packages/pip/_vendor/urllib3/contrib/_securetransport/__pycache__) by extension 'colcon_meta'
[1.068s] Level 1:colcon.colcon_core.package_identification:_identify(rospyvenv/lib/python3.10/site-packages/pip/_vendor/urllib3/contrib/_securetransport/__pycache__) by extensions ['ros']
[1.068s] Level 1:colcon.colcon_core.package_identification:_identify(rospyvenv/lib/python3.10/site-packages/pip/_vendor/urllib3/contrib/_securetransport/__pycache__) by extension 'ros'
[1.068s] Level 1:colcon.colcon_core.package_identification:_identify(rospyvenv/lib/python3.10/site-packages/pip/_vendor/urllib3/contrib/_securetransport/__pycache__) by extensions ['cmake', 'python']
[1.068s] Level 1:colcon.colcon_core.package_identification:_identify(rospyvenv/lib/python3.10/site-packages/pip/_vendor/urllib3/contrib/_securetransport/__pycache__) by extension 'cmake'
[1.068s] Level 1:colcon.colcon_core.package_identification:_identify(rospyvenv/lib/python3.10/site-packages/pip/_vendor/urllib3/contrib/_securetransport/__pycache__) by extension 'python'
[1.068s] Level 1:colcon.colcon_core.package_identification:_identify(rospyvenv/lib/python3.10/site-packages/pip/_vendor/urllib3/contrib/_securetransport/__pycache__) by extensions ['python_setup_py']
[1.068s] Level 1:colcon.colcon_core.package_identification:_identify(rospyvenv/lib/python3.10/site-packages/pip/_vendor/urllib3/contrib/_securetransport/__pycache__) by extension 'python_setup_py'
[1.069s] Level 1:colcon.colcon_core.package_identification:_identify(rospyvenv/lib/python3.10/site-packages/pip/_vendor/urllib3/packages) by extensions ['ignore', 'ignore_ament_install']
[1.069s] Level 1:colcon.colcon_core.package_identification:_identify(rospyvenv/lib/python3.10/site-packages/pip/_vendor/urllib3/packages) by extension 'ignore'
[1.069s] Level 1:colcon.colcon_core.package_identification:_identify(rospyvenv/lib/python3.10/site-packages/pip/_vendor/urllib3/packages) by extension 'ignore_ament_install'
[1.069s] Level 1:colcon.colcon_core.package_identification:_identify(rospyvenv/lib/python3.10/site-packages/pip/_vendor/urllib3/packages) by extensions ['colcon_pkg']
[1.069s] Level 1:colcon.colcon_core.package_identification:_identify(rospyvenv/lib/python3.10/site-packages/pip/_vendor/urllib3/packages) by extension 'colcon_pkg'
[1.069s] Level 1:colcon.colcon_core.package_identification:_identify(rospyvenv/lib/python3.10/site-packages/pip/_vendor/urllib3/packages) by extensions ['colcon_meta']
[1.069s] Level 1:colcon.colcon_core.package_identification:_identify(rospyvenv/lib/python3.10/site-packages/pip/_vendor/urllib3/packages) by extension 'colcon_meta'
[1.069s] Level 1:colcon.colcon_core.package_identification:_identify(rospyvenv/lib/python3.10/site-packages/pip/_vendor/urllib3/packages) by extensions ['ros']
[1.069s] Level 1:colcon.colcon_core.package_identification:_identify(rospyvenv/lib/python3.10/site-packages/pip/_vendor/urllib3/packages) by extension 'ros'
[1.069s] Level 1:colcon.colcon_core.package_identification:_identify(rospyvenv/lib/python3.10/site-packages/pip/_vendor/urllib3/packages) by extensions ['cmake', 'python']
[1.069s] Level 1:colcon.colcon_core.package_identification:_identify(rospyvenv/lib/python3.10/site-packages/pip/_vendor/urllib3/packages) by extension 'cmake'
[1.069s] Level 1:colcon.colcon_core.package_identification:_identify(rospyvenv/lib/python3.10/site-packages/pip/_vendor/urllib3/packages) by extension 'python'
[1.069s] Level 1:colcon.colcon_core.package_identification:_identify(rospyvenv/lib/python3.10/site-packages/pip/_vendor/urllib3/packages) by extensions ['python_setup_py']
[1.069s] Level 1:colcon.colcon_core.package_identification:_identify(rospyvenv/lib/python3.10/site-packages/pip/_vendor/urllib3/packages) by extension 'python_setup_py'
[1.070s] Level 1:colcon.colcon_core.package_identification:_identify(rospyvenv/lib/python3.10/site-packages/pip/_vendor/urllib3/packages/__pycache__) by extensions ['ignore', 'ignore_ament_install']
[1.070s] Level 1:colcon.colcon_core.package_identification:_identify(rospyvenv/lib/python3.10/site-packages/pip/_vendor/urllib3/packages/__pycache__) by extension 'ignore'
[1.070s] Level 1:colcon.colcon_core.package_identification:_identify(rospyvenv/lib/python3.10/site-packages/pip/_vendor/urllib3/packages/__pycache__) by extension 'ignore_ament_install'
[1.070s] Level 1:colcon.colcon_core.package_identification:_identify(rospyvenv/lib/python3.10/site-packages/pip/_vendor/urllib3/packages/__pycache__) by extensions ['colcon_pkg']
[1.070s] Level 1:colcon.colcon_core.package_identification:_identify(rospyvenv/lib/python3.10/site-packages/pip/_vendor/urllib3/packages/__pycache__) by extension 'colcon_pkg'
[1.070s] Level 1:colcon.colcon_core.package_identification:_identify(rospyvenv/lib/python3.10/site-packages/pip/_vendor/urllib3/packages/__pycache__) by extensions ['colcon_meta']
[1.070s] Level 1:colcon.colcon_core.package_identification:_identify(rospyvenv/lib/python3.10/site-packages/pip/_vendor/urllib3/packages/__pycache__) by extension 'colcon_meta'
[1.070s] Level 1:colcon.colcon_core.package_identification:_identify(rospyvenv/lib/python3.10/site-packages/pip/_vendor/urllib3/packages/__pycache__) by extensions ['ros']
[1.070s] Level 1:colcon.colcon_core.package_identification:_identify(rospyvenv/lib/python3.10/site-packages/pip/_vendor/urllib3/packages/__pycache__) by extension 'ros'
[1.070s] Level 1:colcon.colcon_core.package_identification:_identify(rospyvenv/lib/python3.10/site-packages/pip/_vendor/urllib3/packages/__pycache__) by extensions ['cmake', 'python']
[1.070s] Level 1:colcon.colcon_core.package_identification:_identify(rospyvenv/lib/python3.10/site-packages/pip/_vendor/urllib3/packages/__pycache__) by extension 'cmake'
[1.070s] Level 1:colcon.colcon_core.package_identification:_identify(rospyvenv/lib/python3.10/site-packages/pip/_vendor/urllib3/packages/__pycache__) by extension 'python'
[1.070s] Level 1:colcon.colcon_core.package_identification:_identify(rospyvenv/lib/python3.10/site-packages/pip/_vendor/urllib3/packages/__pycache__) by extensions ['python_setup_py']
[1.070s] Level 1:colcon.colcon_core.package_identification:_identify(rospyvenv/lib/python3.10/site-packages/pip/_vendor/urllib3/packages/__pycache__) by extension 'python_setup_py'
[1.071s] Level 1:colcon.colcon_core.package_identification:_identify(rospyvenv/lib/python3.10/site-packages/pip/_vendor/urllib3/packages/backports) by extensions ['ignore', 'ignore_ament_install']
[1.071s] Level 1:colcon.colcon_core.package_identification:_identify(rospyvenv/lib/python3.10/site-packages/pip/_vendor/urllib3/packages/backports) by extension 'ignore'
[1.071s] Level 1:colcon.colcon_core.package_identification:_identify(rospyvenv/lib/python3.10/site-packages/pip/_vendor/urllib3/packages/backports) by extension 'ignore_ament_install'
[1.071s] Level 1:colcon.colcon_core.package_identification:_identify(rospyvenv/lib/python3.10/site-packages/pip/_vendor/urllib3/packages/backports) by extensions ['colcon_pkg']
[1.071s] Level 1:colcon.colcon_core.package_identification:_identify(rospyvenv/lib/python3.10/site-packages/pip/_vendor/urllib3/packages/backports) by extension 'colcon_pkg'
[1.071s] Level 1:colcon.colcon_core.package_identification:_identify(rospyvenv/lib/python3.10/site-packages/pip/_vendor/urllib3/packages/backports) by extensions ['colcon_meta']
[1.071s] Level 1:colcon.colcon_core.package_identification:_identify(rospyvenv/lib/python3.10/site-packages/pip/_vendor/urllib3/packages/backports) by extension 'colcon_meta'
[1.071s] Level 1:colcon.colcon_core.package_identification:_identify(rospyvenv/lib/python3.10/site-packages/pip/_vendor/urllib3/packages/backports) by extensions ['ros']
[1.071s] Level 1:colcon.colcon_core.package_identification:_identify(rospyvenv/lib/python3.10/site-packages/pip/_vendor/urllib3/packages/backports) by extension 'ros'
[1.071s] Level 1:colcon.colcon_core.package_identification:_identify(rospyvenv/lib/python3.10/site-packages/pip/_vendor/urllib3/packages/backports) by extensions ['cmake', 'python']
[1.071s] Level 1:colcon.colcon_core.package_identification:_identify(rospyvenv/lib/python3.10/site-packages/pip/_vendor/urllib3/packages/backports) by extension 'cmake'
[1.071s] Level 1:colcon.colcon_core.package_identification:_identify(rospyvenv/lib/python3.10/site-packages/pip/_vendor/urllib3/packages/backports) by extension 'python'
[1.071s] Level 1:colcon.colcon_core.package_identification:_identify(rospyvenv/lib/python3.10/site-packages/pip/_vendor/urllib3/packages/backports) by extensions ['python_setup_py']
[1.071s] Level 1:colcon.colcon_core.package_identification:_identify(rospyvenv/lib/python3.10/site-packages/pip/_vendor/urllib3/packages/backports) by extension 'python_setup_py'
[1.072s] Level 1:colcon.colcon_core.package_identification:_identify(rospyvenv/lib/python3.10/site-packages/pip/_vendor/urllib3/packages/backports/__pycache__) by extensions ['ignore', 'ignore_ament_install']
[1.072s] Level 1:colcon.colcon_core.package_identification:_identify(rospyvenv/lib/python3.10/site-packages/pip/_vendor/urllib3/packages/backports/__pycache__) by extension 'ignore'
[1.072s] Level 1:colcon.colcon_core.package_identification:_identify(rospyvenv/lib/python3.10/site-packages/pip/_vendor/urllib3/packages/backports/__pycache__) by extension 'ignore_ament_install'
[1.072s] Level 1:colcon.colcon_core.package_identification:_identify(rospyvenv/lib/python3.10/site-packages/pip/_vendor/urllib3/packages/backports/__pycache__) by extensions ['colcon_pkg']
[1.072s] Level 1:colcon.colcon_core.package_identification:_identify(rospyvenv/lib/python3.10/site-packages/pip/_vendor/urllib3/packages/backports/__pycache__) by extension 'colcon_pkg'
[1.072s] Level 1:colcon.colcon_core.package_identification:_identify(rospyvenv/lib/python3.10/site-packages/pip/_vendor/urllib3/packages/backports/__pycache__) by extensions ['colcon_meta']
[1.072s] Level 1:colcon.colcon_core.package_identification:_identify(rospyvenv/lib/python3.10/site-packages/pip/_vendor/urllib3/packages/backports/__pycache__) by extension 'colcon_meta'
[1.072s] Level 1:colcon.colcon_core.package_identification:_identify(rospyvenv/lib/python3.10/site-packages/pip/_vendor/urllib3/packages/backports/__pycache__) by extensions ['ros']
[1.072s] Level 1:colcon.colcon_core.package_identification:_identify(rospyvenv/lib/python3.10/site-packages/pip/_vendor/urllib3/packages/backports/__pycache__) by extension 'ros'
[1.072s] Level 1:colcon.colcon_core.package_identification:_identify(rospyvenv/lib/python3.10/site-packages/pip/_vendor/urllib3/packages/backports/__pycache__) by extensions ['cmake', 'python']
[1.072s] Level 1:colcon.colcon_core.package_identification:_identify(rospyvenv/lib/python3.10/site-packages/pip/_vendor/urllib3/packages/backports/__pycache__) by extension 'cmake'
[1.072s] Level 1:colcon.colcon_core.package_identification:_identify(rospyvenv/lib/python3.10/site-packages/pip/_vendor/urllib3/packages/backports/__pycache__) by extension 'python'
[1.072s] Level 1:colcon.colcon_core.package_identification:_identify(rospyvenv/lib/python3.10/site-packages/pip/_vendor/urllib3/packages/backports/__pycache__) by extensions ['python_setup_py']
[1.072s] Level 1:colcon.colcon_core.package_identification:_identify(rospyvenv/lib/python3.10/site-packages/pip/_vendor/urllib3/packages/backports/__pycache__) by extension 'python_setup_py'
[1.072s] Level 1:colcon.colcon_core.package_identification:_identify(rospyvenv/lib/python3.10/site-packages/pip/_vendor/urllib3/util) by extensions ['ignore', 'ignore_ament_install']
[1.073s] Level 1:colcon.colcon_core.package_identification:_identify(rospyvenv/lib/python3.10/site-packages/pip/_vendor/urllib3/util) by extension 'ignore'
[1.073s] Level 1:colcon.colcon_core.package_identification:_identify(rospyvenv/lib/python3.10/site-packages/pip/_vendor/urllib3/util) by extension 'ignore_ament_install'
[1.073s] Level 1:colcon.colcon_core.package_identification:_identify(rospyvenv/lib/python3.10/site-packages/pip/_vendor/urllib3/util) by extensions ['colcon_pkg']
[1.073s] Level 1:colcon.colcon_core.package_identification:_identify(rospyvenv/lib/python3.10/site-packages/pip/_vendor/urllib3/util) by extension 'colcon_pkg'
[1.073s] Level 1:colcon.colcon_core.package_identification:_identify(rospyvenv/lib/python3.10/site-packages/pip/_vendor/urllib3/util) by extensions ['colcon_meta']
[1.073s] Level 1:colcon.colcon_core.package_identification:_identify(rospyvenv/lib/python3.10/site-packages/pip/_vendor/urllib3/util) by extension 'colcon_meta'
[1.073s] Level 1:colcon.colcon_core.package_identification:_identify(rospyvenv/lib/python3.10/site-packages/pip/_vendor/urllib3/util) by extensions ['ros']
[1.073s] Level 1:colcon.colcon_core.package_identification:_identify(rospyvenv/lib/python3.10/site-packages/pip/_vendor/urllib3/util) by extension 'ros'
[1.073s] Level 1:colcon.colcon_core.package_identification:_identify(rospyvenv/lib/python3.10/site-packages/pip/_vendor/urllib3/util) by extensions ['cmake', 'python']
[1.073s] Level 1:colcon.colcon_core.package_identification:_identify(rospyvenv/lib/python3.10/site-packages/pip/_vendor/urllib3/util) by extension 'cmake'
[1.073s] Level 1:colcon.colcon_core.package_identification:_identify(rospyvenv/lib/python3.10/site-packages/pip/_vendor/urllib3/util) by extension 'python'
[1.073s] Level 1:colcon.colcon_core.package_identification:_identify(rospyvenv/lib/python3.10/site-packages/pip/_vendor/urllib3/util) by extensions ['python_setup_py']
[1.073s] Level 1:colcon.colcon_core.package_identification:_identify(rospyvenv/lib/python3.10/site-packages/pip/_vendor/urllib3/util) by extension 'python_setup_py'
[1.073s] Level 1:colcon.colcon_core.package_identification:_identify(rospyvenv/lib/python3.10/site-packages/pip/_vendor/urllib3/util/__pycache__) by extensions ['ignore', 'ignore_ament_install']
[1.073s] Level 1:colcon.colcon_core.package_identification:_identify(rospyvenv/lib/python3.10/site-packages/pip/_vendor/urllib3/util/__pycache__) by extension 'ignore'
[1.074s] Level 1:colcon.colcon_core.package_identification:_identify(rospyvenv/lib/python3.10/site-packages/pip/_vendor/urllib3/util/__pycache__) by extension 'ignore_ament_install'
[1.074s] Level 1:colcon.colcon_core.package_identification:_identify(rospyvenv/lib/python3.10/site-packages/pip/_vendor/urllib3/util/__pycache__) by extensions ['colcon_pkg']
[1.074s] Level 1:colcon.colcon_core.package_identification:_identify(rospyvenv/lib/python3.10/site-packages/pip/_vendor/urllib3/util/__pycache__) by extension 'colcon_pkg'
[1.074s] Level 1:colcon.colcon_core.package_identification:_identify(rospyvenv/lib/python3.10/site-packages/pip/_vendor/urllib3/util/__pycache__) by extensions ['colcon_meta']
[1.074s] Level 1:colcon.colcon_core.package_identification:_identify(rospyvenv/lib/python3.10/site-packages/pip/_vendor/urllib3/util/__pycache__) by extension 'colcon_meta'
[1.074s] Level 1:colcon.colcon_core.package_identification:_identify(rospyvenv/lib/python3.10/site-packages/pip/_vendor/urllib3/util/__pycache__) by extensions ['ros']
[1.074s] Level 1:colcon.colcon_core.package_identification:_identify(rospyvenv/lib/python3.10/site-packages/pip/_vendor/urllib3/util/__pycache__) by extension 'ros'
[1.074s] Level 1:colcon.colcon_core.package_identification:_identify(rospyvenv/lib/python3.10/site-packages/pip/_vendor/urllib3/util/__pycache__) by extensions ['cmake', 'python']
[1.074s] Level 1:colcon.colcon_core.package_identification:_identify(rospyvenv/lib/python3.10/site-packages/pip/_vendor/urllib3/util/__pycache__) by extension 'cmake'
[1.074s] Level 1:colcon.colcon_core.package_identification:_identify(rospyvenv/lib/python3.10/site-packages/pip/_vendor/urllib3/util/__pycache__) by extension 'python'
[1.074s] Level 1:colcon.colcon_core.package_identification:_identify(rospyvenv/lib/python3.10/site-packages/pip/_vendor/urllib3/util/__pycache__) by extensions ['python_setup_py']
[1.074s] Level 1:colcon.colcon_core.package_identification:_identify(rospyvenv/lib/python3.10/site-packages/pip/_vendor/urllib3/util/__pycache__) by extension 'python_setup_py'
[1.074s] Level 1:colcon.colcon_core.package_identification:_identify(rospyvenv/lib/python3.10/site-packages/pip/_vendor/webencodings) by extensions ['ignore', 'ignore_ament_install']
[1.074s] Level 1:colcon.colcon_core.package_identification:_identify(rospyvenv/lib/python3.10/site-packages/pip/_vendor/webencodings) by extension 'ignore'
[1.074s] Level 1:colcon.colcon_core.package_identification:_identify(rospyvenv/lib/python3.10/site-packages/pip/_vendor/webencodings) by extension 'ignore_ament_install'
[1.074s] Level 1:colcon.colcon_core.package_identification:_identify(rospyvenv/lib/python3.10/site-packages/pip/_vendor/webencodings) by extensions ['colcon_pkg']
[1.075s] Level 1:colcon.colcon_core.package_identification:_identify(rospyvenv/lib/python3.10/site-packages/pip/_vendor/webencodings) by extension 'colcon_pkg'
[1.075s] Level 1:colcon.colcon_core.package_identification:_identify(rospyvenv/lib/python3.10/site-packages/pip/_vendor/webencodings) by extensions ['colcon_meta']
[1.075s] Level 1:colcon.colcon_core.package_identification:_identify(rospyvenv/lib/python3.10/site-packages/pip/_vendor/webencodings) by extension 'colcon_meta'
[1.075s] Level 1:colcon.colcon_core.package_identification:_identify(rospyvenv/lib/python3.10/site-packages/pip/_vendor/webencodings) by extensions ['ros']
[1.075s] Level 1:colcon.colcon_core.package_identification:_identify(rospyvenv/lib/python3.10/site-packages/pip/_vendor/webencodings) by extension 'ros'
[1.075s] Level 1:colcon.colcon_core.package_identification:_identify(rospyvenv/lib/python3.10/site-packages/pip/_vendor/webencodings) by extensions ['cmake', 'python']
[1.075s] Level 1:colcon.colcon_core.package_identification:_identify(rospyvenv/lib/python3.10/site-packages/pip/_vendor/webencodings) by extension 'cmake'
[1.075s] Level 1:colcon.colcon_core.package_identification:_identify(rospyvenv/lib/python3.10/site-packages/pip/_vendor/webencodings) by extension 'python'
[1.075s] Level 1:colcon.colcon_core.package_identification:_identify(rospyvenv/lib/python3.10/site-packages/pip/_vendor/webencodings) by extensions ['python_setup_py']
[1.075s] Level 1:colcon.colcon_core.package_identification:_identify(rospyvenv/lib/python3.10/site-packages/pip/_vendor/webencodings) by extension 'python_setup_py'
[1.075s] Level 1:colcon.colcon_core.package_identification:_identify(rospyvenv/lib/python3.10/site-packages/pip/_vendor/webencodings/__pycache__) by extensions ['ignore', 'ignore_ament_install']
[1.075s] Level 1:colcon.colcon_core.package_identification:_identify(rospyvenv/lib/python3.10/site-packages/pip/_vendor/webencodings/__pycache__) by extension 'ignore'
[1.075s] Level 1:colcon.colcon_core.package_identification:_identify(rospyvenv/lib/python3.10/site-packages/pip/_vendor/webencodings/__pycache__) by extension 'ignore_ament_install'
[1.075s] Level 1:colcon.colcon_core.package_identification:_identify(rospyvenv/lib/python3.10/site-packages/pip/_vendor/webencodings/__pycache__) by extensions ['colcon_pkg']
[1.075s] Level 1:colcon.colcon_core.package_identification:_identify(rospyvenv/lib/python3.10/site-packages/pip/_vendor/webencodings/__pycache__) by extension 'colcon_pkg'
[1.075s] Level 1:colcon.colcon_core.package_identification:_identify(rospyvenv/lib/python3.10/site-packages/pip/_vendor/webencodings/__pycache__) by extensions ['colcon_meta']
[1.075s] Level 1:colcon.colcon_core.package_identification:_identify(rospyvenv/lib/python3.10/site-packages/pip/_vendor/webencodings/__pycache__) by extension 'colcon_meta'
[1.076s] Level 1:colcon.colcon_core.package_identification:_identify(rospyvenv/lib/python3.10/site-packages/pip/_vendor/webencodings/__pycache__) by extensions ['ros']
[1.076s] Level 1:colcon.colcon_core.package_identification:_identify(rospyvenv/lib/python3.10/site-packages/pip/_vendor/webencodings/__pycache__) by extension 'ros'
[1.076s] Level 1:colcon.colcon_core.package_identification:_identify(rospyvenv/lib/python3.10/site-packages/pip/_vendor/webencodings/__pycache__) by extensions ['cmake', 'python']
[1.076s] Level 1:colcon.colcon_core.package_identification:_identify(rospyvenv/lib/python3.10/site-packages/pip/_vendor/webencodings/__pycache__) by extension 'cmake'
[1.076s] Level 1:colcon.colcon_core.package_identification:_identify(rospyvenv/lib/python3.10/site-packages/pip/_vendor/webencodings/__pycache__) by extension 'python'
[1.076s] Level 1:colcon.colcon_core.package_identification:_identify(rospyvenv/lib/python3.10/site-packages/pip/_vendor/webencodings/__pycache__) by extensions ['python_setup_py']
[1.076s] Level 1:colcon.colcon_core.package_identification:_identify(rospyvenv/lib/python3.10/site-packages/pip/_vendor/webencodings/__pycache__) by extension 'python_setup_py'
[1.076s] Level 1:colcon.colcon_core.package_identification:_identify(rospyvenv/lib/python3.10/site-packages/pip-22.0.2.dist-info) by extensions ['ignore', 'ignore_ament_install']
[1.076s] Level 1:colcon.colcon_core.package_identification:_identify(rospyvenv/lib/python3.10/site-packages/pip-22.0.2.dist-info) by extension 'ignore'
[1.076s] Level 1:colcon.colcon_core.package_identification:_identify(rospyvenv/lib/python3.10/site-packages/pip-22.0.2.dist-info) by extension 'ignore_ament_install'
[1.076s] Level 1:colcon.colcon_core.package_identification:_identify(rospyvenv/lib/python3.10/site-packages/pip-22.0.2.dist-info) by extensions ['colcon_pkg']
[1.076s] Level 1:colcon.colcon_core.package_identification:_identify(rospyvenv/lib/python3.10/site-packages/pip-22.0.2.dist-info) by extension 'colcon_pkg'
[1.076s] Level 1:colcon.colcon_core.package_identification:_identify(rospyvenv/lib/python3.10/site-packages/pip-22.0.2.dist-info) by extensions ['colcon_meta']
[1.076s] Level 1:colcon.colcon_core.package_identification:_identify(rospyvenv/lib/python3.10/site-packages/pip-22.0.2.dist-info) by extension 'colcon_meta'
[1.077s] Level 1:colcon.colcon_core.package_identification:_identify(rospyvenv/lib/python3.10/site-packages/pip-22.0.2.dist-info) by extensions ['ros']
[1.077s] Level 1:colcon.colcon_core.package_identification:_identify(rospyvenv/lib/python3.10/site-packages/pip-22.0.2.dist-info) by extension 'ros'
[1.077s] Level 1:colcon.colcon_core.package_identification:_identify(rospyvenv/lib/python3.10/site-packages/pip-22.0.2.dist-info) by extensions ['cmake', 'python']
[1.077s] Level 1:colcon.colcon_core.package_identification:_identify(rospyvenv/lib/python3.10/site-packages/pip-22.0.2.dist-info) by extension 'cmake'
[1.077s] Level 1:colcon.colcon_core.package_identification:_identify(rospyvenv/lib/python3.10/site-packages/pip-22.0.2.dist-info) by extension 'python'
[1.077s] Level 1:colcon.colcon_core.package_identification:_identify(rospyvenv/lib/python3.10/site-packages/pip-22.0.2.dist-info) by extensions ['python_setup_py']
[1.077s] Level 1:colcon.colcon_core.package_identification:_identify(rospyvenv/lib/python3.10/site-packages/pip-22.0.2.dist-info) by extension 'python_setup_py'
[1.077s] Level 1:colcon.colcon_core.package_identification:_identify(rospyvenv/lib/python3.10/site-packages/pkg_resources) by extensions ['ignore', 'ignore_ament_install']
[1.077s] Level 1:colcon.colcon_core.package_identification:_identify(rospyvenv/lib/python3.10/site-packages/pkg_resources) by extension 'ignore'
[1.077s] Level 1:colcon.colcon_core.package_identification:_identify(rospyvenv/lib/python3.10/site-packages/pkg_resources) by extension 'ignore_ament_install'
[1.077s] Level 1:colcon.colcon_core.package_identification:_identify(rospyvenv/lib/python3.10/site-packages/pkg_resources) by extensions ['colcon_pkg']
[1.077s] Level 1:colcon.colcon_core.package_identification:_identify(rospyvenv/lib/python3.10/site-packages/pkg_resources) by extension 'colcon_pkg'
[1.077s] Level 1:colcon.colcon_core.package_identification:_identify(rospyvenv/lib/python3.10/site-packages/pkg_resources) by extensions ['colcon_meta']
[1.077s] Level 1:colcon.colcon_core.package_identification:_identify(rospyvenv/lib/python3.10/site-packages/pkg_resources) by extension 'colcon_meta'
[1.077s] Level 1:colcon.colcon_core.package_identification:_identify(rospyvenv/lib/python3.10/site-packages/pkg_resources) by extensions ['ros']
[1.077s] Level 1:colcon.colcon_core.package_identification:_identify(rospyvenv/lib/python3.10/site-packages/pkg_resources) by extension 'ros'
[1.078s] Level 1:colcon.colcon_core.package_identification:_identify(rospyvenv/lib/python3.10/site-packages/pkg_resources) by extensions ['cmake', 'python']
[1.078s] Level 1:colcon.colcon_core.package_identification:_identify(rospyvenv/lib/python3.10/site-packages/pkg_resources) by extension 'cmake'
[1.078s] Level 1:colcon.colcon_core.package_identification:_identify(rospyvenv/lib/python3.10/site-packages/pkg_resources) by extension 'python'
[1.078s] Level 1:colcon.colcon_core.package_identification:_identify(rospyvenv/lib/python3.10/site-packages/pkg_resources) by extensions ['python_setup_py']
[1.078s] Level 1:colcon.colcon_core.package_identification:_identify(rospyvenv/lib/python3.10/site-packages/pkg_resources) by extension 'python_setup_py'
[1.078s] Level 1:colcon.colcon_core.package_identification:_identify(rospyvenv/lib/python3.10/site-packages/pkg_resources/__pycache__) by extensions ['ignore', 'ignore_ament_install']
[1.078s] Level 1:colcon.colcon_core.package_identification:_identify(rospyvenv/lib/python3.10/site-packages/pkg_resources/__pycache__) by extension 'ignore'
[1.078s] Level 1:colcon.colcon_core.package_identification:_identify(rospyvenv/lib/python3.10/site-packages/pkg_resources/__pycache__) by extension 'ignore_ament_install'
[1.078s] Level 1:colcon.colcon_core.package_identification:_identify(rospyvenv/lib/python3.10/site-packages/pkg_resources/__pycache__) by extensions ['colcon_pkg']
[1.078s] Level 1:colcon.colcon_core.package_identification:_identify(rospyvenv/lib/python3.10/site-packages/pkg_resources/__pycache__) by extension 'colcon_pkg'
[1.078s] Level 1:colcon.colcon_core.package_identification:_identify(rospyvenv/lib/python3.10/site-packages/pkg_resources/__pycache__) by extensions ['colcon_meta']
[1.078s] Level 1:colcon.colcon_core.package_identification:_identify(rospyvenv/lib/python3.10/site-packages/pkg_resources/__pycache__) by extension 'colcon_meta'
[1.078s] Level 1:colcon.colcon_core.package_identification:_identify(rospyvenv/lib/python3.10/site-packages/pkg_resources/__pycache__) by extensions ['ros']
[1.078s] Level 1:colcon.colcon_core.package_identification:_identify(rospyvenv/lib/python3.10/site-packages/pkg_resources/__pycache__) by extension 'ros'
[1.078s] Level 1:colcon.colcon_core.package_identification:_identify(rospyvenv/lib/python3.10/site-packages/pkg_resources/__pycache__) by extensions ['cmake', 'python']
[1.078s] Level 1:colcon.colcon_core.package_identification:_identify(rospyvenv/lib/python3.10/site-packages/pkg_resources/__pycache__) by extension 'cmake'
[1.078s] Level 1:colcon.colcon_core.package_identification:_identify(rospyvenv/lib/python3.10/site-packages/pkg_resources/__pycache__) by extension 'python'
[1.078s] Level 1:colcon.colcon_core.package_identification:_identify(rospyvenv/lib/python3.10/site-packages/pkg_resources/__pycache__) by extensions ['python_setup_py']
[1.079s] Level 1:colcon.colcon_core.package_identification:_identify(rospyvenv/lib/python3.10/site-packages/pkg_resources/__pycache__) by extension 'python_setup_py'
[1.079s] Level 1:colcon.colcon_core.package_identification:_identify(rospyvenv/lib/python3.10/site-packages/pkg_resources/_vendor) by extensions ['ignore', 'ignore_ament_install']
[1.079s] Level 1:colcon.colcon_core.package_identification:_identify(rospyvenv/lib/python3.10/site-packages/pkg_resources/_vendor) by extension 'ignore'
[1.079s] Level 1:colcon.colcon_core.package_identification:_identify(rospyvenv/lib/python3.10/site-packages/pkg_resources/_vendor) by extension 'ignore_ament_install'
[1.079s] Level 1:colcon.colcon_core.package_identification:_identify(rospyvenv/lib/python3.10/site-packages/pkg_resources/_vendor) by extensions ['colcon_pkg']
[1.079s] Level 1:colcon.colcon_core.package_identification:_identify(rospyvenv/lib/python3.10/site-packages/pkg_resources/_vendor) by extension 'colcon_pkg'
[1.079s] Level 1:colcon.colcon_core.package_identification:_identify(rospyvenv/lib/python3.10/site-packages/pkg_resources/_vendor) by extensions ['colcon_meta']
[1.079s] Level 1:colcon.colcon_core.package_identification:_identify(rospyvenv/lib/python3.10/site-packages/pkg_resources/_vendor) by extension 'colcon_meta'
[1.079s] Level 1:colcon.colcon_core.package_identification:_identify(rospyvenv/lib/python3.10/site-packages/pkg_resources/_vendor) by extensions ['ros']
[1.079s] Level 1:colcon.colcon_core.package_identification:_identify(rospyvenv/lib/python3.10/site-packages/pkg_resources/_vendor) by extension 'ros'
[1.079s] Level 1:colcon.colcon_core.package_identification:_identify(rospyvenv/lib/python3.10/site-packages/pkg_resources/_vendor) by extensions ['cmake', 'python']
[1.079s] Level 1:colcon.colcon_core.package_identification:_identify(rospyvenv/lib/python3.10/site-packages/pkg_resources/_vendor) by extension 'cmake'
[1.079s] Level 1:colcon.colcon_core.package_identification:_identify(rospyvenv/lib/python3.10/site-packages/pkg_resources/_vendor) by extension 'python'
[1.079s] Level 1:colcon.colcon_core.package_identification:_identify(rospyvenv/lib/python3.10/site-packages/pkg_resources/_vendor) by extensions ['python_setup_py']
[1.079s] Level 1:colcon.colcon_core.package_identification:_identify(rospyvenv/lib/python3.10/site-packages/pkg_resources/_vendor) by extension 'python_setup_py'
[1.080s] Level 1:colcon.colcon_core.package_identification:_identify(rospyvenv/lib/python3.10/site-packages/pkg_resources/_vendor/__pycache__) by extensions ['ignore', 'ignore_ament_install']
[1.080s] Level 1:colcon.colcon_core.package_identification:_identify(rospyvenv/lib/python3.10/site-packages/pkg_resources/_vendor/__pycache__) by extension 'ignore'
[1.080s] Level 1:colcon.colcon_core.package_identification:_identify(rospyvenv/lib/python3.10/site-packages/pkg_resources/_vendor/__pycache__) by extension 'ignore_ament_install'
[1.080s] Level 1:colcon.colcon_core.package_identification:_identify(rospyvenv/lib/python3.10/site-packages/pkg_resources/_vendor/__pycache__) by extensions ['colcon_pkg']
[1.080s] Level 1:colcon.colcon_core.package_identification:_identify(rospyvenv/lib/python3.10/site-packages/pkg_resources/_vendor/__pycache__) by extension 'colcon_pkg'
[1.080s] Level 1:colcon.colcon_core.package_identification:_identify(rospyvenv/lib/python3.10/site-packages/pkg_resources/_vendor/__pycache__) by extensions ['colcon_meta']
[1.080s] Level 1:colcon.colcon_core.package_identification:_identify(rospyvenv/lib/python3.10/site-packages/pkg_resources/_vendor/__pycache__) by extension 'colcon_meta'
[1.080s] Level 1:colcon.colcon_core.package_identification:_identify(rospyvenv/lib/python3.10/site-packages/pkg_resources/_vendor/__pycache__) by extensions ['ros']
[1.080s] Level 1:colcon.colcon_core.package_identification:_identify(rospyvenv/lib/python3.10/site-packages/pkg_resources/_vendor/__pycache__) by extension 'ros'
[1.080s] Level 1:colcon.colcon_core.package_identification:_identify(rospyvenv/lib/python3.10/site-packages/pkg_resources/_vendor/__pycache__) by extensions ['cmake', 'python']
[1.080s] Level 1:colcon.colcon_core.package_identification:_identify(rospyvenv/lib/python3.10/site-packages/pkg_resources/_vendor/__pycache__) by extension 'cmake'
[1.080s] Level 1:colcon.colcon_core.package_identification:_identify(rospyvenv/lib/python3.10/site-packages/pkg_resources/_vendor/__pycache__) by extension 'python'
[1.080s] Level 1:colcon.colcon_core.package_identification:_identify(rospyvenv/lib/python3.10/site-packages/pkg_resources/_vendor/__pycache__) by extensions ['python_setup_py']
[1.080s] Level 1:colcon.colcon_core.package_identification:_identify(rospyvenv/lib/python3.10/site-packages/pkg_resources/_vendor/__pycache__) by extension 'python_setup_py'
[1.081s] Level 1:colcon.colcon_core.package_identification:_identify(rospyvenv/lib/python3.10/site-packages/pkg_resources/_vendor/packaging) by extensions ['ignore', 'ignore_ament_install']
[1.081s] Level 1:colcon.colcon_core.package_identification:_identify(rospyvenv/lib/python3.10/site-packages/pkg_resources/_vendor/packaging) by extension 'ignore'
[1.081s] Level 1:colcon.colcon_core.package_identification:_identify(rospyvenv/lib/python3.10/site-packages/pkg_resources/_vendor/packaging) by extension 'ignore_ament_install'
[1.081s] Level 1:colcon.colcon_core.package_identification:_identify(rospyvenv/lib/python3.10/site-packages/pkg_resources/_vendor/packaging) by extensions ['colcon_pkg']
[1.081s] Level 1:colcon.colcon_core.package_identification:_identify(rospyvenv/lib/python3.10/site-packages/pkg_resources/_vendor/packaging) by extension 'colcon_pkg'
[1.081s] Level 1:colcon.colcon_core.package_identification:_identify(rospyvenv/lib/python3.10/site-packages/pkg_resources/_vendor/packaging) by extensions ['colcon_meta']
[1.081s] Level 1:colcon.colcon_core.package_identification:_identify(rospyvenv/lib/python3.10/site-packages/pkg_resources/_vendor/packaging) by extension 'colcon_meta'
[1.081s] Level 1:colcon.colcon_core.package_identification:_identify(rospyvenv/lib/python3.10/site-packages/pkg_resources/_vendor/packaging) by extensions ['ros']
[1.081s] Level 1:colcon.colcon_core.package_identification:_identify(rospyvenv/lib/python3.10/site-packages/pkg_resources/_vendor/packaging) by extension 'ros'
[1.081s] Level 1:colcon.colcon_core.package_identification:_identify(rospyvenv/lib/python3.10/site-packages/pkg_resources/_vendor/packaging) by extensions ['cmake', 'python']
[1.081s] Level 1:colcon.colcon_core.package_identification:_identify(rospyvenv/lib/python3.10/site-packages/pkg_resources/_vendor/packaging) by extension 'cmake'
[1.081s] Level 1:colcon.colcon_core.package_identification:_identify(rospyvenv/lib/python3.10/site-packages/pkg_resources/_vendor/packaging) by extension 'python'
[1.081s] Level 1:colcon.colcon_core.package_identification:_identify(rospyvenv/lib/python3.10/site-packages/pkg_resources/_vendor/packaging) by extensions ['python_setup_py']
[1.081s] Level 1:colcon.colcon_core.package_identification:_identify(rospyvenv/lib/python3.10/site-packages/pkg_resources/_vendor/packaging) by extension 'python_setup_py'
[1.082s] Level 1:colcon.colcon_core.package_identification:_identify(rospyvenv/lib/python3.10/site-packages/pkg_resources/_vendor/packaging/__pycache__) by extensions ['ignore', 'ignore_ament_install']
[1.082s] Level 1:colcon.colcon_core.package_identification:_identify(rospyvenv/lib/python3.10/site-packages/pkg_resources/_vendor/packaging/__pycache__) by extension 'ignore'
[1.082s] Level 1:colcon.colcon_core.package_identification:_identify(rospyvenv/lib/python3.10/site-packages/pkg_resources/_vendor/packaging/__pycache__) by extension 'ignore_ament_install'
[1.082s] Level 1:colcon.colcon_core.package_identification:_identify(rospyvenv/lib/python3.10/site-packages/pkg_resources/_vendor/packaging/__pycache__) by extensions ['colcon_pkg']
[1.082s] Level 1:colcon.colcon_core.package_identification:_identify(rospyvenv/lib/python3.10/site-packages/pkg_resources/_vendor/packaging/__pycache__) by extension 'colcon_pkg'
[1.082s] Level 1:colcon.colcon_core.package_identification:_identify(rospyvenv/lib/python3.10/site-packages/pkg_resources/_vendor/packaging/__pycache__) by extensions ['colcon_meta']
[1.082s] Level 1:colcon.colcon_core.package_identification:_identify(rospyvenv/lib/python3.10/site-packages/pkg_resources/_vendor/packaging/__pycache__) by extension 'colcon_meta'
[1.082s] Level 1:colcon.colcon_core.package_identification:_identify(rospyvenv/lib/python3.10/site-packages/pkg_resources/_vendor/packaging/__pycache__) by extensions ['ros']
[1.082s] Level 1:colcon.colcon_core.package_identification:_identify(rospyvenv/lib/python3.10/site-packages/pkg_resources/_vendor/packaging/__pycache__) by extension 'ros'
[1.082s] Level 1:colcon.colcon_core.package_identification:_identify(rospyvenv/lib/python3.10/site-packages/pkg_resources/_vendor/packaging/__pycache__) by extensions ['cmake', 'python']
[1.082s] Level 1:colcon.colcon_core.package_identification:_identify(rospyvenv/lib/python3.10/site-packages/pkg_resources/_vendor/packaging/__pycache__) by extension 'cmake'
[1.082s] Level 1:colcon.colcon_core.package_identification:_identify(rospyvenv/lib/python3.10/site-packages/pkg_resources/_vendor/packaging/__pycache__) by extension 'python'
[1.082s] Level 1:colcon.colcon_core.package_identification:_identify(rospyvenv/lib/python3.10/site-packages/pkg_resources/_vendor/packaging/__pycache__) by extensions ['python_setup_py']
[1.082s] Level 1:colcon.colcon_core.package_identification:_identify(rospyvenv/lib/python3.10/site-packages/pkg_resources/_vendor/packaging/__pycache__) by extension 'python_setup_py'
[1.083s] Level 1:colcon.colcon_core.package_identification:_identify(rospyvenv/lib/python3.10/site-packages/pkg_resources/extern) by extensions ['ignore', 'ignore_ament_install']
[1.083s] Level 1:colcon.colcon_core.package_identification:_identify(rospyvenv/lib/python3.10/site-packages/pkg_resources/extern) by extension 'ignore'
[1.083s] Level 1:colcon.colcon_core.package_identification:_identify(rospyvenv/lib/python3.10/site-packages/pkg_resources/extern) by extension 'ignore_ament_install'
[1.083s] Level 1:colcon.colcon_core.package_identification:_identify(rospyvenv/lib/python3.10/site-packages/pkg_resources/extern) by extensions ['colcon_pkg']
[1.083s] Level 1:colcon.colcon_core.package_identification:_identify(rospyvenv/lib/python3.10/site-packages/pkg_resources/extern) by extension 'colcon_pkg'
[1.083s] Level 1:colcon.colcon_core.package_identification:_identify(rospyvenv/lib/python3.10/site-packages/pkg_resources/extern) by extensions ['colcon_meta']
[1.083s] Level 1:colcon.colcon_core.package_identification:_identify(rospyvenv/lib/python3.10/site-packages/pkg_resources/extern) by extension 'colcon_meta'
[1.083s] Level 1:colcon.colcon_core.package_identification:_identify(rospyvenv/lib/python3.10/site-packages/pkg_resources/extern) by extensions ['ros']
[1.083s] Level 1:colcon.colcon_core.package_identification:_identify(rospyvenv/lib/python3.10/site-packages/pkg_resources/extern) by extension 'ros'
[1.083s] Level 1:colcon.colcon_core.package_identification:_identify(rospyvenv/lib/python3.10/site-packages/pkg_resources/extern) by extensions ['cmake', 'python']
[1.083s] Level 1:colcon.colcon_core.package_identification:_identify(rospyvenv/lib/python3.10/site-packages/pkg_resources/extern) by extension 'cmake'
[1.083s] Level 1:colcon.colcon_core.package_identification:_identify(rospyvenv/lib/python3.10/site-packages/pkg_resources/extern) by extension 'python'
[1.083s] Level 1:colcon.colcon_core.package_identification:_identify(rospyvenv/lib/python3.10/site-packages/pkg_resources/extern) by extensions ['python_setup_py']
[1.083s] Level 1:colcon.colcon_core.package_identification:_identify(rospyvenv/lib/python3.10/site-packages/pkg_resources/extern) by extension 'python_setup_py'
[1.083s] Level 1:colcon.colcon_core.package_identification:_identify(rospyvenv/lib/python3.10/site-packages/pkg_resources/extern/__pycache__) by extensions ['ignore', 'ignore_ament_install']
[1.083s] Level 1:colcon.colcon_core.package_identification:_identify(rospyvenv/lib/python3.10/site-packages/pkg_resources/extern/__pycache__) by extension 'ignore'
[1.083s] Level 1:colcon.colcon_core.package_identification:_identify(rospyvenv/lib/python3.10/site-packages/pkg_resources/extern/__pycache__) by extension 'ignore_ament_install'
[1.084s] Level 1:colcon.colcon_core.package_identification:_identify(rospyvenv/lib/python3.10/site-packages/pkg_resources/extern/__pycache__) by extensions ['colcon_pkg']
[1.084s] Level 1:colcon.colcon_core.package_identification:_identify(rospyvenv/lib/python3.10/site-packages/pkg_resources/extern/__pycache__) by extension 'colcon_pkg'
[1.084s] Level 1:colcon.colcon_core.package_identification:_identify(rospyvenv/lib/python3.10/site-packages/pkg_resources/extern/__pycache__) by extensions ['colcon_meta']
[1.084s] Level 1:colcon.colcon_core.package_identification:_identify(rospyvenv/lib/python3.10/site-packages/pkg_resources/extern/__pycache__) by extension 'colcon_meta'
[1.084s] Level 1:colcon.colcon_core.package_identification:_identify(rospyvenv/lib/python3.10/site-packages/pkg_resources/extern/__pycache__) by extensions ['ros']
[1.084s] Level 1:colcon.colcon_core.package_identification:_identify(rospyvenv/lib/python3.10/site-packages/pkg_resources/extern/__pycache__) by extension 'ros'
[1.084s] Level 1:colcon.colcon_core.package_identification:_identify(rospyvenv/lib/python3.10/site-packages/pkg_resources/extern/__pycache__) by extensions ['cmake', 'python']
[1.084s] Level 1:colcon.colcon_core.package_identification:_identify(rospyvenv/lib/python3.10/site-packages/pkg_resources/extern/__pycache__) by extension 'cmake'
[1.084s] Level 1:colcon.colcon_core.package_identification:_identify(rospyvenv/lib/python3.10/site-packages/pkg_resources/extern/__pycache__) by extension 'python'
[1.084s] Level 1:colcon.colcon_core.package_identification:_identify(rospyvenv/lib/python3.10/site-packages/pkg_resources/extern/__pycache__) by extensions ['python_setup_py']
[1.084s] Level 1:colcon.colcon_core.package_identification:_identify(rospyvenv/lib/python3.10/site-packages/pkg_resources/extern/__pycache__) by extension 'python_setup_py'
[1.084s] Level 1:colcon.colcon_core.package_identification:_identify(rospyvenv/lib/python3.10/site-packages/pkg_resources/tests) by extensions ['ignore', 'ignore_ament_install']
[1.084s] Level 1:colcon.colcon_core.package_identification:_identify(rospyvenv/lib/python3.10/site-packages/pkg_resources/tests) by extension 'ignore'
[1.085s] Level 1:colcon.colcon_core.package_identification:_identify(rospyvenv/lib/python3.10/site-packages/pkg_resources/tests) by extension 'ignore_ament_install'
[1.085s] Level 1:colcon.colcon_core.package_identification:_identify(rospyvenv/lib/python3.10/site-packages/pkg_resources/tests) by extensions ['colcon_pkg']
[1.085s] Level 1:colcon.colcon_core.package_identification:_identify(rospyvenv/lib/python3.10/site-packages/pkg_resources/tests) by extension 'colcon_pkg'
[1.085s] Level 1:colcon.colcon_core.package_identification:_identify(rospyvenv/lib/python3.10/site-packages/pkg_resources/tests) by extensions ['colcon_meta']
[1.085s] Level 1:colcon.colcon_core.package_identification:_identify(rospyvenv/lib/python3.10/site-packages/pkg_resources/tests) by extension 'colcon_meta'
[1.085s] Level 1:colcon.colcon_core.package_identification:_identify(rospyvenv/lib/python3.10/site-packages/pkg_resources/tests) by extensions ['ros']
[1.085s] Level 1:colcon.colcon_core.package_identification:_identify(rospyvenv/lib/python3.10/site-packages/pkg_resources/tests) by extension 'ros'
[1.085s] Level 1:colcon.colcon_core.package_identification:_identify(rospyvenv/lib/python3.10/site-packages/pkg_resources/tests) by extensions ['cmake', 'python']
[1.085s] Level 1:colcon.colcon_core.package_identification:_identify(rospyvenv/lib/python3.10/site-packages/pkg_resources/tests) by extension 'cmake'
[1.085s] Level 1:colcon.colcon_core.package_identification:_identify(rospyvenv/lib/python3.10/site-packages/pkg_resources/tests) by extension 'python'
[1.085s] Level 1:colcon.colcon_core.package_identification:_identify(rospyvenv/lib/python3.10/site-packages/pkg_resources/tests) by extensions ['python_setup_py']
[1.085s] Level 1:colcon.colcon_core.package_identification:_identify(rospyvenv/lib/python3.10/site-packages/pkg_resources/tests) by extension 'python_setup_py'
[1.085s] Level 1:colcon.colcon_core.package_identification:_identify(rospyvenv/lib/python3.10/site-packages/pkg_resources/tests/data) by extensions ['ignore', 'ignore_ament_install']
[1.085s] Level 1:colcon.colcon_core.package_identification:_identify(rospyvenv/lib/python3.10/site-packages/pkg_resources/tests/data) by extension 'ignore'
[1.085s] Level 1:colcon.colcon_core.package_identification:_identify(rospyvenv/lib/python3.10/site-packages/pkg_resources/tests/data) by extension 'ignore_ament_install'
[1.085s] Level 1:colcon.colcon_core.package_identification:_identify(rospyvenv/lib/python3.10/site-packages/pkg_resources/tests/data) by extensions ['colcon_pkg']
[1.086s] Level 1:colcon.colcon_core.package_identification:_identify(rospyvenv/lib/python3.10/site-packages/pkg_resources/tests/data) by extension 'colcon_pkg'
[1.086s] Level 1:colcon.colcon_core.package_identification:_identify(rospyvenv/lib/python3.10/site-packages/pkg_resources/tests/data) by extensions ['colcon_meta']
[1.086s] Level 1:colcon.colcon_core.package_identification:_identify(rospyvenv/lib/python3.10/site-packages/pkg_resources/tests/data) by extension 'colcon_meta'
[1.086s] Level 1:colcon.colcon_core.package_identification:_identify(rospyvenv/lib/python3.10/site-packages/pkg_resources/tests/data) by extensions ['ros']
[1.086s] Level 1:colcon.colcon_core.package_identification:_identify(rospyvenv/lib/python3.10/site-packages/pkg_resources/tests/data) by extension 'ros'
[1.086s] Level 1:colcon.colcon_core.package_identification:_identify(rospyvenv/lib/python3.10/site-packages/pkg_resources/tests/data) by extensions ['cmake', 'python']
[1.086s] Level 1:colcon.colcon_core.package_identification:_identify(rospyvenv/lib/python3.10/site-packages/pkg_resources/tests/data) by extension 'cmake'
[1.086s] Level 1:colcon.colcon_core.package_identification:_identify(rospyvenv/lib/python3.10/site-packages/pkg_resources/tests/data) by extension 'python'
[1.086s] Level 1:colcon.colcon_core.package_identification:_identify(rospyvenv/lib/python3.10/site-packages/pkg_resources/tests/data) by extensions ['python_setup_py']
[1.086s] Level 1:colcon.colcon_core.package_identification:_identify(rospyvenv/lib/python3.10/site-packages/pkg_resources/tests/data) by extension 'python_setup_py'
[1.086s] Level 1:colcon.colcon_core.package_identification:_identify(rospyvenv/lib/python3.10/site-packages/pkg_resources/tests/data/my-test-package-source) by extensions ['ignore', 'ignore_ament_install']
[1.086s] Level 1:colcon.colcon_core.package_identification:_identify(rospyvenv/lib/python3.10/site-packages/pkg_resources/tests/data/my-test-package-source) by extension 'ignore'
[1.086s] Level 1:colcon.colcon_core.package_identification:_identify(rospyvenv/lib/python3.10/site-packages/pkg_resources/tests/data/my-test-package-source) by extension 'ignore_ament_install'
[1.086s] Level 1:colcon.colcon_core.package_identification:_identify(rospyvenv/lib/python3.10/site-packages/pkg_resources/tests/data/my-test-package-source) by extensions ['colcon_pkg']
[1.086s] Level 1:colcon.colcon_core.package_identification:_identify(rospyvenv/lib/python3.10/site-packages/pkg_resources/tests/data/my-test-package-source) by extension 'colcon_pkg'
[1.086s] Level 1:colcon.colcon_core.package_identification:_identify(rospyvenv/lib/python3.10/site-packages/pkg_resources/tests/data/my-test-package-source) by extensions ['colcon_meta']
[1.086s] Level 1:colcon.colcon_core.package_identification:_identify(rospyvenv/lib/python3.10/site-packages/pkg_resources/tests/data/my-test-package-source) by extension 'colcon_meta'
[1.086s] Level 1:colcon.colcon_core.package_identification:_identify(rospyvenv/lib/python3.10/site-packages/pkg_resources/tests/data/my-test-package-source) by extensions ['ros']
[1.086s] Level 1:colcon.colcon_core.package_identification:_identify(rospyvenv/lib/python3.10/site-packages/pkg_resources/tests/data/my-test-package-source) by extension 'ros'
[1.087s] Level 1:colcon.colcon_core.package_identification:_identify(rospyvenv/lib/python3.10/site-packages/pkg_resources/tests/data/my-test-package-source) by extensions ['cmake', 'python']
[1.087s] Level 1:colcon.colcon_core.package_identification:_identify(rospyvenv/lib/python3.10/site-packages/pkg_resources/tests/data/my-test-package-source) by extension 'cmake'
[1.087s] Level 1:colcon.colcon_core.package_identification:_identify(rospyvenv/lib/python3.10/site-packages/pkg_resources/tests/data/my-test-package-source) by extension 'python'
[1.087s] Level 1:colcon.colcon_core.package_identification:_identify(rospyvenv/lib/python3.10/site-packages/pkg_resources/tests/data/my-test-package-source) by extensions ['python_setup_py']
[1.087s] Level 1:colcon.colcon_core.package_identification:_identify(rospyvenv/lib/python3.10/site-packages/pkg_resources/tests/data/my-test-package-source) by extension 'python_setup_py'
[1.313s] DEBUG:colcon.colcon_core.package_identification:Package 'rospyvenv/lib/python3.10/site-packages/pkg_resources/tests/data/my-test-package-source' with type 'python' and name 'my-test-package'
[1.314s] Level 1:colcon.colcon_core.package_identification:_identify(rospyvenv/lib/python3.10/site-packages/pymysql) by extensions ['ignore', 'ignore_ament_install']
[1.314s] Level 1:colcon.colcon_core.package_identification:_identify(rospyvenv/lib/python3.10/site-packages/pymysql) by extension 'ignore'
[1.314s] Level 1:colcon.colcon_core.package_identification:_identify(rospyvenv/lib/python3.10/site-packages/pymysql) by extension 'ignore_ament_install'
[1.314s] Level 1:colcon.colcon_core.package_identification:_identify(rospyvenv/lib/python3.10/site-packages/pymysql) by extensions ['colcon_pkg']
[1.314s] Level 1:colcon.colcon_core.package_identification:_identify(rospyvenv/lib/python3.10/site-packages/pymysql) by extension 'colcon_pkg'
[1.314s] Level 1:colcon.colcon_core.package_identification:_identify(rospyvenv/lib/python3.10/site-packages/pymysql) by extensions ['colcon_meta']
[1.314s] Level 1:colcon.colcon_core.package_identification:_identify(rospyvenv/lib/python3.10/site-packages/pymysql) by extension 'colcon_meta'
[1.314s] Level 1:colcon.colcon_core.package_identification:_identify(rospyvenv/lib/python3.10/site-packages/pymysql) by extensions ['ros']
[1.314s] Level 1:colcon.colcon_core.package_identification:_identify(rospyvenv/lib/python3.10/site-packages/pymysql) by extension 'ros'
[1.314s] Level 1:colcon.colcon_core.package_identification:_identify(rospyvenv/lib/python3.10/site-packages/pymysql) by extensions ['cmake', 'python']
[1.314s] Level 1:colcon.colcon_core.package_identification:_identify(rospyvenv/lib/python3.10/site-packages/pymysql) by extension 'cmake'
[1.314s] Level 1:colcon.colcon_core.package_identification:_identify(rospyvenv/lib/python3.10/site-packages/pymysql) by extension 'python'
[1.314s] Level 1:colcon.colcon_core.package_identification:_identify(rospyvenv/lib/python3.10/site-packages/pymysql) by extensions ['python_setup_py']
[1.314s] Level 1:colcon.colcon_core.package_identification:_identify(rospyvenv/lib/python3.10/site-packages/pymysql) by extension 'python_setup_py'
[1.315s] Level 1:colcon.colcon_core.package_identification:_identify(rospyvenv/lib/python3.10/site-packages/pymysql/__pycache__) by extensions ['ignore', 'ignore_ament_install']
[1.315s] Level 1:colcon.colcon_core.package_identification:_identify(rospyvenv/lib/python3.10/site-packages/pymysql/__pycache__) by extension 'ignore'
[1.315s] Level 1:colcon.colcon_core.package_identification:_identify(rospyvenv/lib/python3.10/site-packages/pymysql/__pycache__) by extension 'ignore_ament_install'
[1.315s] Level 1:colcon.colcon_core.package_identification:_identify(rospyvenv/lib/python3.10/site-packages/pymysql/__pycache__) by extensions ['colcon_pkg']
[1.315s] Level 1:colcon.colcon_core.package_identification:_identify(rospyvenv/lib/python3.10/site-packages/pymysql/__pycache__) by extension 'colcon_pkg'
[1.315s] Level 1:colcon.colcon_core.package_identification:_identify(rospyvenv/lib/python3.10/site-packages/pymysql/__pycache__) by extensions ['colcon_meta']
[1.315s] Level 1:colcon.colcon_core.package_identification:_identify(rospyvenv/lib/python3.10/site-packages/pymysql/__pycache__) by extension 'colcon_meta'
[1.315s] Level 1:colcon.colcon_core.package_identification:_identify(rospyvenv/lib/python3.10/site-packages/pymysql/__pycache__) by extensions ['ros']
[1.315s] Level 1:colcon.colcon_core.package_identification:_identify(rospyvenv/lib/python3.10/site-packages/pymysql/__pycache__) by extension 'ros'
[1.315s] Level 1:colcon.colcon_core.package_identification:_identify(rospyvenv/lib/python3.10/site-packages/pymysql/__pycache__) by extensions ['cmake', 'python']
[1.315s] Level 1:colcon.colcon_core.package_identification:_identify(rospyvenv/lib/python3.10/site-packages/pymysql/__pycache__) by extension 'cmake'
[1.315s] Level 1:colcon.colcon_core.package_identification:_identify(rospyvenv/lib/python3.10/site-packages/pymysql/__pycache__) by extension 'python'
[1.315s] Level 1:colcon.colcon_core.package_identification:_identify(rospyvenv/lib/python3.10/site-packages/pymysql/__pycache__) by extensions ['python_setup_py']
[1.315s] Level 1:colcon.colcon_core.package_identification:_identify(rospyvenv/lib/python3.10/site-packages/pymysql/__pycache__) by extension 'python_setup_py'
[1.316s] Level 1:colcon.colcon_core.package_identification:_identify(rospyvenv/lib/python3.10/site-packages/pymysql/constants) by extensions ['ignore', 'ignore_ament_install']
[1.316s] Level 1:colcon.colcon_core.package_identification:_identify(rospyvenv/lib/python3.10/site-packages/pymysql/constants) by extension 'ignore'
[1.316s] Level 1:colcon.colcon_core.package_identification:_identify(rospyvenv/lib/python3.10/site-packages/pymysql/constants) by extension 'ignore_ament_install'
[1.316s] Level 1:colcon.colcon_core.package_identification:_identify(rospyvenv/lib/python3.10/site-packages/pymysql/constants) by extensions ['colcon_pkg']
[1.316s] Level 1:colcon.colcon_core.package_identification:_identify(rospyvenv/lib/python3.10/site-packages/pymysql/constants) by extension 'colcon_pkg'
[1.316s] Level 1:colcon.colcon_core.package_identification:_identify(rospyvenv/lib/python3.10/site-packages/pymysql/constants) by extensions ['colcon_meta']
[1.316s] Level 1:colcon.colcon_core.package_identification:_identify(rospyvenv/lib/python3.10/site-packages/pymysql/constants) by extension 'colcon_meta'
[1.316s] Level 1:colcon.colcon_core.package_identification:_identify(rospyvenv/lib/python3.10/site-packages/pymysql/constants) by extensions ['ros']
[1.316s] Level 1:colcon.colcon_core.package_identification:_identify(rospyvenv/lib/python3.10/site-packages/pymysql/constants) by extension 'ros'
[1.316s] Level 1:colcon.colcon_core.package_identification:_identify(rospyvenv/lib/python3.10/site-packages/pymysql/constants) by extensions ['cmake', 'python']
[1.316s] Level 1:colcon.colcon_core.package_identification:_identify(rospyvenv/lib/python3.10/site-packages/pymysql/constants) by extension 'cmake'
[1.316s] Level 1:colcon.colcon_core.package_identification:_identify(rospyvenv/lib/python3.10/site-packages/pymysql/constants) by extension 'python'
[1.316s] Level 1:colcon.colcon_core.package_identification:_identify(rospyvenv/lib/python3.10/site-packages/pymysql/constants) by extensions ['python_setup_py']
[1.317s] Level 1:colcon.colcon_core.package_identification:_identify(rospyvenv/lib/python3.10/site-packages/pymysql/constants) by extension 'python_setup_py'
[1.317s] Level 1:colcon.colcon_core.package_identification:_identify(rospyvenv/lib/python3.10/site-packages/pymysql/constants/__pycache__) by extensions ['ignore', 'ignore_ament_install']
[1.317s] Level 1:colcon.colcon_core.package_identification:_identify(rospyvenv/lib/python3.10/site-packages/pymysql/constants/__pycache__) by extension 'ignore'
[1.317s] Level 1:colcon.colcon_core.package_identification:_identify(rospyvenv/lib/python3.10/site-packages/pymysql/constants/__pycache__) by extension 'ignore_ament_install'
[1.317s] Level 1:colcon.colcon_core.package_identification:_identify(rospyvenv/lib/python3.10/site-packages/pymysql/constants/__pycache__) by extensions ['colcon_pkg']
[1.317s] Level 1:colcon.colcon_core.package_identification:_identify(rospyvenv/lib/python3.10/site-packages/pymysql/constants/__pycache__) by extension 'colcon_pkg'
[1.317s] Level 1:colcon.colcon_core.package_identification:_identify(rospyvenv/lib/python3.10/site-packages/pymysql/constants/__pycache__) by extensions ['colcon_meta']
[1.317s] Level 1:colcon.colcon_core.package_identification:_identify(rospyvenv/lib/python3.10/site-packages/pymysql/constants/__pycache__) by extension 'colcon_meta'
[1.317s] Level 1:colcon.colcon_core.package_identification:_identify(rospyvenv/lib/python3.10/site-packages/pymysql/constants/__pycache__) by extensions ['ros']
[1.317s] Level 1:colcon.colcon_core.package_identification:_identify(rospyvenv/lib/python3.10/site-packages/pymysql/constants/__pycache__) by extension 'ros'
[1.317s] Level 1:colcon.colcon_core.package_identification:_identify(rospyvenv/lib/python3.10/site-packages/pymysql/constants/__pycache__) by extensions ['cmake', 'python']
[1.317s] Level 1:colcon.colcon_core.package_identification:_identify(rospyvenv/lib/python3.10/site-packages/pymysql/constants/__pycache__) by extension 'cmake'
[1.318s] Level 1:colcon.colcon_core.package_identification:_identify(rospyvenv/lib/python3.10/site-packages/pymysql/constants/__pycache__) by extension 'python'
[1.318s] Level 1:colcon.colcon_core.package_identification:_identify(rospyvenv/lib/python3.10/site-packages/pymysql/constants/__pycache__) by extensions ['python_setup_py']
[1.318s] Level 1:colcon.colcon_core.package_identification:_identify(rospyvenv/lib/python3.10/site-packages/pymysql/constants/__pycache__) by extension 'python_setup_py'
[1.318s] Level 1:colcon.colcon_core.package_identification:_identify(rospyvenv/lib/python3.10/site-packages/pymysql-1.2.3.dist-info) by extensions ['ignore', 'ignore_ament_install']
[1.318s] Level 1:colcon.colcon_core.package_identification:_identify(rospyvenv/lib/python3.10/site-packages/pymysql-1.2.3.dist-info) by extension 'ignore'
[1.318s] Level 1:colcon.colcon_core.package_identification:_identify(rospyvenv/lib/python3.10/site-packages/pymysql-1.2.3.dist-info) by extension 'ignore_ament_install'
[1.318s] Level 1:colcon.colcon_core.package_identification:_identify(rospyvenv/lib/python3.10/site-packages/pymysql-1.2.3.dist-info) by extensions ['colcon_pkg']
[1.318s] Level 1:colcon.colcon_core.package_identification:_identify(rospyvenv/lib/python3.10/site-packages/pymysql-1.2.3.dist-info) by extension 'colcon_pkg'
[1.318s] Level 1:colcon.colcon_core.package_identification:_identify(rospyvenv/lib/python3.10/site-packages/pymysql-1.2.3.dist-info) by extensions ['colcon_meta']
[1.318s] Level 1:colcon.colcon_core.package_identification:_identify(rospyvenv/lib/python3.10/site-packages/pymysql-1.2.3.dist-info) by extension 'colcon_meta'
[1.318s] Level 1:colcon.colcon_core.package_identification:_identify(rospyvenv/lib/python3.10/site-packages/pymysql-1.2.3.dist-info) by extensions ['ros']
[1.318s] Level 1:colcon.colcon_core.package_identification:_identify(rospyvenv/lib/python3.10/site-packages/pymysql-1.2.3.dist-info) by extension 'ros'
[1.318s] Level 1:colcon.colcon_core.package_identification:_identify(rospyvenv/lib/python3.10/site-packages/pymysql-1.2.3.dist-info) by extensions ['cmake', 'python']
[1.318s] Level 1:colcon.colcon_core.package_identification:_identify(rospyvenv/lib/python3.10/site-packages/pymysql-1.2.3.dist-info) by extension 'cmake'
[1.318s] Level 1:colcon.colcon_core.package_identification:_identify(rospyvenv/lib/python3.10/site-packages/pymysql-1.2.3.dist-info) by extension 'python'
[1.318s] Level 1:colcon.colcon_core.package_identification:_identify(rospyvenv/lib/python3.10/site-packages/pymysql-1.2.3.dist-info) by extensions ['python_setup_py']
[1.318s] Level 1:colcon.colcon_core.package_identification:_identify(rospyvenv/lib/python3.10/site-packages/pymysql-1.2.3.dist-info) by extension 'python_setup_py'
[1.319s] Level 1:colcon.colcon_core.package_identification:_identify(rospyvenv/lib/python3.10/site-packages/pymysql-1.2.3.dist-info/licenses) by extensions ['ignore', 'ignore_ament_install']
[1.319s] Level 1:colcon.colcon_core.package_identification:_identify(rospyvenv/lib/python3.10/site-packages/pymysql-1.2.3.dist-info/licenses) by extension 'ignore'
[1.319s] Level 1:colcon.colcon_core.package_identification:_identify(rospyvenv/lib/python3.10/site-packages/pymysql-1.2.3.dist-info/licenses) by extension 'ignore_ament_install'
[1.319s] Level 1:colcon.colcon_core.package_identification:_identify(rospyvenv/lib/python3.10/site-packages/pymysql-1.2.3.dist-info/licenses) by extensions ['colcon_pkg']
[1.319s] Level 1:colcon.colcon_core.package_identification:_identify(rospyvenv/lib/python3.10/site-packages/pymysql-1.2.3.dist-info/licenses) by extension 'colcon_pkg'
[1.319s] Level 1:colcon.colcon_core.package_identification:_identify(rospyvenv/lib/python3.10/site-packages/pymysql-1.2.3.dist-info/licenses) by extensions ['colcon_meta']
[1.319s] Level 1:colcon.colcon_core.package_identification:_identify(rospyvenv/lib/python3.10/site-packages/pymysql-1.2.3.dist-info/licenses) by extension 'colcon_meta'
[1.319s] Level 1:colcon.colcon_core.package_identification:_identify(rospyvenv/lib/python3.10/site-packages/pymysql-1.2.3.dist-info/licenses) by extensions ['ros']
[1.319s] Level 1:colcon.colcon_core.package_identification:_identify(rospyvenv/lib/python3.10/site-packages/pymysql-1.2.3.dist-info/licenses) by extension 'ros'
[1.319s] Level 1:colcon.colcon_core.package_identification:_identify(rospyvenv/lib/python3.10/site-packages/pymysql-1.2.3.dist-info/licenses) by extensions ['cmake', 'python']
[1.319s] Level 1:colcon.colcon_core.package_identification:_identify(rospyvenv/lib/python3.10/site-packages/pymysql-1.2.3.dist-info/licenses) by extension 'cmake'
[1.319s] Level 1:colcon.colcon_core.package_identification:_identify(rospyvenv/lib/python3.10/site-packages/pymysql-1.2.3.dist-info/licenses) by extension 'python'
[1.319s] Level 1:colcon.colcon_core.package_identification:_identify(rospyvenv/lib/python3.10/site-packages/pymysql-1.2.3.dist-info/licenses) by extensions ['python_setup_py']
[1.320s] Level 1:colcon.colcon_core.package_identification:_identify(rospyvenv/lib/python3.10/site-packages/pymysql-1.2.3.dist-info/licenses) by extension 'python_setup_py'
[1.320s] Level 1:colcon.colcon_core.package_identification:_identify(rospyvenv/lib/python3.10/site-packages/pyqt5_qt5-5.15.19.dist-info) by extensions ['ignore', 'ignore_ament_install']
[1.320s] Level 1:colcon.colcon_core.package_identification:_identify(rospyvenv/lib/python3.10/site-packages/pyqt5_qt5-5.15.19.dist-info) by extension 'ignore'
[1.320s] Level 1:colcon.colcon_core.package_identification:_identify(rospyvenv/lib/python3.10/site-packages/pyqt5_qt5-5.15.19.dist-info) by extension 'ignore_ament_install'
[1.320s] Level 1:colcon.colcon_core.package_identification:_identify(rospyvenv/lib/python3.10/site-packages/pyqt5_qt5-5.15.19.dist-info) by extensions ['colcon_pkg']
[1.320s] Level 1:colcon.colcon_core.package_identification:_identify(rospyvenv/lib/python3.10/site-packages/pyqt5_qt5-5.15.19.dist-info) by extension 'colcon_pkg'
[1.320s] Level 1:colcon.colcon_core.package_identification:_identify(rospyvenv/lib/python3.10/site-packages/pyqt5_qt5-5.15.19.dist-info) by extensions ['colcon_meta']
[1.320s] Level 1:colcon.colcon_core.package_identification:_identify(rospyvenv/lib/python3.10/site-packages/pyqt5_qt5-5.15.19.dist-info) by extension 'colcon_meta'
[1.320s] Level 1:colcon.colcon_core.package_identification:_identify(rospyvenv/lib/python3.10/site-packages/pyqt5_qt5-5.15.19.dist-info) by extensions ['ros']
[1.320s] Level 1:colcon.colcon_core.package_identification:_identify(rospyvenv/lib/python3.10/site-packages/pyqt5_qt5-5.15.19.dist-info) by extension 'ros'
[1.320s] Level 1:colcon.colcon_core.package_identification:_identify(rospyvenv/lib/python3.10/site-packages/pyqt5_qt5-5.15.19.dist-info) by extensions ['cmake', 'python']
[1.320s] Level 1:colcon.colcon_core.package_identification:_identify(rospyvenv/lib/python3.10/site-packages/pyqt5_qt5-5.15.19.dist-info) by extension 'cmake'
[1.320s] Level 1:colcon.colcon_core.package_identification:_identify(rospyvenv/lib/python3.10/site-packages/pyqt5_qt5-5.15.19.dist-info) by extension 'python'
[1.321s] Level 1:colcon.colcon_core.package_identification:_identify(rospyvenv/lib/python3.10/site-packages/pyqt5_qt5-5.15.19.dist-info) by extensions ['python_setup_py']
[1.321s] Level 1:colcon.colcon_core.package_identification:_identify(rospyvenv/lib/python3.10/site-packages/pyqt5_qt5-5.15.19.dist-info) by extension 'python_setup_py'
[1.321s] Level 1:colcon.colcon_core.package_identification:_identify(rospyvenv/lib/python3.10/site-packages/pyqt5_sip-12.19.0.dist-info) by extensions ['ignore', 'ignore_ament_install']
[1.321s] Level 1:colcon.colcon_core.package_identification:_identify(rospyvenv/lib/python3.10/site-packages/pyqt5_sip-12.19.0.dist-info) by extension 'ignore'
[1.321s] Level 1:colcon.colcon_core.package_identification:_identify(rospyvenv/lib/python3.10/site-packages/pyqt5_sip-12.19.0.dist-info) by extension 'ignore_ament_install'
[1.321s] Level 1:colcon.colcon_core.package_identification:_identify(rospyvenv/lib/python3.10/site-packages/pyqt5_sip-12.19.0.dist-info) by extensions ['colcon_pkg']
[1.321s] Level 1:colcon.colcon_core.package_identification:_identify(rospyvenv/lib/python3.10/site-packages/pyqt5_sip-12.19.0.dist-info) by extension 'colcon_pkg'
[1.321s] Level 1:colcon.colcon_core.package_identification:_identify(rospyvenv/lib/python3.10/site-packages/pyqt5_sip-12.19.0.dist-info) by extensions ['colcon_meta']
[1.321s] Level 1:colcon.colcon_core.package_identification:_identify(rospyvenv/lib/python3.10/site-packages/pyqt5_sip-12.19.0.dist-info) by extension 'colcon_meta'
[1.321s] Level 1:colcon.colcon_core.package_identification:_identify(rospyvenv/lib/python3.10/site-packages/pyqt5_sip-12.19.0.dist-info) by extensions ['ros']
[1.321s] Level 1:colcon.colcon_core.package_identification:_identify(rospyvenv/lib/python3.10/site-packages/pyqt5_sip-12.19.0.dist-info) by extension 'ros'
[1.321s] Level 1:colcon.colcon_core.package_identification:_identify(rospyvenv/lib/python3.10/site-packages/pyqt5_sip-12.19.0.dist-info) by extensions ['cmake', 'python']
[1.322s] Level 1:colcon.colcon_core.package_identification:_identify(rospyvenv/lib/python3.10/site-packages/pyqt5_sip-12.19.0.dist-info) by extension 'cmake'
[1.322s] Level 1:colcon.colcon_core.package_identification:_identify(rospyvenv/lib/python3.10/site-packages/pyqt5_sip-12.19.0.dist-info) by extension 'python'
[1.322s] Level 1:colcon.colcon_core.package_identification:_identify(rospyvenv/lib/python3.10/site-packages/pyqt5_sip-12.19.0.dist-info) by extensions ['python_setup_py']
[1.322s] Level 1:colcon.colcon_core.package_identification:_identify(rospyvenv/lib/python3.10/site-packages/pyqt5_sip-12.19.0.dist-info) by extension 'python_setup_py'
[1.322s] Level 1:colcon.colcon_core.package_identification:_identify(rospyvenv/lib/python3.10/site-packages/pyqt5_sip-12.19.0.dist-info/licenses) by extensions ['ignore', 'ignore_ament_install']
[1.322s] Level 1:colcon.colcon_core.package_identification:_identify(rospyvenv/lib/python3.10/site-packages/pyqt5_sip-12.19.0.dist-info/licenses) by extension 'ignore'
[1.322s] Level 1:colcon.colcon_core.package_identification:_identify(rospyvenv/lib/python3.10/site-packages/pyqt5_sip-12.19.0.dist-info/licenses) by extension 'ignore_ament_install'
[1.322s] Level 1:colcon.colcon_core.package_identification:_identify(rospyvenv/lib/python3.10/site-packages/pyqt5_sip-12.19.0.dist-info/licenses) by extensions ['colcon_pkg']
[1.322s] Level 1:colcon.colcon_core.package_identification:_identify(rospyvenv/lib/python3.10/site-packages/pyqt5_sip-12.19.0.dist-info/licenses) by extension 'colcon_pkg'
[1.322s] Level 1:colcon.colcon_core.package_identification:_identify(rospyvenv/lib/python3.10/site-packages/pyqt5_sip-12.19.0.dist-info/licenses) by extensions ['colcon_meta']
[1.322s] Level 1:colcon.colcon_core.package_identification:_identify(rospyvenv/lib/python3.10/site-packages/pyqt5_sip-12.19.0.dist-info/licenses) by extension 'colcon_meta'
[1.322s] Level 1:colcon.colcon_core.package_identification:_identify(rospyvenv/lib/python3.10/site-packages/pyqt5_sip-12.19.0.dist-info/licenses) by extensions ['ros']
[1.322s] Level 1:colcon.colcon_core.package_identification:_identify(rospyvenv/lib/python3.10/site-packages/pyqt5_sip-12.19.0.dist-info/licenses) by extension 'ros'
[1.322s] Level 1:colcon.colcon_core.package_identification:_identify(rospyvenv/lib/python3.10/site-packages/pyqt5_sip-12.19.0.dist-info/licenses) by extensions ['cmake', 'python']
[1.322s] Level 1:colcon.colcon_core.package_identification:_identify(rospyvenv/lib/python3.10/site-packages/pyqt5_sip-12.19.0.dist-info/licenses) by extension 'cmake'
[1.322s] Level 1:colcon.colcon_core.package_identification:_identify(rospyvenv/lib/python3.10/site-packages/pyqt5_sip-12.19.0.dist-info/licenses) by extension 'python'
[1.322s] Level 1:colcon.colcon_core.package_identification:_identify(rospyvenv/lib/python3.10/site-packages/pyqt5_sip-12.19.0.dist-info/licenses) by extensions ['python_setup_py']
[1.323s] Level 1:colcon.colcon_core.package_identification:_identify(rospyvenv/lib/python3.10/site-packages/pyqt5_sip-12.19.0.dist-info/licenses) by extension 'python_setup_py'
[1.323s] Level 1:colcon.colcon_core.package_identification:_identify(rospyvenv/lib/python3.10/site-packages/python_dotenv-1.2.3.dist-info) by extensions ['ignore', 'ignore_ament_install']
[1.323s] Level 1:colcon.colcon_core.package_identification:_identify(rospyvenv/lib/python3.10/site-packages/python_dotenv-1.2.3.dist-info) by extension 'ignore'
[1.323s] Level 1:colcon.colcon_core.package_identification:_identify(rospyvenv/lib/python3.10/site-packages/python_dotenv-1.2.3.dist-info) by extension 'ignore_ament_install'
[1.323s] Level 1:colcon.colcon_core.package_identification:_identify(rospyvenv/lib/python3.10/site-packages/python_dotenv-1.2.3.dist-info) by extensions ['colcon_pkg']
[1.323s] Level 1:colcon.colcon_core.package_identification:_identify(rospyvenv/lib/python3.10/site-packages/python_dotenv-1.2.3.dist-info) by extension 'colcon_pkg'
[1.323s] Level 1:colcon.colcon_core.package_identification:_identify(rospyvenv/lib/python3.10/site-packages/python_dotenv-1.2.3.dist-info) by extensions ['colcon_meta']
[1.323s] Level 1:colcon.colcon_core.package_identification:_identify(rospyvenv/lib/python3.10/site-packages/python_dotenv-1.2.3.dist-info) by extension 'colcon_meta'
[1.323s] Level 1:colcon.colcon_core.package_identification:_identify(rospyvenv/lib/python3.10/site-packages/python_dotenv-1.2.3.dist-info) by extensions ['ros']
[1.323s] Level 1:colcon.colcon_core.package_identification:_identify(rospyvenv/lib/python3.10/site-packages/python_dotenv-1.2.3.dist-info) by extension 'ros'
[1.323s] Level 1:colcon.colcon_core.package_identification:_identify(rospyvenv/lib/python3.10/site-packages/python_dotenv-1.2.3.dist-info) by extensions ['cmake', 'python']
[1.323s] Level 1:colcon.colcon_core.package_identification:_identify(rospyvenv/lib/python3.10/site-packages/python_dotenv-1.2.3.dist-info) by extension 'cmake'
[1.323s] Level 1:colcon.colcon_core.package_identification:_identify(rospyvenv/lib/python3.10/site-packages/python_dotenv-1.2.3.dist-info) by extension 'python'
[1.323s] Level 1:colcon.colcon_core.package_identification:_identify(rospyvenv/lib/python3.10/site-packages/python_dotenv-1.2.3.dist-info) by extensions ['python_setup_py']
[1.324s] Level 1:colcon.colcon_core.package_identification:_identify(rospyvenv/lib/python3.10/site-packages/python_dotenv-1.2.3.dist-info) by extension 'python_setup_py'
[1.324s] Level 1:colcon.colcon_core.package_identification:_identify(rospyvenv/lib/python3.10/site-packages/python_dotenv-1.2.3.dist-info/licenses) by extensions ['ignore', 'ignore_ament_install']
[1.324s] Level 1:colcon.colcon_core.package_identification:_identify(rospyvenv/lib/python3.10/site-packages/python_dotenv-1.2.3.dist-info/licenses) by extension 'ignore'
[1.324s] Level 1:colcon.colcon_core.package_identification:_identify(rospyvenv/lib/python3.10/site-packages/python_dotenv-1.2.3.dist-info/licenses) by extension 'ignore_ament_install'
[1.324s] Level 1:colcon.colcon_core.package_identification:_identify(rospyvenv/lib/python3.10/site-packages/python_dotenv-1.2.3.dist-info/licenses) by extensions ['colcon_pkg']
[1.324s] Level 1:colcon.colcon_core.package_identification:_identify(rospyvenv/lib/python3.10/site-packages/python_dotenv-1.2.3.dist-info/licenses) by extension 'colcon_pkg'
[1.324s] Level 1:colcon.colcon_core.package_identification:_identify(rospyvenv/lib/python3.10/site-packages/python_dotenv-1.2.3.dist-info/licenses) by extensions ['colcon_meta']
[1.324s] Level 1:colcon.colcon_core.package_identification:_identify(rospyvenv/lib/python3.10/site-packages/python_dotenv-1.2.3.dist-info/licenses) by extension 'colcon_meta'
[1.324s] Level 1:colcon.colcon_core.package_identification:_identify(rospyvenv/lib/python3.10/site-packages/python_dotenv-1.2.3.dist-info/licenses) by extensions ['ros']
[1.324s] Level 1:colcon.colcon_core.package_identification:_identify(rospyvenv/lib/python3.10/site-packages/python_dotenv-1.2.3.dist-info/licenses) by extension 'ros'
[1.324s] Level 1:colcon.colcon_core.package_identification:_identify(rospyvenv/lib/python3.10/site-packages/python_dotenv-1.2.3.dist-info/licenses) by extensions ['cmake', 'python']
[1.324s] Level 1:colcon.colcon_core.package_identification:_identify(rospyvenv/lib/python3.10/site-packages/python_dotenv-1.2.3.dist-info/licenses) by extension 'cmake'
[1.325s] Level 1:colcon.colcon_core.package_identification:_identify(rospyvenv/lib/python3.10/site-packages/python_dotenv-1.2.3.dist-info/licenses) by extension 'python'
[1.325s] Level 1:colcon.colcon_core.package_identification:_identify(rospyvenv/lib/python3.10/site-packages/python_dotenv-1.2.3.dist-info/licenses) by extensions ['python_setup_py']
[1.325s] Level 1:colcon.colcon_core.package_identification:_identify(rospyvenv/lib/python3.10/site-packages/python_dotenv-1.2.3.dist-info/licenses) by extension 'python_setup_py'
[1.325s] Level 1:colcon.colcon_core.package_identification:_identify(rospyvenv/lib/python3.10/site-packages/setuptools) by extensions ['ignore', 'ignore_ament_install']
[1.325s] Level 1:colcon.colcon_core.package_identification:_identify(rospyvenv/lib/python3.10/site-packages/setuptools) by extension 'ignore'
[1.325s] Level 1:colcon.colcon_core.package_identification:_identify(rospyvenv/lib/python3.10/site-packages/setuptools) by extension 'ignore_ament_install'
[1.325s] Level 1:colcon.colcon_core.package_identification:_identify(rospyvenv/lib/python3.10/site-packages/setuptools) by extensions ['colcon_pkg']
[1.325s] Level 1:colcon.colcon_core.package_identification:_identify(rospyvenv/lib/python3.10/site-packages/setuptools) by extension 'colcon_pkg'
[1.325s] Level 1:colcon.colcon_core.package_identification:_identify(rospyvenv/lib/python3.10/site-packages/setuptools) by extensions ['colcon_meta']
[1.325s] Level 1:colcon.colcon_core.package_identification:_identify(rospyvenv/lib/python3.10/site-packages/setuptools) by extension 'colcon_meta'
[1.325s] Level 1:colcon.colcon_core.package_identification:_identify(rospyvenv/lib/python3.10/site-packages/setuptools) by extensions ['ros']
[1.325s] Level 1:colcon.colcon_core.package_identification:_identify(rospyvenv/lib/python3.10/site-packages/setuptools) by extension 'ros'
[1.326s] Level 1:colcon.colcon_core.package_identification:_identify(rospyvenv/lib/python3.10/site-packages/setuptools) by extensions ['cmake', 'python']
[1.326s] Level 1:colcon.colcon_core.package_identification:_identify(rospyvenv/lib/python3.10/site-packages/setuptools) by extension 'cmake'
[1.326s] Level 1:colcon.colcon_core.package_identification:_identify(rospyvenv/lib/python3.10/site-packages/setuptools) by extension 'python'
[1.326s] Level 1:colcon.colcon_core.package_identification:_identify(rospyvenv/lib/python3.10/site-packages/setuptools) by extensions ['python_setup_py']
[1.326s] Level 1:colcon.colcon_core.package_identification:_identify(rospyvenv/lib/python3.10/site-packages/setuptools) by extension 'python_setup_py'
[1.326s] Level 1:colcon.colcon_core.package_identification:_identify(rospyvenv/lib/python3.10/site-packages/setuptools/__pycache__) by extensions ['ignore', 'ignore_ament_install']
[1.326s] Level 1:colcon.colcon_core.package_identification:_identify(rospyvenv/lib/python3.10/site-packages/setuptools/__pycache__) by extension 'ignore'
[1.326s] Level 1:colcon.colcon_core.package_identification:_identify(rospyvenv/lib/python3.10/site-packages/setuptools/__pycache__) by extension 'ignore_ament_install'
[1.326s] Level 1:colcon.colcon_core.package_identification:_identify(rospyvenv/lib/python3.10/site-packages/setuptools/__pycache__) by extensions ['colcon_pkg']
[1.326s] Level 1:colcon.colcon_core.package_identification:_identify(rospyvenv/lib/python3.10/site-packages/setuptools/__pycache__) by extension 'colcon_pkg'
[1.326s] Level 1:colcon.colcon_core.package_identification:_identify(rospyvenv/lib/python3.10/site-packages/setuptools/__pycache__) by extensions ['colcon_meta']
[1.326s] Level 1:colcon.colcon_core.package_identification:_identify(rospyvenv/lib/python3.10/site-packages/setuptools/__pycache__) by extension 'colcon_meta'
[1.326s] Level 1:colcon.colcon_core.package_identification:_identify(rospyvenv/lib/python3.10/site-packages/setuptools/__pycache__) by extensions ['ros']
[1.326s] Level 1:colcon.colcon_core.package_identification:_identify(rospyvenv/lib/python3.10/site-packages/setuptools/__pycache__) by extension 'ros'
[1.327s] Level 1:colcon.colcon_core.package_identification:_identify(rospyvenv/lib/python3.10/site-packages/setuptools/__pycache__) by extensions ['cmake', 'python']
[1.327s] Level 1:colcon.colcon_core.package_identification:_identify(rospyvenv/lib/python3.10/site-packages/setuptools/__pycache__) by extension 'cmake'
[1.327s] Level 1:colcon.colcon_core.package_identification:_identify(rospyvenv/lib/python3.10/site-packages/setuptools/__pycache__) by extension 'python'
[1.327s] Level 1:colcon.colcon_core.package_identification:_identify(rospyvenv/lib/python3.10/site-packages/setuptools/__pycache__) by extensions ['python_setup_py']
[1.327s] Level 1:colcon.colcon_core.package_identification:_identify(rospyvenv/lib/python3.10/site-packages/setuptools/__pycache__) by extension 'python_setup_py'
[1.327s] Level 1:colcon.colcon_core.package_identification:_identify(rospyvenv/lib/python3.10/site-packages/setuptools/_distutils) by extensions ['ignore', 'ignore_ament_install']
[1.327s] Level 1:colcon.colcon_core.package_identification:_identify(rospyvenv/lib/python3.10/site-packages/setuptools/_distutils) by extension 'ignore'
[1.327s] Level 1:colcon.colcon_core.package_identification:_identify(rospyvenv/lib/python3.10/site-packages/setuptools/_distutils) by extension 'ignore_ament_install'
[1.327s] Level 1:colcon.colcon_core.package_identification:_identify(rospyvenv/lib/python3.10/site-packages/setuptools/_distutils) by extensions ['colcon_pkg']
[1.327s] Level 1:colcon.colcon_core.package_identification:_identify(rospyvenv/lib/python3.10/site-packages/setuptools/_distutils) by extension 'colcon_pkg'
[1.327s] Level 1:colcon.colcon_core.package_identification:_identify(rospyvenv/lib/python3.10/site-packages/setuptools/_distutils) by extensions ['colcon_meta']
[1.327s] Level 1:colcon.colcon_core.package_identification:_identify(rospyvenv/lib/python3.10/site-packages/setuptools/_distutils) by extension 'colcon_meta'
[1.327s] Level 1:colcon.colcon_core.package_identification:_identify(rospyvenv/lib/python3.10/site-packages/setuptools/_distutils) by extensions ['ros']
[1.327s] Level 1:colcon.colcon_core.package_identification:_identify(rospyvenv/lib/python3.10/site-packages/setuptools/_distutils) by extension 'ros'
[1.328s] Level 1:colcon.colcon_core.package_identification:_identify(rospyvenv/lib/python3.10/site-packages/setuptools/_distutils) by extensions ['cmake', 'python']
[1.328s] Level 1:colcon.colcon_core.package_identification:_identify(rospyvenv/lib/python3.10/site-packages/setuptools/_distutils) by extension 'cmake'
[1.328s] Level 1:colcon.colcon_core.package_identification:_identify(rospyvenv/lib/python3.10/site-packages/setuptools/_distutils) by extension 'python'
[1.328s] Level 1:colcon.colcon_core.package_identification:_identify(rospyvenv/lib/python3.10/site-packages/setuptools/_distutils) by extensions ['python_setup_py']
[1.328s] Level 1:colcon.colcon_core.package_identification:_identify(rospyvenv/lib/python3.10/site-packages/setuptools/_distutils) by extension 'python_setup_py'
[1.328s] Level 1:colcon.colcon_core.package_identification:_identify(rospyvenv/lib/python3.10/site-packages/setuptools/_distutils/__pycache__) by extensions ['ignore', 'ignore_ament_install']
[1.328s] Level 1:colcon.colcon_core.package_identification:_identify(rospyvenv/lib/python3.10/site-packages/setuptools/_distutils/__pycache__) by extension 'ignore'
[1.328s] Level 1:colcon.colcon_core.package_identification:_identify(rospyvenv/lib/python3.10/site-packages/setuptools/_distutils/__pycache__) by extension 'ignore_ament_install'
[1.328s] Level 1:colcon.colcon_core.package_identification:_identify(rospyvenv/lib/python3.10/site-packages/setuptools/_distutils/__pycache__) by extensions ['colcon_pkg']
[1.328s] Level 1:colcon.colcon_core.package_identification:_identify(rospyvenv/lib/python3.10/site-packages/setuptools/_distutils/__pycache__) by extension 'colcon_pkg'
[1.328s] Level 1:colcon.colcon_core.package_identification:_identify(rospyvenv/lib/python3.10/site-packages/setuptools/_distutils/__pycache__) by extensions ['colcon_meta']
[1.328s] Level 1:colcon.colcon_core.package_identification:_identify(rospyvenv/lib/python3.10/site-packages/setuptools/_distutils/__pycache__) by extension 'colcon_meta'
[1.329s] Level 1:colcon.colcon_core.package_identification:_identify(rospyvenv/lib/python3.10/site-packages/setuptools/_distutils/__pycache__) by extensions ['ros']
[1.329s] Level 1:colcon.colcon_core.package_identification:_identify(rospyvenv/lib/python3.10/site-packages/setuptools/_distutils/__pycache__) by extension 'ros'
[1.329s] Level 1:colcon.colcon_core.package_identification:_identify(rospyvenv/lib/python3.10/site-packages/setuptools/_distutils/__pycache__) by extensions ['cmake', 'python']
[1.329s] Level 1:colcon.colcon_core.package_identification:_identify(rospyvenv/lib/python3.10/site-packages/setuptools/_distutils/__pycache__) by extension 'cmake'
[1.329s] Level 1:colcon.colcon_core.package_identification:_identify(rospyvenv/lib/python3.10/site-packages/setuptools/_distutils/__pycache__) by extension 'python'
[1.329s] Level 1:colcon.colcon_core.package_identification:_identify(rospyvenv/lib/python3.10/site-packages/setuptools/_distutils/__pycache__) by extensions ['python_setup_py']
[1.329s] Level 1:colcon.colcon_core.package_identification:_identify(rospyvenv/lib/python3.10/site-packages/setuptools/_distutils/__pycache__) by extension 'python_setup_py'
[1.329s] Level 1:colcon.colcon_core.package_identification:_identify(rospyvenv/lib/python3.10/site-packages/setuptools/_distutils/command) by extensions ['ignore', 'ignore_ament_install']
[1.329s] Level 1:colcon.colcon_core.package_identification:_identify(rospyvenv/lib/python3.10/site-packages/setuptools/_distutils/command) by extension 'ignore'
[1.329s] Level 1:colcon.colcon_core.package_identification:_identify(rospyvenv/lib/python3.10/site-packages/setuptools/_distutils/command) by extension 'ignore_ament_install'
[1.329s] Level 1:colcon.colcon_core.package_identification:_identify(rospyvenv/lib/python3.10/site-packages/setuptools/_distutils/command) by extensions ['colcon_pkg']
[1.329s] Level 1:colcon.colcon_core.package_identification:_identify(rospyvenv/lib/python3.10/site-packages/setuptools/_distutils/command) by extension 'colcon_pkg'
[1.329s] Level 1:colcon.colcon_core.package_identification:_identify(rospyvenv/lib/python3.10/site-packages/setuptools/_distutils/command) by extensions ['colcon_meta']
[1.330s] Level 1:colcon.colcon_core.package_identification:_identify(rospyvenv/lib/python3.10/site-packages/setuptools/_distutils/command) by extension 'colcon_meta'
[1.330s] Level 1:colcon.colcon_core.package_identification:_identify(rospyvenv/lib/python3.10/site-packages/setuptools/_distutils/command) by extensions ['ros']
[1.330s] Level 1:colcon.colcon_core.package_identification:_identify(rospyvenv/lib/python3.10/site-packages/setuptools/_distutils/command) by extension 'ros'
[1.330s] Level 1:colcon.colcon_core.package_identification:_identify(rospyvenv/lib/python3.10/site-packages/setuptools/_distutils/command) by extensions ['cmake', 'python']
[1.330s] Level 1:colcon.colcon_core.package_identification:_identify(rospyvenv/lib/python3.10/site-packages/setuptools/_distutils/command) by extension 'cmake'
[1.330s] Level 1:colcon.colcon_core.package_identification:_identify(rospyvenv/lib/python3.10/site-packages/setuptools/_distutils/command) by extension 'python'
[1.330s] Level 1:colcon.colcon_core.package_identification:_identify(rospyvenv/lib/python3.10/site-packages/setuptools/_distutils/command) by extensions ['python_setup_py']
[1.330s] Level 1:colcon.colcon_core.package_identification:_identify(rospyvenv/lib/python3.10/site-packages/setuptools/_distutils/command) by extension 'python_setup_py'
[1.330s] Level 1:colcon.colcon_core.package_identification:_identify(rospyvenv/lib/python3.10/site-packages/setuptools/_distutils/command/__pycache__) by extensions ['ignore', 'ignore_ament_install']
[1.330s] Level 1:colcon.colcon_core.package_identification:_identify(rospyvenv/lib/python3.10/site-packages/setuptools/_distutils/command/__pycache__) by extension 'ignore'
[1.330s] Level 1:colcon.colcon_core.package_identification:_identify(rospyvenv/lib/python3.10/site-packages/setuptools/_distutils/command/__pycache__) by extension 'ignore_ament_install'
[1.330s] Level 1:colcon.colcon_core.package_identification:_identify(rospyvenv/lib/python3.10/site-packages/setuptools/_distutils/command/__pycache__) by extensions ['colcon_pkg']
[1.330s] Level 1:colcon.colcon_core.package_identification:_identify(rospyvenv/lib/python3.10/site-packages/setuptools/_distutils/command/__pycache__) by extension 'colcon_pkg'
[1.330s] Level 1:colcon.colcon_core.package_identification:_identify(rospyvenv/lib/python3.10/site-packages/setuptools/_distutils/command/__pycache__) by extensions ['colcon_meta']
[1.330s] Level 1:colcon.colcon_core.package_identification:_identify(rospyvenv/lib/python3.10/site-packages/setuptools/_distutils/command/__pycache__) by extension 'colcon_meta'
[1.331s] Level 1:colcon.colcon_core.package_identification:_identify(rospyvenv/lib/python3.10/site-packages/setuptools/_distutils/command/__pycache__) by extensions ['ros']
[1.331s] Level 1:colcon.colcon_core.package_identification:_identify(rospyvenv/lib/python3.10/site-packages/setuptools/_distutils/command/__pycache__) by extension 'ros'
[1.331s] Level 1:colcon.colcon_core.package_identification:_identify(rospyvenv/lib/python3.10/site-packages/setuptools/_distutils/command/__pycache__) by extensions ['cmake', 'python']
[1.331s] Level 1:colcon.colcon_core.package_identification:_identify(rospyvenv/lib/python3.10/site-packages/setuptools/_distutils/command/__pycache__) by extension 'cmake'
[1.331s] Level 1:colcon.colcon_core.package_identification:_identify(rospyvenv/lib/python3.10/site-packages/setuptools/_distutils/command/__pycache__) by extension 'python'
[1.331s] Level 1:colcon.colcon_core.package_identification:_identify(rospyvenv/lib/python3.10/site-packages/setuptools/_distutils/command/__pycache__) by extensions ['python_setup_py']
[1.331s] Level 1:colcon.colcon_core.package_identification:_identify(rospyvenv/lib/python3.10/site-packages/setuptools/_distutils/command/__pycache__) by extension 'python_setup_py'
[1.331s] Level 1:colcon.colcon_core.package_identification:_identify(rospyvenv/lib/python3.10/site-packages/setuptools/_vendor) by extensions ['ignore', 'ignore_ament_install']
[1.331s] Level 1:colcon.colcon_core.package_identification:_identify(rospyvenv/lib/python3.10/site-packages/setuptools/_vendor) by extension 'ignore'
[1.331s] Level 1:colcon.colcon_core.package_identification:_identify(rospyvenv/lib/python3.10/site-packages/setuptools/_vendor) by extension 'ignore_ament_install'
[1.331s] Level 1:colcon.colcon_core.package_identification:_identify(rospyvenv/lib/python3.10/site-packages/setuptools/_vendor) by extensions ['colcon_pkg']
[1.331s] Level 1:colcon.colcon_core.package_identification:_identify(rospyvenv/lib/python3.10/site-packages/setuptools/_vendor) by extension 'colcon_pkg'
[1.331s] Level 1:colcon.colcon_core.package_identification:_identify(rospyvenv/lib/python3.10/site-packages/setuptools/_vendor) by extensions ['colcon_meta']
[1.331s] Level 1:colcon.colcon_core.package_identification:_identify(rospyvenv/lib/python3.10/site-packages/setuptools/_vendor) by extension 'colcon_meta'
[1.332s] Level 1:colcon.colcon_core.package_identification:_identify(rospyvenv/lib/python3.10/site-packages/setuptools/_vendor) by extensions ['ros']
[1.332s] Level 1:colcon.colcon_core.package_identification:_identify(rospyvenv/lib/python3.10/site-packages/setuptools/_vendor) by extension 'ros'
[1.332s] Level 1:colcon.colcon_core.package_identification:_identify(rospyvenv/lib/python3.10/site-packages/setuptools/_vendor) by extensions ['cmake', 'python']
[1.332s] Level 1:colcon.colcon_core.package_identification:_identify(rospyvenv/lib/python3.10/site-packages/setuptools/_vendor) by extension 'cmake'
[1.332s] Level 1:colcon.colcon_core.package_identification:_identify(rospyvenv/lib/python3.10/site-packages/setuptools/_vendor) by extension 'python'
[1.332s] Level 1:colcon.colcon_core.package_identification:_identify(rospyvenv/lib/python3.10/site-packages/setuptools/_vendor) by extensions ['python_setup_py']
[1.332s] Level 1:colcon.colcon_core.package_identification:_identify(rospyvenv/lib/python3.10/site-packages/setuptools/_vendor) by extension 'python_setup_py'
[1.332s] Level 1:colcon.colcon_core.package_identification:_identify(rospyvenv/lib/python3.10/site-packages/setuptools/_vendor/__pycache__) by extensions ['ignore', 'ignore_ament_install']
[1.332s] Level 1:colcon.colcon_core.package_identification:_identify(rospyvenv/lib/python3.10/site-packages/setuptools/_vendor/__pycache__) by extension 'ignore'
[1.332s] Level 1:colcon.colcon_core.package_identification:_identify(rospyvenv/lib/python3.10/site-packages/setuptools/_vendor/__pycache__) by extension 'ignore_ament_install'
[1.332s] Level 1:colcon.colcon_core.package_identification:_identify(rospyvenv/lib/python3.10/site-packages/setuptools/_vendor/__pycache__) by extensions ['colcon_pkg']
[1.332s] Level 1:colcon.colcon_core.package_identification:_identify(rospyvenv/lib/python3.10/site-packages/setuptools/_vendor/__pycache__) by extension 'colcon_pkg'
[1.333s] Level 1:colcon.colcon_core.package_identification:_identify(rospyvenv/lib/python3.10/site-packages/setuptools/_vendor/__pycache__) by extensions ['colcon_meta']
[1.333s] Level 1:colcon.colcon_core.package_identification:_identify(rospyvenv/lib/python3.10/site-packages/setuptools/_vendor/__pycache__) by extension 'colcon_meta'
[1.333s] Level 1:colcon.colcon_core.package_identification:_identify(rospyvenv/lib/python3.10/site-packages/setuptools/_vendor/__pycache__) by extensions ['ros']
[1.333s] Level 1:colcon.colcon_core.package_identification:_identify(rospyvenv/lib/python3.10/site-packages/setuptools/_vendor/__pycache__) by extension 'ros'
[1.333s] Level 1:colcon.colcon_core.package_identification:_identify(rospyvenv/lib/python3.10/site-packages/setuptools/_vendor/__pycache__) by extensions ['cmake', 'python']
[1.333s] Level 1:colcon.colcon_core.package_identification:_identify(rospyvenv/lib/python3.10/site-packages/setuptools/_vendor/__pycache__) by extension 'cmake'
[1.333s] Level 1:colcon.colcon_core.package_identification:_identify(rospyvenv/lib/python3.10/site-packages/setuptools/_vendor/__pycache__) by extension 'python'
[1.333s] Level 1:colcon.colcon_core.package_identification:_identify(rospyvenv/lib/python3.10/site-packages/setuptools/_vendor/__pycache__) by extensions ['python_setup_py']
[1.333s] Level 1:colcon.colcon_core.package_identification:_identify(rospyvenv/lib/python3.10/site-packages/setuptools/_vendor/__pycache__) by extension 'python_setup_py'
[1.333s] Level 1:colcon.colcon_core.package_identification:_identify(rospyvenv/lib/python3.10/site-packages/setuptools/_vendor/more_itertools) by extensions ['ignore', 'ignore_ament_install']
[1.333s] Level 1:colcon.colcon_core.package_identification:_identify(rospyvenv/lib/python3.10/site-packages/setuptools/_vendor/more_itertools) by extension 'ignore'
[1.333s] Level 1:colcon.colcon_core.package_identification:_identify(rospyvenv/lib/python3.10/site-packages/setuptools/_vendor/more_itertools) by extension 'ignore_ament_install'
[1.333s] Level 1:colcon.colcon_core.package_identification:_identify(rospyvenv/lib/python3.10/site-packages/setuptools/_vendor/more_itertools) by extensions ['colcon_pkg']
[1.333s] Level 1:colcon.colcon_core.package_identification:_identify(rospyvenv/lib/python3.10/site-packages/setuptools/_vendor/more_itertools) by extension 'colcon_pkg'
[1.333s] Level 1:colcon.colcon_core.package_identification:_identify(rospyvenv/lib/python3.10/site-packages/setuptools/_vendor/more_itertools) by extensions ['colcon_meta']
[1.333s] Level 1:colcon.colcon_core.package_identification:_identify(rospyvenv/lib/python3.10/site-packages/setuptools/_vendor/more_itertools) by extension 'colcon_meta'
[1.334s] Level 1:colcon.colcon_core.package_identification:_identify(rospyvenv/lib/python3.10/site-packages/setuptools/_vendor/more_itertools) by extensions ['ros']
[1.334s] Level 1:colcon.colcon_core.package_identification:_identify(rospyvenv/lib/python3.10/site-packages/setuptools/_vendor/more_itertools) by extension 'ros'
[1.334s] Level 1:colcon.colcon_core.package_identification:_identify(rospyvenv/lib/python3.10/site-packages/setuptools/_vendor/more_itertools) by extensions ['cmake', 'python']
[1.334s] Level 1:colcon.colcon_core.package_identification:_identify(rospyvenv/lib/python3.10/site-packages/setuptools/_vendor/more_itertools) by extension 'cmake'
[1.334s] Level 1:colcon.colcon_core.package_identification:_identify(rospyvenv/lib/python3.10/site-packages/setuptools/_vendor/more_itertools) by extension 'python'
[1.334s] Level 1:colcon.colcon_core.package_identification:_identify(rospyvenv/lib/python3.10/site-packages/setuptools/_vendor/more_itertools) by extensions ['python_setup_py']
[1.334s] Level 1:colcon.colcon_core.package_identification:_identify(rospyvenv/lib/python3.10/site-packages/setuptools/_vendor/more_itertools) by extension 'python_setup_py'
[1.334s] Level 1:colcon.colcon_core.package_identification:_identify(rospyvenv/lib/python3.10/site-packages/setuptools/_vendor/more_itertools/__pycache__) by extensions ['ignore', 'ignore_ament_install']
[1.334s] Level 1:colcon.colcon_core.package_identification:_identify(rospyvenv/lib/python3.10/site-packages/setuptools/_vendor/more_itertools/__pycache__) by extension 'ignore'
[1.334s] Level 1:colcon.colcon_core.package_identification:_identify(rospyvenv/lib/python3.10/site-packages/setuptools/_vendor/more_itertools/__pycache__) by extension 'ignore_ament_install'
[1.335s] Level 1:colcon.colcon_core.package_identification:_identify(rospyvenv/lib/python3.10/site-packages/setuptools/_vendor/more_itertools/__pycache__) by extensions ['colcon_pkg']
[1.335s] Level 1:colcon.colcon_core.package_identification:_identify(rospyvenv/lib/python3.10/site-packages/setuptools/_vendor/more_itertools/__pycache__) by extension 'colcon_pkg'
[1.335s] Level 1:colcon.colcon_core.package_identification:_identify(rospyvenv/lib/python3.10/site-packages/setuptools/_vendor/more_itertools/__pycache__) by extensions ['colcon_meta']
[1.335s] Level 1:colcon.colcon_core.package_identification:_identify(rospyvenv/lib/python3.10/site-packages/setuptools/_vendor/more_itertools/__pycache__) by extension 'colcon_meta'
[1.335s] Level 1:colcon.colcon_core.package_identification:_identify(rospyvenv/lib/python3.10/site-packages/setuptools/_vendor/more_itertools/__pycache__) by extensions ['ros']
[1.335s] Level 1:colcon.colcon_core.package_identification:_identify(rospyvenv/lib/python3.10/site-packages/setuptools/_vendor/more_itertools/__pycache__) by extension 'ros'
[1.335s] Level 1:colcon.colcon_core.package_identification:_identify(rospyvenv/lib/python3.10/site-packages/setuptools/_vendor/more_itertools/__pycache__) by extensions ['cmake', 'python']
[1.335s] Level 1:colcon.colcon_core.package_identification:_identify(rospyvenv/lib/python3.10/site-packages/setuptools/_vendor/more_itertools/__pycache__) by extension 'cmake'
[1.335s] Level 1:colcon.colcon_core.package_identification:_identify(rospyvenv/lib/python3.10/site-packages/setuptools/_vendor/more_itertools/__pycache__) by extension 'python'
[1.335s] Level 1:colcon.colcon_core.package_identification:_identify(rospyvenv/lib/python3.10/site-packages/setuptools/_vendor/more_itertools/__pycache__) by extensions ['python_setup_py']
[1.335s] Level 1:colcon.colcon_core.package_identification:_identify(rospyvenv/lib/python3.10/site-packages/setuptools/_vendor/more_itertools/__pycache__) by extension 'python_setup_py'
[1.335s] Level 1:colcon.colcon_core.package_identification:_identify(rospyvenv/lib/python3.10/site-packages/setuptools/_vendor/packaging) by extensions ['ignore', 'ignore_ament_install']
[1.335s] Level 1:colcon.colcon_core.package_identification:_identify(rospyvenv/lib/python3.10/site-packages/setuptools/_vendor/packaging) by extension 'ignore'
[1.335s] Level 1:colcon.colcon_core.package_identification:_identify(rospyvenv/lib/python3.10/site-packages/setuptools/_vendor/packaging) by extension 'ignore_ament_install'
[1.335s] Level 1:colcon.colcon_core.package_identification:_identify(rospyvenv/lib/python3.10/site-packages/setuptools/_vendor/packaging) by extensions ['colcon_pkg']
[1.336s] Level 1:colcon.colcon_core.package_identification:_identify(rospyvenv/lib/python3.10/site-packages/setuptools/_vendor/packaging) by extension 'colcon_pkg'
[1.336s] Level 1:colcon.colcon_core.package_identification:_identify(rospyvenv/lib/python3.10/site-packages/setuptools/_vendor/packaging) by extensions ['colcon_meta']
[1.336s] Level 1:colcon.colcon_core.package_identification:_identify(rospyvenv/lib/python3.10/site-packages/setuptools/_vendor/packaging) by extension 'colcon_meta'
[1.336s] Level 1:colcon.colcon_core.package_identification:_identify(rospyvenv/lib/python3.10/site-packages/setuptools/_vendor/packaging) by extensions ['ros']
[1.336s] Level 1:colcon.colcon_core.package_identification:_identify(rospyvenv/lib/python3.10/site-packages/setuptools/_vendor/packaging) by extension 'ros'
[1.336s] Level 1:colcon.colcon_core.package_identification:_identify(rospyvenv/lib/python3.10/site-packages/setuptools/_vendor/packaging) by extensions ['cmake', 'python']
[1.336s] Level 1:colcon.colcon_core.package_identification:_identify(rospyvenv/lib/python3.10/site-packages/setuptools/_vendor/packaging) by extension 'cmake'
[1.336s] Level 1:colcon.colcon_core.package_identification:_identify(rospyvenv/lib/python3.10/site-packages/setuptools/_vendor/packaging) by extension 'python'
[1.336s] Level 1:colcon.colcon_core.package_identification:_identify(rospyvenv/lib/python3.10/site-packages/setuptools/_vendor/packaging) by extensions ['python_setup_py']
[1.336s] Level 1:colcon.colcon_core.package_identification:_identify(rospyvenv/lib/python3.10/site-packages/setuptools/_vendor/packaging) by extension 'python_setup_py'
[1.336s] Level 1:colcon.colcon_core.package_identification:_identify(rospyvenv/lib/python3.10/site-packages/setuptools/_vendor/packaging/__pycache__) by extensions ['ignore', 'ignore_ament_install']
[1.336s] Level 1:colcon.colcon_core.package_identification:_identify(rospyvenv/lib/python3.10/site-packages/setuptools/_vendor/packaging/__pycache__) by extension 'ignore'
[1.336s] Level 1:colcon.colcon_core.package_identification:_identify(rospyvenv/lib/python3.10/site-packages/setuptools/_vendor/packaging/__pycache__) by extension 'ignore_ament_install'
[1.337s] Level 1:colcon.colcon_core.package_identification:_identify(rospyvenv/lib/python3.10/site-packages/setuptools/_vendor/packaging/__pycache__) by extensions ['colcon_pkg']
[1.337s] Level 1:colcon.colcon_core.package_identification:_identify(rospyvenv/lib/python3.10/site-packages/setuptools/_vendor/packaging/__pycache__) by extension 'colcon_pkg'
[1.337s] Level 1:colcon.colcon_core.package_identification:_identify(rospyvenv/lib/python3.10/site-packages/setuptools/_vendor/packaging/__pycache__) by extensions ['colcon_meta']
[1.337s] Level 1:colcon.colcon_core.package_identification:_identify(rospyvenv/lib/python3.10/site-packages/setuptools/_vendor/packaging/__pycache__) by extension 'colcon_meta'
[1.337s] Level 1:colcon.colcon_core.package_identification:_identify(rospyvenv/lib/python3.10/site-packages/setuptools/_vendor/packaging/__pycache__) by extensions ['ros']
[1.337s] Level 1:colcon.colcon_core.package_identification:_identify(rospyvenv/lib/python3.10/site-packages/setuptools/_vendor/packaging/__pycache__) by extension 'ros'
[1.337s] Level 1:colcon.colcon_core.package_identification:_identify(rospyvenv/lib/python3.10/site-packages/setuptools/_vendor/packaging/__pycache__) by extensions ['cmake', 'python']
[1.337s] Level 1:colcon.colcon_core.package_identification:_identify(rospyvenv/lib/python3.10/site-packages/setuptools/_vendor/packaging/__pycache__) by extension 'cmake'
[1.337s] Level 1:colcon.colcon_core.package_identification:_identify(rospyvenv/lib/python3.10/site-packages/setuptools/_vendor/packaging/__pycache__) by extension 'python'
[1.337s] Level 1:colcon.colcon_core.package_identification:_identify(rospyvenv/lib/python3.10/site-packages/setuptools/_vendor/packaging/__pycache__) by extensions ['python_setup_py']
[1.337s] Level 1:colcon.colcon_core.package_identification:_identify(rospyvenv/lib/python3.10/site-packages/setuptools/_vendor/packaging/__pycache__) by extension 'python_setup_py'
[1.337s] Level 1:colcon.colcon_core.package_identification:_identify(rospyvenv/lib/python3.10/site-packages/setuptools/command) by extensions ['ignore', 'ignore_ament_install']
[1.337s] Level 1:colcon.colcon_core.package_identification:_identify(rospyvenv/lib/python3.10/site-packages/setuptools/command) by extension 'ignore'
[1.338s] Level 1:colcon.colcon_core.package_identification:_identify(rospyvenv/lib/python3.10/site-packages/setuptools/command) by extension 'ignore_ament_install'
[1.338s] Level 1:colcon.colcon_core.package_identification:_identify(rospyvenv/lib/python3.10/site-packages/setuptools/command) by extensions ['colcon_pkg']
[1.338s] Level 1:colcon.colcon_core.package_identification:_identify(rospyvenv/lib/python3.10/site-packages/setuptools/command) by extension 'colcon_pkg'
[1.338s] Level 1:colcon.colcon_core.package_identification:_identify(rospyvenv/lib/python3.10/site-packages/setuptools/command) by extensions ['colcon_meta']
[1.338s] Level 1:colcon.colcon_core.package_identification:_identify(rospyvenv/lib/python3.10/site-packages/setuptools/command) by extension 'colcon_meta'
[1.338s] Level 1:colcon.colcon_core.package_identification:_identify(rospyvenv/lib/python3.10/site-packages/setuptools/command) by extensions ['ros']
[1.338s] Level 1:colcon.colcon_core.package_identification:_identify(rospyvenv/lib/python3.10/site-packages/setuptools/command) by extension 'ros'
[1.338s] Level 1:colcon.colcon_core.package_identification:_identify(rospyvenv/lib/python3.10/site-packages/setuptools/command) by extensions ['cmake', 'python']
[1.338s] Level 1:colcon.colcon_core.package_identification:_identify(rospyvenv/lib/python3.10/site-packages/setuptools/command) by extension 'cmake'
[1.338s] Level 1:colcon.colcon_core.package_identification:_identify(rospyvenv/lib/python3.10/site-packages/setuptools/command) by extension 'python'
[1.338s] Level 1:colcon.colcon_core.package_identification:_identify(rospyvenv/lib/python3.10/site-packages/setuptools/command) by extensions ['python_setup_py']
[1.338s] Level 1:colcon.colcon_core.package_identification:_identify(rospyvenv/lib/python3.10/site-packages/setuptools/command) by extension 'python_setup_py'
[1.338s] Level 1:colcon.colcon_core.package_identification:_identify(rospyvenv/lib/python3.10/site-packages/setuptools/command/__pycache__) by extensions ['ignore', 'ignore_ament_install']
[1.339s] Level 1:colcon.colcon_core.package_identification:_identify(rospyvenv/lib/python3.10/site-packages/setuptools/command/__pycache__) by extension 'ignore'
[1.339s] Level 1:colcon.colcon_core.package_identification:_identify(rospyvenv/lib/python3.10/site-packages/setuptools/command/__pycache__) by extension 'ignore_ament_install'
[1.339s] Level 1:colcon.colcon_core.package_identification:_identify(rospyvenv/lib/python3.10/site-packages/setuptools/command/__pycache__) by extensions ['colcon_pkg']
[1.339s] Level 1:colcon.colcon_core.package_identification:_identify(rospyvenv/lib/python3.10/site-packages/setuptools/command/__pycache__) by extension 'colcon_pkg'
[1.339s] Level 1:colcon.colcon_core.package_identification:_identify(rospyvenv/lib/python3.10/site-packages/setuptools/command/__pycache__) by extensions ['colcon_meta']
[1.339s] Level 1:colcon.colcon_core.package_identification:_identify(rospyvenv/lib/python3.10/site-packages/setuptools/command/__pycache__) by extension 'colcon_meta'
[1.339s] Level 1:colcon.colcon_core.package_identification:_identify(rospyvenv/lib/python3.10/site-packages/setuptools/command/__pycache__) by extensions ['ros']
[1.339s] Level 1:colcon.colcon_core.package_identification:_identify(rospyvenv/lib/python3.10/site-packages/setuptools/command/__pycache__) by extension 'ros'
[1.339s] Level 1:colcon.colcon_core.package_identification:_identify(rospyvenv/lib/python3.10/site-packages/setuptools/command/__pycache__) by extensions ['cmake', 'python']
[1.339s] Level 1:colcon.colcon_core.package_identification:_identify(rospyvenv/lib/python3.10/site-packages/setuptools/command/__pycache__) by extension 'cmake'
[1.339s] Level 1:colcon.colcon_core.package_identification:_identify(rospyvenv/lib/python3.10/site-packages/setuptools/command/__pycache__) by extension 'python'
[1.339s] Level 1:colcon.colcon_core.package_identification:_identify(rospyvenv/lib/python3.10/site-packages/setuptools/command/__pycache__) by extensions ['python_setup_py']
[1.339s] Level 1:colcon.colcon_core.package_identification:_identify(rospyvenv/lib/python3.10/site-packages/setuptools/command/__pycache__) by extension 'python_setup_py'
[1.340s] Level 1:colcon.colcon_core.package_identification:_identify(rospyvenv/lib/python3.10/site-packages/setuptools/extern) by extensions ['ignore', 'ignore_ament_install']
[1.340s] Level 1:colcon.colcon_core.package_identification:_identify(rospyvenv/lib/python3.10/site-packages/setuptools/extern) by extension 'ignore'
[1.340s] Level 1:colcon.colcon_core.package_identification:_identify(rospyvenv/lib/python3.10/site-packages/setuptools/extern) by extension 'ignore_ament_install'
[1.340s] Level 1:colcon.colcon_core.package_identification:_identify(rospyvenv/lib/python3.10/site-packages/setuptools/extern) by extensions ['colcon_pkg']
[1.340s] Level 1:colcon.colcon_core.package_identification:_identify(rospyvenv/lib/python3.10/site-packages/setuptools/extern) by extension 'colcon_pkg'
[1.340s] Level 1:colcon.colcon_core.package_identification:_identify(rospyvenv/lib/python3.10/site-packages/setuptools/extern) by extensions ['colcon_meta']
[1.340s] Level 1:colcon.colcon_core.package_identification:_identify(rospyvenv/lib/python3.10/site-packages/setuptools/extern) by extension 'colcon_meta'
[1.340s] Level 1:colcon.colcon_core.package_identification:_identify(rospyvenv/lib/python3.10/site-packages/setuptools/extern) by extensions ['ros']
[1.340s] Level 1:colcon.colcon_core.package_identification:_identify(rospyvenv/lib/python3.10/site-packages/setuptools/extern) by extension 'ros'
[1.340s] Level 1:colcon.colcon_core.package_identification:_identify(rospyvenv/lib/python3.10/site-packages/setuptools/extern) by extensions ['cmake', 'python']
[1.340s] Level 1:colcon.colcon_core.package_identification:_identify(rospyvenv/lib/python3.10/site-packages/setuptools/extern) by extension 'cmake'
[1.340s] Level 1:colcon.colcon_core.package_identification:_identify(rospyvenv/lib/python3.10/site-packages/setuptools/extern) by extension 'python'
[1.340s] Level 1:colcon.colcon_core.package_identification:_identify(rospyvenv/lib/python3.10/site-packages/setuptools/extern) by extensions ['python_setup_py']
[1.340s] Level 1:colcon.colcon_core.package_identification:_identify(rospyvenv/lib/python3.10/site-packages/setuptools/extern) by extension 'python_setup_py'
[1.340s] Level 1:colcon.colcon_core.package_identification:_identify(rospyvenv/lib/python3.10/site-packages/setuptools/extern/__pycache__) by extensions ['ignore', 'ignore_ament_install']
[1.341s] Level 1:colcon.colcon_core.package_identification:_identify(rospyvenv/lib/python3.10/site-packages/setuptools/extern/__pycache__) by extension 'ignore'
[1.341s] Level 1:colcon.colcon_core.package_identification:_identify(rospyvenv/lib/python3.10/site-packages/setuptools/extern/__pycache__) by extension 'ignore_ament_install'
[1.341s] Level 1:colcon.colcon_core.package_identification:_identify(rospyvenv/lib/python3.10/site-packages/setuptools/extern/__pycache__) by extensions ['colcon_pkg']
[1.341s] Level 1:colcon.colcon_core.package_identification:_identify(rospyvenv/lib/python3.10/site-packages/setuptools/extern/__pycache__) by extension 'colcon_pkg'
[1.341s] Level 1:colcon.colcon_core.package_identification:_identify(rospyvenv/lib/python3.10/site-packages/setuptools/extern/__pycache__) by extensions ['colcon_meta']
[1.341s] Level 1:colcon.colcon_core.package_identification:_identify(rospyvenv/lib/python3.10/site-packages/setuptools/extern/__pycache__) by extension 'colcon_meta'
[1.341s] Level 1:colcon.colcon_core.package_identification:_identify(rospyvenv/lib/python3.10/site-packages/setuptools/extern/__pycache__) by extensions ['ros']
[1.341s] Level 1:colcon.colcon_core.package_identification:_identify(rospyvenv/lib/python3.10/site-packages/setuptools/extern/__pycache__) by extension 'ros'
[1.341s] Level 1:colcon.colcon_core.package_identification:_identify(rospyvenv/lib/python3.10/site-packages/setuptools/extern/__pycache__) by extensions ['cmake', 'python']
[1.341s] Level 1:colcon.colcon_core.package_identification:_identify(rospyvenv/lib/python3.10/site-packages/setuptools/extern/__pycache__) by extension 'cmake'
[1.341s] Level 1:colcon.colcon_core.package_identification:_identify(rospyvenv/lib/python3.10/site-packages/setuptools/extern/__pycache__) by extension 'python'
[1.341s] Level 1:colcon.colcon_core.package_identification:_identify(rospyvenv/lib/python3.10/site-packages/setuptools/extern/__pycache__) by extensions ['python_setup_py']
[1.341s] Level 1:colcon.colcon_core.package_identification:_identify(rospyvenv/lib/python3.10/site-packages/setuptools/extern/__pycache__) by extension 'python_setup_py'
[1.341s] Level 1:colcon.colcon_core.package_identification:_identify(rospyvenv/lib/python3.10/site-packages/setuptools-59.6.0.dist-info) by extensions ['ignore', 'ignore_ament_install']
[1.342s] Level 1:colcon.colcon_core.package_identification:_identify(rospyvenv/lib/python3.10/site-packages/setuptools-59.6.0.dist-info) by extension 'ignore'
[1.342s] Level 1:colcon.colcon_core.package_identification:_identify(rospyvenv/lib/python3.10/site-packages/setuptools-59.6.0.dist-info) by extension 'ignore_ament_install'
[1.342s] Level 1:colcon.colcon_core.package_identification:_identify(rospyvenv/lib/python3.10/site-packages/setuptools-59.6.0.dist-info) by extensions ['colcon_pkg']
[1.342s] Level 1:colcon.colcon_core.package_identification:_identify(rospyvenv/lib/python3.10/site-packages/setuptools-59.6.0.dist-info) by extension 'colcon_pkg'
[1.342s] Level 1:colcon.colcon_core.package_identification:_identify(rospyvenv/lib/python3.10/site-packages/setuptools-59.6.0.dist-info) by extensions ['colcon_meta']
[1.342s] Level 1:colcon.colcon_core.package_identification:_identify(rospyvenv/lib/python3.10/site-packages/setuptools-59.6.0.dist-info) by extension 'colcon_meta'
[1.342s] Level 1:colcon.colcon_core.package_identification:_identify(rospyvenv/lib/python3.10/site-packages/setuptools-59.6.0.dist-info) by extensions ['ros']
[1.342s] Level 1:colcon.colcon_core.package_identification:_identify(rospyvenv/lib/python3.10/site-packages/setuptools-59.6.0.dist-info) by extension 'ros'
[1.342s] Level 1:colcon.colcon_core.package_identification:_identify(rospyvenv/lib/python3.10/site-packages/setuptools-59.6.0.dist-info) by extensions ['cmake', 'python']
[1.342s] Level 1:colcon.colcon_core.package_identification:_identify(rospyvenv/lib/python3.10/site-packages/setuptools-59.6.0.dist-info) by extension 'cmake'
[1.342s] Level 1:colcon.colcon_core.package_identification:_identify(rospyvenv/lib/python3.10/site-packages/setuptools-59.6.0.dist-info) by extension 'python'
[1.342s] Level 1:colcon.colcon_core.package_identification:_identify(rospyvenv/lib/python3.10/site-packages/setuptools-59.6.0.dist-info) by extensions ['python_setup_py']
[1.342s] Level 1:colcon.colcon_core.package_identification:_identify(rospyvenv/lib/python3.10/site-packages/setuptools-59.6.0.dist-info) by extension 'python_setup_py'
[1.342s] Level 1:colcon.colcon_core.package_discovery:discover_packages(recursive) using defaults
[1.342s] Level 1:colcon.colcon_core.package_discovery:discover_packages(ignore) discover
[1.342s] Level 1:colcon.colcon_core.package_discovery:discover_packages(ignore) using defaults
[1.342s] Level 1:colcon.colcon_core.package_discovery:discover_packages(path) discover
[1.342s] Level 1:colcon.colcon_core.package_discovery:discover_packages(path) using defaults
[1.375s] Level 1:colcon.colcon_core.package_discovery:discover_packages(prefix_path) check parameters
[1.375s] Level 1:colcon.colcon_core.package_discovery:discover_packages(prefix_path) discover
[1.382s] DEBUG:colcon.colcon_installed_package_information.package_discovery:Found 3 installed packages in /home/d-vinn/ros2_study/install
[1.385s] DEBUG:colcon.colcon_installed_package_information.package_discovery:Found 329 installed packages in /opt/ros/humble
[1.386s] Level 1:colcon.colcon_core.package_discovery:discover_packages(prefix_path) using defaults
[1.489s] Level 5:colcon.colcon_core.verb:set package 'my-test-package' build argument 'cmake_args' from command line to 'None'
[1.489s] Level 5:colcon.colcon_core.verb:set package 'my-test-package' build argument 'cmake_target' from command line to 'None'
[1.489s] Level 5:colcon.colcon_core.verb:set package 'my-test-package' build argument 'cmake_target_skip_unavailable' from command line to 'False'
[1.489s] Level 5:colcon.colcon_core.verb:set package 'my-test-package' build argument 'cmake_clean_cache' from command line to 'False'
[1.489s] Level 5:colcon.colcon_core.verb:set package 'my-test-package' build argument 'cmake_clean_first' from command line to 'False'
[1.489s] Level 5:colcon.colcon_core.verb:set package 'my-test-package' build argument 'cmake_force_configure' from command line to 'False'
[1.489s] Level 5:colcon.colcon_core.verb:set package 'my-test-package' build argument 'ament_cmake_args' from command line to 'None'
[1.489s] Level 5:colcon.colcon_core.verb:set package 'my-test-package' build argument 'catkin_cmake_args' from command line to 'None'
[1.489s] Level 5:colcon.colcon_core.verb:set package 'my-test-package' build argument 'catkin_skip_building_tests' from command line to 'False'
[1.489s] DEBUG:colcon.colcon_core.verb:Building package 'my-test-package' with the following arguments: {'ament_cmake_args': None, 'build_base': '/home/d-vinn/ros2_study/src/ros-turtle-control/ros-turtle-control/build/my-test-package', 'catkin_cmake_args': None, 'catkin_skip_building_tests': False, 'cmake_args': None, 'cmake_clean_cache': False, 'cmake_clean_first': False, 'cmake_force_configure': False, 'cmake_target': None, 'cmake_target_skip_unavailable': False, 'install_base': '/home/d-vinn/ros2_study/src/ros-turtle-control/ros-turtle-control/install/my-test-package', 'merge_install': False, 'path': '/home/d-vinn/ros2_study/src/ros-turtle-control/ros-turtle-control/rospyvenv/lib/python3.10/site-packages/pkg_resources/tests/data/my-test-package-source', 'symlink_install': False, 'test_result_base': None}
[1.490s] Level 5:colcon.colcon_core.verb:set package 'ros_pkg' build argument 'cmake_args' from command line to 'None'
[1.490s] Level 5:colcon.colcon_core.verb:set package 'ros_pkg' build argument 'cmake_target' from command line to 'None'
[1.490s] Level 5:colcon.colcon_core.verb:set package 'ros_pkg' build argument 'cmake_target_skip_unavailable' from command line to 'False'
[1.490s] Level 5:colcon.colcon_core.verb:set package 'ros_pkg' build argument 'cmake_clean_cache' from command line to 'False'
[1.490s] Level 5:colcon.colcon_core.verb:set package 'ros_pkg' build argument 'cmake_clean_first' from command line to 'False'
[1.490s] Level 5:colcon.colcon_core.verb:set package 'ros_pkg' build argument 'cmake_force_configure' from command line to 'False'
[1.490s] Level 5:colcon.colcon_core.verb:set package 'ros_pkg' build argument 'ament_cmake_args' from command line to 'None'
[1.490s] Level 5:colcon.colcon_core.verb:set package 'ros_pkg' build argument 'catkin_cmake_args' from command line to 'None'
[1.490s] Level 5:colcon.colcon_core.verb:set package 'ros_pkg' build argument 'catkin_skip_building_tests' from command line to 'False'
[1.490s] DEBUG:colcon.colcon_core.verb:Building package 'ros_pkg' with the following arguments: {'ament_cmake_args': None, 'build_base': '/home/d-vinn/ros2_study/src/ros-turtle-control/ros-turtle-control/build/ros_pkg', 'catkin_cmake_args': None, 'catkin_skip_building_tests': False, 'cmake_args': None, 'cmake_clean_cache': False, 'cmake_clean_first': False, 'cmake_force_configure': False, 'cmake_target': None, 'cmake_target_skip_unavailable': False, 'install_base': '/home/d-vinn/ros2_study/src/ros-turtle-control/ros-turtle-control/install/ros_pkg', 'merge_install': False, 'path': '/home/d-vinn/ros2_study/src/ros-turtle-control/ros-turtle-control/ros_pkg', 'symlink_install': False, 'test_result_base': None}
[1.490s] INFO:colcon.colcon_core.executor:Executing jobs using 'parallel' executor
[1.491s] DEBUG:colcon.colcon_parallel_executor.executor.parallel:run_until_complete
[1.491s] INFO:colcon.colcon_core.task.python.build:Building Python package in '/home/d-vinn/ros2_study/src/ros-turtle-control/ros-turtle-control/rospyvenv/lib/python3.10/site-packages/pkg_resources/tests/data/my-test-package-source'
[1.497s] INFO:colcon.colcon_core.plugin_system:Skipping extension 'colcon_core.shell.bat': Not used on non-Windows systems
[1.497s] INFO:colcon.colcon_core.shell:Skip shell extension 'powershell' for command environment: Not usable outside of PowerShell
[1.497s] DEBUG:colcon.colcon_core.shell:Skip shell extension 'dsv' for command environment
[1.501s] INFO:colcon.colcon_ros.task.ament_cmake.build:Building ROS package in '/home/d-vinn/ros2_study/src/ros-turtle-control/ros-turtle-control/ros_pkg' with build type 'ament_cmake'
[1.501s] INFO:colcon.colcon_cmake.task.cmake.build:Building CMake package in '/home/d-vinn/ros2_study/src/ros-turtle-control/ros-turtle-control/ros_pkg'
[1.501s] INFO:colcon.colcon_core.shell:Skip shell extension 'powershell' for command environment: Not usable outside of PowerShell
[1.501s] DEBUG:colcon.colcon_core.shell:Skip shell extension 'dsv' for command environment
[1.743s] DEBUG:colcon.colcon_core.event_handler.log_command:Invoking command in '/home/d-vinn/ros2_study/src/ros-turtle-control/ros-turtle-control/build/ros_pkg': CMAKE_PREFIX_PATH=${CMAKE_PREFIX_PATH}:/home/d-vinn/ros2_study/install/my_first_package:/opt/ros/humble PS1=\[\e]0;\u@\h: \w\a\]${debian_chroot:+($debian_chroot)}\[\033[01;32m\]\u@\h\[\033[00m\]:\[\033[01;34m\]\w\[\033[00m\]\$ VIRTUAL_ENV_PROMPT=(rospyvenv) /usr/bin/cmake /home/d-vinn/ros2_study/src/ros-turtle-control/ros-turtle-control/ros_pkg -DCMAKE_INSTALL_PREFIX=/home/d-vinn/ros2_study/src/ros-turtle-control/ros-turtle-control/install/ros_pkg
[2.104s] DEBUG:colcon.colcon_core.task.python.build:Available setuptools commands: build_scripts, register, build_clib, build_py, build_ext, bdist, symlink_data, update_catalog, easy_install, upload_docs, install_data, upload, saveopts, egg_info, build, bdist_egg, install_scripts, bdist_wheel, install_headers, sdist, check, compile_catalog, install_lib, develop, clean, install, extract_messages, init_catalog, bdist_dumb, alias, test, bdist_rpm, install_egg_info, dist_info, setopt, rotate
[2.107s] DEBUG:colcon.colcon_core.event_handler.log_command:Invoking command in '/home/d-vinn/ros2_study/src/ros-turtle-control/ros-turtle-control/rospyvenv/lib/python3.10/site-packages/pkg_resources/tests/data/my-test-package-source': PS1=\[\e]0;\u@\h: \w\a\]${debian_chroot:+($debian_chroot)}\[\033[01;32m\]\u@\h\[\033[00m\]:\[\033[01;34m\]\w\[\033[00m\]\$ PYTHONPATH=/home/d-vinn/ros2_study/src/ros-turtle-control/ros-turtle-control/build/my-test-package/prefix_override:/usr/lib/python3/dist-packages/colcon_core/task/python/colcon_distutils_commands:/home/d-vinn/ros2_study/src/ros-turtle-control/ros-turtle-control/install/my-test-package/lib/python3.10/site-packages:${PYTHONPATH} VIRTUAL_ENV_PROMPT=(rospyvenv) /usr/bin/python3 -W ignore:setup.py install is deprecated -W ignore:easy_install command is deprecated setup.py egg_info --egg-base ../../../../../../../../build/my-test-package build --build-base /home/d-vinn/ros2_study/src/ros-turtle-control/ros-turtle-control/build/my-test-package/build install --record /home/d-vinn/ros2_study/src/ros-turtle-control/ros-turtle-control/build/my-test-package/install.log --single-version-externally-managed
[2.359s] DEBUG:colcon.colcon_core.event_handler.log_command:Invoked command in '/home/d-vinn/ros2_study/src/ros-turtle-control/ros-turtle-control/rospyvenv/lib/python3.10/site-packages/pkg_resources/tests/data/my-test-package-source' returned '0': PS1=\[\e]0;\u@\h: \w\a\]${debian_chroot:+($debian_chroot)}\[\033[01;32m\]\u@\h\[\033[00m\]:\[\033[01;34m\]\w\[\033[00m\]\$ PYTHONPATH=/home/d-vinn/ros2_study/src/ros-turtle-control/ros-turtle-control/build/my-test-package/prefix_override:/usr/lib/python3/dist-packages/colcon_core/task/python/colcon_distutils_commands:/home/d-vinn/ros2_study/src/ros-turtle-control/ros-turtle-control/install/my-test-package/lib/python3.10/site-packages:${PYTHONPATH} VIRTUAL_ENV_PROMPT=(rospyvenv) /usr/bin/python3 -W ignore:setup.py install is deprecated -W ignore:easy_install command is deprecated setup.py egg_info --egg-base ../../../../../../../../build/my-test-package build --build-base /home/d-vinn/ros2_study/src/ros-turtle-control/ros-turtle-control/build/my-test-package/build install --record /home/d-vinn/ros2_study/src/ros-turtle-control/ros-turtle-control/build/my-test-package/install.log --single-version-externally-managed
[2.366s] Level 1:colcon.colcon_core.environment:checking '/home/d-vinn/ros2_study/src/ros-turtle-control/ros-turtle-control/install/my-test-package' for CMake module files
[2.366s] Level 1:colcon.colcon_core.environment:checking '/home/d-vinn/ros2_study/src/ros-turtle-control/ros-turtle-control/install/my-test-package' for CMake config files
[2.366s] Level 1:colcon.colcon_core.environment:checking '/home/d-vinn/ros2_study/src/ros-turtle-control/ros-turtle-control/install/my-test-package/lib'
[2.366s] Level 1:colcon.colcon_core.environment:checking '/home/d-vinn/ros2_study/src/ros-turtle-control/ros-turtle-control/install/my-test-package/bin'
[2.367s] Level 1:colcon.colcon_core.environment:checking '/home/d-vinn/ros2_study/src/ros-turtle-control/ros-turtle-control/install/my-test-package/lib/pkgconfig/my-test-package.pc'
[2.367s] Level 1:colcon.colcon_core.environment:checking '/home/d-vinn/ros2_study/src/ros-turtle-control/ros-turtle-control/install/my-test-package/lib/python3.10/site-packages'
[2.367s] Level 1:colcon.colcon_core.shell:create_environment_hook('my-test-package', 'pythonpath')
[2.367s] INFO:colcon.colcon_core.shell:Creating environment hook '/home/d-vinn/ros2_study/src/ros-turtle-control/ros-turtle-control/install/my-test-package/share/my-test-package/hook/pythonpath.ps1'
[2.368s] INFO:colcon.colcon_core.shell:Creating environment descriptor '/home/d-vinn/ros2_study/src/ros-turtle-control/ros-turtle-control/install/my-test-package/share/my-test-package/hook/pythonpath.dsv'
[2.369s] INFO:colcon.colcon_core.shell:Creating environment hook '/home/d-vinn/ros2_study/src/ros-turtle-control/ros-turtle-control/install/my-test-package/share/my-test-package/hook/pythonpath.sh'
[2.370s] Level 1:colcon.colcon_core.environment:checking '/home/d-vinn/ros2_study/src/ros-turtle-control/ros-turtle-control/install/my-test-package/bin'
[2.370s] Level 1:colcon.colcon_core.environment:create_environment_scripts_only(my-test-package)
[2.370s] INFO:colcon.colcon_core.shell:Creating package script '/home/d-vinn/ros2_study/src/ros-turtle-control/ros-turtle-control/install/my-test-package/share/my-test-package/package.ps1'
[2.371s] INFO:colcon.colcon_core.shell:Creating package descriptor '/home/d-vinn/ros2_study/src/ros-turtle-control/ros-turtle-control/install/my-test-package/share/my-test-package/package.dsv'
[2.372s] INFO:colcon.colcon_core.shell:Creating package script '/home/d-vinn/ros2_study/src/ros-turtle-control/ros-turtle-control/install/my-test-package/share/my-test-package/package.sh'
[2.373s] INFO:colcon.colcon_core.shell:Creating package script '/home/d-vinn/ros2_study/src/ros-turtle-control/ros-turtle-control/install/my-test-package/share/my-test-package/package.bash'
[2.374s] INFO:colcon.colcon_core.shell:Creating package script '/home/d-vinn/ros2_study/src/ros-turtle-control/ros-turtle-control/install/my-test-package/share/my-test-package/package.zsh'
[2.375s] Level 1:colcon.colcon_core.environment:create_file_with_runtime_dependencies(/home/d-vinn/ros2_study/src/ros-turtle-control/ros-turtle-control/install/my-test-package/share/colcon-core/packages/my-test-package)
[7.185s] DEBUG:colcon.colcon_core.event_handler.log_command:Invoked command in '/home/d-vinn/ros2_study/src/ros-turtle-control/ros-turtle-control/build/ros_pkg' returned '1': CMAKE_PREFIX_PATH=${CMAKE_PREFIX_PATH}:/home/d-vinn/ros2_study/install/my_first_package:/opt/ros/humble PS1=\[\e]0;\u@\h: \w\a\]${debian_chroot:+($debian_chroot)}\[\033[01;32m\]\u@\h\[\033[00m\]:\[\033[01;34m\]\w\[\033[00m\]\$ VIRTUAL_ENV_PROMPT=(rospyvenv) /usr/bin/cmake /home/d-vinn/ros2_study/src/ros-turtle-control/ros-turtle-control/ros_pkg -DCMAKE_INSTALL_PREFIX=/home/d-vinn/ros2_study/src/ros-turtle-control/ros-turtle-control/install/ros_pkg
[7.193s] Level 1:colcon.colcon_core.environment:create_environment_scripts_only(ros_pkg)
[7.194s] Level 1:colcon.colcon_core.environment:checking '/home/d-vinn/ros2_study/src/ros-turtle-control/ros-turtle-control/install/ros_pkg' for CMake module files
[7.194s] Level 1:colcon.colcon_core.environment:checking '/home/d-vinn/ros2_study/src/ros-turtle-control/ros-turtle-control/install/ros_pkg' for CMake config files
[7.194s] Level 1:colcon.colcon_core.environment:checking '/home/d-vinn/ros2_study/src/ros-turtle-control/ros-turtle-control/install/ros_pkg/bin'
[7.194s] Level 1:colcon.colcon_core.environment:checking '/home/d-vinn/ros2_study/src/ros-turtle-control/ros-turtle-control/install/ros_pkg/lib/pkgconfig/ros_pkg.pc'
[7.194s] Level 1:colcon.colcon_core.environment:checking '/home/d-vinn/ros2_study/src/ros-turtle-control/ros-turtle-control/install/ros_pkg/lib/python3.10/site-packages'
[7.195s] Level 1:colcon.colcon_core.environment:checking '/home/d-vinn/ros2_study/src/ros-turtle-control/ros-turtle-control/install/ros_pkg/bin'
[7.195s] INFO:colcon.colcon_core.shell:Creating package script '/home/d-vinn/ros2_study/src/ros-turtle-control/ros-turtle-control/install/ros_pkg/share/ros_pkg/package.ps1'
[7.196s] INFO:colcon.colcon_core.shell:Creating package descriptor '/home/d-vinn/ros2_study/src/ros-turtle-control/ros-turtle-control/install/ros_pkg/share/ros_pkg/package.dsv'
[7.196s] INFO:colcon.colcon_core.shell:Creating package script '/home/d-vinn/ros2_study/src/ros-turtle-control/ros-turtle-control/install/ros_pkg/share/ros_pkg/package.sh'
[7.197s] INFO:colcon.colcon_core.shell:Creating package script '/home/d-vinn/ros2_study/src/ros-turtle-control/ros-turtle-control/install/ros_pkg/share/ros_pkg/package.bash'
[7.197s] INFO:colcon.colcon_core.shell:Creating package script '/home/d-vinn/ros2_study/src/ros-turtle-control/ros-turtle-control/install/ros_pkg/share/ros_pkg/package.zsh'
[7.197s] Level 1:colcon.colcon_core.environment:create_file_with_runtime_dependencies(/home/d-vinn/ros2_study/src/ros-turtle-control/ros-turtle-control/install/ros_pkg/share/colcon-core/packages/ros_pkg)
[7.207s] DEBUG:colcon.colcon_parallel_executor.executor.parallel:closing loop
[7.208s] DEBUG:colcon.colcon_parallel_executor.executor.parallel:loop closed
[7.208s] DEBUG:colcon.colcon_parallel_executor.executor.parallel:run_until_complete finished with '1'
[7.208s] DEBUG:colcon.colcon_core.event_reactor:joining thread
[7.248s] INFO:colcon.colcon_core.plugin_system:Skipping extension 'colcon_notification.desktop_notification.notify_send': Could not find 'notify-send'
[7.248s] INFO:colcon.colcon_core.plugin_system:Skipping extension 'colcon_notification.desktop_notification.terminal_notifier': Not used on non-Darwin systems
[7.248s] INFO:colcon.colcon_core.plugin_system:Skipping extension 'colcon_notification.desktop_notification.win32': Not used on non-Windows systems
[7.248s] INFO:colcon.colcon_notification.desktop_notification:Sending desktop notification using 'notify2'
[7.249s] DEBUG:colcon.colcon_notification.desktop_notification.notify2:Failed to initialize notify2: org.freedesktop.DBus.Error.FileNotFound: Failed to connect to socket /run/user/1000/bus: No such file or directory
[7.249s] DEBUG:colcon.colcon_core.event_reactor:joined thread
[7.249s] INFO:colcon.colcon_core.shell:Creating prefix script '/home/d-vinn/ros2_study/src/ros-turtle-control/ros-turtle-control/install/local_setup.ps1'
[7.250s] INFO:colcon.colcon_core.shell:Creating prefix util module '/home/d-vinn/ros2_study/src/ros-turtle-control/ros-turtle-control/install/_local_setup_util_ps1.py'
[7.251s] INFO:colcon.colcon_core.shell:Creating prefix chain script '/home/d-vinn/ros2_study/src/ros-turtle-control/ros-turtle-control/install/setup.ps1'
[7.252s] INFO:colcon.colcon_core.shell:Creating prefix script '/home/d-vinn/ros2_study/src/ros-turtle-control/ros-turtle-control/install/local_setup.sh'
[7.253s] INFO:colcon.colcon_core.shell:Creating prefix util module '/home/d-vinn/ros2_study/src/ros-turtle-control/ros-turtle-control/install/_local_setup_util_sh.py'
[7.253s] INFO:colcon.colcon_core.shell:Creating prefix chain script '/home/d-vinn/ros2_study/src/ros-turtle-control/ros-turtle-control/install/setup.sh'
[7.254s] INFO:colcon.colcon_core.shell:Creating prefix script '/home/d-vinn/ros2_study/src/ros-turtle-control/ros-turtle-control/install/local_setup.bash'
[7.255s] INFO:colcon.colcon_core.shell:Creating prefix chain script '/home/d-vinn/ros2_study/src/ros-turtle-control/ros-turtle-control/install/setup.bash'
[7.256s] INFO:colcon.colcon_core.shell:Creating prefix script '/home/d-vinn/ros2_study/src/ros-turtle-control/ros-turtle-control/install/local_setup.zsh'
[7.257s] INFO:colcon.colcon_core.shell:Creating prefix chain script '/home/d-vinn/ros2_study/src/ros-turtle-control/ros-turtle-control/install/setup.zsh'
